ISO-10303-21;
HEADER;
FILE_DESCRIPTION (( 'STEP AP214' ),
    '1' );
FILE_NAME ('AP7361C-33FGE-7.STEP',
    '2023-12-26T17:38:37',
    ( 'LENOVO' ),
    ( '' ),
    'SwSTEP 2.0',
    'SolidWorks 2021',
    '' );
FILE_SCHEMA (( 'AUTOMOTIVE_DESIGN' ));
ENDSEC;

DATA;
#1 = VERTEX_POINT ( 'NONE', #1425 ) ;
#2 = LINE ( 'NONE', #2167, #3085 ) ;
#3 = DIRECTION ( 'NONE',  ( -9.637352644315598694E-16, 0.000000000000000000, -1.000000000000000000 ) ) ;
#4 = DIRECTION ( 'NONE',  ( 1.000000000000000000, 0.000000000000000000, 0.000000000000000000 ) ) ;
#5 = CARTESIAN_POINT ( 'NONE',  ( -1.524999999999999911, 0.04999999999999999584, -0.2000000000000002054 ) ) ;
#6 = ORIENTED_EDGE ( 'NONE', *, *, #1620, .F. ) ;
#7 = LINE ( 'NONE', #2842, #990 ) ;
#8 = DIRECTION ( 'NONE',  ( -0.000000000000000000, -0.000000000000000000, 1.000000000000000000 ) ) ;
#9 = CARTESIAN_POINT ( 'NONE',  ( 1.074999999999999956, 0.04999999999999999584, 0.8499999999999996447 ) ) ;
#10 = ORIENTED_EDGE ( 'NONE', *, *, #1268, .T. ) ;
#11 = AXIS2_PLACEMENT_3D ( 'NONE', #297, #1492, #1289 ) ;
#12 = VECTOR ( 'NONE', #1014, 1000.000000000000000 ) ;
#13 = DIRECTION ( 'NONE',  ( 0.000000000000000000, -0.000000000000000000, -1.000000000000000000 ) ) ;
#14 = UNCERTAINTY_MEASURE_WITH_UNIT (LENGTH_MEASURE( 1.000000000000000082E-05 ), #2700, 'distance_accuracy_value', 'NONE');
#15 = ORIENTED_EDGE ( 'NONE', *, *, #3063, .F. ) ;
#16 = EDGE_CURVE ( 'NONE', #123, #1520, #2629, .T. ) ;
#17 = CARTESIAN_POINT ( 'NONE',  ( -1.074999999999999956, 0.1499999999999999667, 0.8499999999999996447 ) ) ;
#18 = ADVANCED_FACE ( 'NONE', ( #536 ), #1627, .F. ) ;
#19 = VECTOR ( 'NONE', #880, 1000.000000000000000 ) ;
#20 = EDGE_CURVE ( 'NONE', #2016, #2856, #2526, .T. ) ;
#21 = DIRECTION ( 'NONE',  ( 0.000000000000000000, 0.000000000000000000, 1.000000000000000000 ) ) ;
#22 = LINE ( 'NONE', #2291, #3099 ) ;
#23 = EDGE_CURVE ( 'NONE', #3075, #1298, #1585, .T. ) ;
#24 = CARTESIAN_POINT ( 'NONE',  ( 0.000000000000000000, 0.1499999999999999944, 1.300000000000000044 ) ) ;
#25 = CARTESIAN_POINT ( 'NONE',  ( 0.7500000000000000000, 2.854163456597992088, 1.125000000000000222 ) ) ;
#26 = CARTESIAN_POINT ( 'NONE',  ( -1.074999999999999956, 0.1499999999999999667, -0.1999999999999997613 ) ) ;
#27 = VECTOR ( 'NONE', #2919, 1000.000000000000000 ) ;
#28 = DIRECTION ( 'NONE',  ( -1.000000000000000000, 0.000000000000000000, 2.843808977011159309E-16 ) ) ;
#29 = LINE ( 'NONE', #1933, #3103 ) ;
#30 = CARTESIAN_POINT ( 'NONE',  ( -1.074999999999999956, 0.1499999999999999667, 0.8499999999999996447 ) ) ;
#31 = ADVANCED_FACE ( 'NONE', ( #383 ), #1203, .F. ) ;
#32 = LINE ( 'NONE', #1490, #1089 ) ;
#33 = PRESENTATION_LAYER_ASSIGNMENT (  '', '', ( #1292 ) ) ;
#34 = CARTESIAN_POINT ( 'NONE',  ( -1.524999999999999689, 5.513351365237940449, 1.525000000000000577 ) ) ;
#35 = CARTESIAN_POINT ( 'NONE',  ( 1.074999999999999956, 0.000000000000000000, 0.1999999999999996503 ) ) ;
#36 = DIRECTION ( 'NONE',  ( 0.000000000000000000, -1.000000000000000000, 0.000000000000000000 ) ) ;
#37 = FACE_OUTER_BOUND ( 'NONE', #139, .T. ) ;
#38 = DIRECTION ( 'NONE',  ( -0.000000000000000000, -1.000000000000000000, -0.000000000000000000 ) ) ;
#39 = FILL_AREA_STYLE_COLOUR ( '', #386 ) ;
#40 = AXIS2_PLACEMENT_3D ( 'NONE', #1083, #2296, #1236 ) ;
#41 = VECTOR ( 'NONE', #2726, 1000.000000000000000 ) ;
#42 = DIRECTION ( 'NONE',  ( 0.000000000000000000, 0.000000000000000000, -1.000000000000000000 ) ) ;
#43 = CARTESIAN_POINT ( 'NONE',  ( -1.074999999999999956, 0.1499999999999999667, -0.8499999999999997558 ) ) ;
#44 = EDGE_CURVE ( 'NONE', #2521, #2961, #1435, .T. ) ;
#45 = VECTOR ( 'NONE', #2023, 1000.000000000000000 ) ;
#46 = ORIENTED_EDGE ( 'NONE', *, *, #2682, .T. ) ;
#47 = DIRECTION ( 'NONE',  ( 1.000000000000000000, 0.000000000000000000, -0.000000000000000000 ) ) ;
#48 = CARTESIAN_POINT ( 'NONE',  ( 1.074999999999999956, 0.6647815070493501288, -0.1999999999999997613 ) ) ;
#49 = EDGE_CURVE ( 'NONE', #505, #1881, #1446, .T. ) ;
#50 = VECTOR ( 'NONE', #114, 1000.000000000000000 ) ;
#51 = ORIENTED_EDGE ( 'NONE', *, *, #1964, .T. ) ;
#52 = EDGE_CURVE ( 'NONE', #288, #2807, #413, .T. ) ;
#53 = CARTESIAN_POINT ( 'NONE',  ( 0.000000000000000000, 0.05000000000000000278, -0.4500000000000002887 ) ) ;
#54 = CARTESIAN_POINT ( 'NONE',  ( 1.074999999999999956, 0.1499999999999999667, 0.1999999999999996503 ) ) ;
#55 = LINE ( 'NONE', #2780, #2181 ) ;
#56 = ORIENTED_EDGE ( 'NONE', *, *, #3100, .F. ) ;
#57 = CARTESIAN_POINT ( 'NONE',  ( 1.074999999999999956, 0.1499999999999999944, -0.8499999999999997558 ) ) ;
#58 = LINE ( 'NONE', #2485, #1149 ) ;
#59 = ORIENTED_EDGE ( 'NONE', *, *, #2146, .F. ) ;
#60 = ADVANCED_FACE ( 'NONE', ( #420 ), #3129, .F. ) ;
#61 = DIRECTION ( 'NONE',  ( 0.000000000000000000, 0.000000000000000000, 1.000000000000000000 ) ) ;
#62 = AXIS2_PLACEMENT_3D ( 'NONE', #1137, #1583, #348 ) ;
#63 = VECTOR ( 'NONE', #2610, 1000.000000000000000 ) ;
#64 = APPLICATION_PROTOCOL_DEFINITION ( 'draft international standard', 'automotive_design', 1998, #306 ) ;
#65 = VERTEX_POINT ( 'NONE', #231 ) ;
#66 = DIRECTION ( 'NONE',  ( 0.000000000000000000, -1.000000000000000000, 0.000000000000000000 ) ) ;
#67 = DIRECTION ( 'NONE',  ( -0.000000000000000000, -1.000000000000000000, -0.000000000000000000 ) ) ;
#68 = VECTOR ( 'NONE', #797, 1000.000000000000000 ) ;
#69 = MECHANICAL_DESIGN_GEOMETRIC_PRESENTATION_REPRESENTATION (  '', ( #2105 ), #339 ) ;
#70 = ORIENTED_EDGE ( 'NONE', *, *, #1185, .F. ) ;
#71 = FILL_AREA_STYLE ('',( #2723 ) ) ;
#72 = CARTESIAN_POINT ( 'NONE',  ( -1.074999999999999956, 0.000000000000000000, -0.8499999999999997558 ) ) ;
#73 = CARTESIAN_POINT ( 'NONE',  ( 1.524999999999999911, 0.05000000000000000278, -1.525000000000000133 ) ) ;
#74 = CARTESIAN_POINT ( 'NONE',  ( 1.074999999999999956, 0.000000000000000000, -0.4500000000000002887 ) ) ;
#75 = LINE ( 'NONE', #295, #1100 ) ;
#76 = EDGE_CURVE ( 'NONE', #904, #1197, #1473, .T. ) ;
#77 = VERTEX_POINT ( 'NONE', #968 ) ;
#78 = SURFACE_STYLE_USAGE ( .BOTH. , #1070 ) ;
#79 = CARTESIAN_POINT ( 'NONE',  ( -1.174999999999999822, 0.4999999999999998890, -1.175000000000000044 ) ) ;
#80 = DIRECTION ( 'NONE',  ( 0.000000000000000000, -1.000000000000000000, 0.000000000000000000 ) ) ;
#81 = FACE_OUTER_BOUND ( 'NONE', #1783, .T. ) ;
#82 = VERTEX_POINT ( 'NONE', #2405 ) ;
#83 = EDGE_CURVE ( 'NONE', #2847, #2172, #549, .T. ) ;
#84 = CARTESIAN_POINT ( 'NONE',  ( -1.074999999999999956, 0.1499999999999999944, -0.8499999999999997558 ) ) ;
#85 = LINE ( 'NONE', #375, #2154 ) ;
#86 = ORIENTED_EDGE ( 'NONE', *, *, #2309, .F. ) ;
#87 = CARTESIAN_POINT ( 'NONE',  ( -1.074999999999999956, 0.000000000000000000, -0.1999999999999997613 ) ) ;
#88 = ADVANCED_FACE ( 'NONE', ( #649 ), #738, .T. ) ;
#89 = EDGE_CURVE ( 'NONE', #1451, #2903, #579, .T. ) ;
#90 = DIRECTION ( 'NONE',  ( -0.000000000000000000, -0.000000000000000000, 1.000000000000000000 ) ) ;
#91 = FACE_OUTER_BOUND ( 'NONE', #417, .T. ) ;
#92 = ORIENTED_EDGE ( 'NONE', *, *, #2776, .F. ) ;
#93 = DIRECTION ( 'NONE',  ( -0.000000000000000000, 1.000000000000000000, -0.000000000000000000 ) ) ;
#94 = CARTESIAN_POINT ( 'NONE',  ( 1.525000000000000355, 0.5999999999999998668, 1.524999999999999911 ) ) ;
#95 = CARTESIAN_POINT ( 'NONE',  ( 0.000000000000000000, 0.05000000000000000278, 0.1999999999999996503 ) ) ;
#96 = VECTOR ( 'NONE', #2587, 1000.000000000000000 ) ;
#97 = ORIENTED_EDGE ( 'NONE', *, *, #933, .F. ) ;
#98 = DIRECTION ( 'NONE',  ( 0.000000000000000000, 0.000000000000000000, -1.000000000000000000 ) ) ;
#99 = DIRECTION ( 'NONE',  ( 1.000000000000000000, 0.000000000000000000, -0.000000000000000000 ) ) ;
#100 = LINE ( 'NONE', #3098, #2137 ) ;
#101 = VERTEX_POINT ( 'NONE', #759 ) ;
#102 = AXIS2_PLACEMENT_3D ( 'NONE', #1815, #1240, #98 ) ;
#103 = CARTESIAN_POINT ( 'NONE',  ( 1.524999999999999911, 0.05000000000000000278, -1.525000000000000133 ) ) ;
#104 = LINE ( 'NONE', #1098, #124 ) ;
#105 = VERTEX_POINT ( 'NONE', #1395 ) ;
#106 = CARTESIAN_POINT ( 'NONE',  ( 0.000000000000000000, 0.1499999999999999944, 1.949999999999999956 ) ) ;
#107 = DIRECTION ( 'NONE',  ( 0.000000000000000000, 1.000000000000000000, 0.000000000000000000 ) ) ;
#108 = AXIS2_PLACEMENT_3D ( 'NONE', #3080, #723, #221 ) ;
#109 = VECTOR ( 'NONE', #1590, 1000.000000000000000 ) ;
#110 = ORIENTED_EDGE ( 'NONE', *, *, #2776, .T. ) ;
#111 = ADVANCED_FACE ( 'NONE', ( #1730 ), #1013, .F. ) ;
#112 = CARTESIAN_POINT ( 'NONE',  ( 1.524999999999999911, 0.000000000000000000, 0.4499999999999997891 ) ) ;
#113 = CARTESIAN_POINT ( 'NONE',  ( 1.524999999999999911, 0.1499999999999999944, -0.2000000000000002054 ) ) ;
#114 = DIRECTION ( 'NONE',  ( 0.000000000000000000, -1.000000000000000000, 0.000000000000000000 ) ) ;
#115 = EDGE_CURVE ( 'NONE', #1878, #732, #2764, .T. ) ;
#116 = DIRECTION ( 'NONE',  ( 0.000000000000000000, 0.000000000000000000, -1.000000000000000000 ) ) ;
#117 = FACE_OUTER_BOUND ( 'NONE', #1731, .T. ) ;
#118 = VERTEX_POINT ( 'NONE', #1599 ) ;
#119 = DIRECTION ( 'NONE',  ( -1.000000000000000000, 0.000000000000000000, -1.445602896647339656E-16 ) ) ;
#120 = PLANE ( 'NONE',  #2264 ) ;
#121 = EDGE_CURVE ( 'NONE', #2503, #2550, #629, .T. ) ;
#122 = FACE_OUTER_BOUND ( 'NONE', #1798, .T. ) ;
#123 = VERTEX_POINT ( 'NONE', #2865 ) ;
#124 = VECTOR ( 'NONE', #887, 1000.000000000000000 ) ;
#125 = EDGE_CURVE ( 'NONE', #487, #2507, #564, .T. ) ;
#126 = ORIENTED_EDGE ( 'NONE', *, *, #3094, .F. ) ;
#127 = DIRECTION ( 'NONE',  ( 0.000000000000000000, 0.000000000000000000, -1.000000000000000000 ) ) ;
#128 = CARTESIAN_POINT ( 'NONE',  ( -1.524999999999999911, 0.1499999999999999667, 0.1999999999999996503 ) ) ;
#129 =( NAMED_UNIT ( * ) PLANE_ANGLE_UNIT ( ) SI_UNIT ( $, .RADIAN. ) );
#130 = VECTOR ( 'NONE', #499, 1000.000000000000000 ) ;
#131 = EDGE_LOOP ( 'NONE', ( #560, #134, #10, #601 ) ) ;
#132 = CARTESIAN_POINT ( 'NONE',  ( 1.074999999999999956, 0.1499999999999999944, -0.4500000000000002887 ) ) ;
#133 = LINE ( 'NONE', #17, #185 ) ;
#134 = ORIENTED_EDGE ( 'NONE', *, *, #2070, .T. ) ;
#135 = CARTESIAN_POINT ( 'NONE',  ( 1.524999999999999911, 0.1499999999999999944, -0.8500000000000001998 ) ) ;
#136 = CARTESIAN_POINT ( 'NONE',  ( -1.074999999999999956, 0.000000000000000000, 1.100000000000000311 ) ) ;
#137 = AXIS2_PLACEMENT_3D ( 'NONE', #1640, #1876, #1533 ) ;
#138 = DIRECTION ( 'NONE',  ( 1.000000000000000000, 0.000000000000000000, -7.109522442527898271E-17 ) ) ;
#139 = EDGE_LOOP ( 'NONE', ( #465, #2686, #790, #529 ) ) ;
#140 = LINE ( 'NONE', #2454, #174 ) ;
#141 = EDGE_CURVE ( 'NONE', #1505, #1134, #1663, .T. ) ;
#142 = ORIENTED_EDGE ( 'NONE', *, *, #2089, .T. ) ;
#143 = DIRECTION ( 'NONE',  ( 0.000000000000000000, 0.000000000000000000, 1.000000000000000000 ) ) ;
#144 = LINE ( 'NONE', #2297, #1234 ) ;
#145 = ORIENTED_EDGE ( 'NONE', *, *, #3124, .T. ) ;
#146 = EDGE_CURVE ( 'NONE', #1786, #1005, #683, .T. ) ;
#147 = CARTESIAN_POINT ( 'NONE',  ( -1.074999999999999956, 0.1499999999999999944, -0.1999999999999997613 ) ) ;
#148 = DIRECTION ( 'NONE',  ( 0.000000000000000000, 0.000000000000000000, -1.000000000000000000 ) ) ;
#149 = CARTESIAN_POINT ( 'NONE',  ( -1.174999999999999822, 0.5999999999999999778, -1.175000000000000044 ) ) ;
#150 = CARTESIAN_POINT ( 'NONE',  ( -1.524999999999999911, 0.04999999999999999584, -0.8500000000000001998 ) ) ;
#151 = VECTOR ( 'NONE', #2871, 1000.000000000000000 ) ;
#152 = VERTEX_POINT ( 'NONE', #2043 ) ;
#153 = EDGE_CURVE ( 'NONE', #1930, #2611, #2756, .T. ) ;
#154 = CYLINDRICAL_SURFACE ( 'NONE', #1639, 0.2000000000000000944 ) ;
#155 = CARTESIAN_POINT ( 'NONE',  ( 1.074999999999999956, 0.6647815070493501288, 0.1999999999999996503 ) ) ;
#156 = EDGE_LOOP ( 'NONE', ( #1644, #1630, #2716, #2707, #1689 ) ) ;
#157 = EDGE_CURVE ( 'NONE', #2959, #1824, #2720, .T. ) ;
#158 = VECTOR ( 'NONE', #2697, 1000.000000000000000 ) ;
#159 = CARTESIAN_POINT ( 'NONE',  ( -1.524999999999999911, 0.1499999999999999944, -0.2000000000000002054 ) ) ;
#160 = CARTESIAN_POINT ( 'NONE',  ( 1.074999999999999956, 0.1499999999999999667, 0.4500000000000001776 ) ) ;
#161 = FILL_AREA_STYLE_COLOUR ( '', #1915 ) ;
#162 = FACE_OUTER_BOUND ( 'NONE', #2938, .T. ) ;
#163 = AXIS2_PLACEMENT_3D ( 'NONE', #1523, #829, #1819 ) ;
#164 = CARTESIAN_POINT ( 'NONE',  ( 1.074999999999999956, 0.1499999999999999944, -1.100000000000000311 ) ) ;
#165 = DIRECTION ( 'NONE',  ( -0.000000000000000000, -0.000000000000000000, 1.000000000000000000 ) ) ;
#166 = LINE ( 'NONE', #2761, #1223 ) ;
#167 = CARTESIAN_POINT ( 'NONE',  ( 1.074999999999999956, 0.1499999999999999944, 0.1999999999999996503 ) ) ;
#168 = AXIS2_PLACEMENT_3D ( 'NONE', #252, #1035, #1443 ) ;
#169 = CARTESIAN_POINT ( 'NONE',  ( 1.074999999999999956, 0.04999999999999999584, -0.8499999999999997558 ) ) ;
#170 = LINE ( 'NONE', #1073, #274 ) ;
#171 = PLANE ( 'NONE',  #769 ) ;
#172 = ADVANCED_FACE ( 'NONE', ( #2699 ), #251, .T. ) ;
#173 = EDGE_CURVE ( 'NONE', #2257, #2635, #1726, .T. ) ;
#174 = VECTOR ( 'NONE', #116, 1000.000000000000000 ) ;
#175 = DIRECTION ( 'NONE',  ( 0.000000000000000000, -1.000000000000000000, 0.000000000000000000 ) ) ;
#176 = CARTESIAN_POINT ( 'NONE',  ( -1.074999999999999956, 0.1499999999999999944, 0.8499999999999996447 ) ) ;
#177 =( NAMED_UNIT ( * ) PLANE_ANGLE_UNIT ( ) SI_UNIT ( $, .RADIAN. ) );
#178 = EDGE_CURVE ( 'NONE', #2101, #2628, #2658, .T. ) ;
#179 = DIRECTION ( 'NONE',  ( 0.000000000000000000, 0.000000000000000000, -1.000000000000000000 ) ) ;
#180 = LINE ( 'NONE', #1310, #1261 ) ;
#181 = CARTESIAN_POINT ( 'NONE',  ( -1.174999999999999822, 0.4999999999999998890, -1.175000000000000044 ) ) ;
#182 = DIRECTION ( 'NONE',  ( 1.000000000000000000, 0.000000000000000000, -0.000000000000000000 ) ) ;
#183 = DIRECTION ( 'NONE',  ( 1.000000000000000000, 0.000000000000000000, -0.000000000000000000 ) ) ;
#184 = ADVANCED_FACE ( 'NONE', ( #637 ), #2779, .F. ) ;
#185 = VECTOR ( 'NONE', #437, 1000.000000000000000 ) ;
#186 = EDGE_CURVE ( 'NONE', #65, #904, #2712, .T. ) ;
#187 = CARTESIAN_POINT ( 'NONE',  ( 0.000000000000000000, 0.1499999999999999944, 1.949999999999999956 ) ) ;
#188 = EDGE_CURVE ( 'NONE', #2223, #1740, #1656, .T. ) ;
#189 =( NAMED_UNIT ( * ) PLANE_ANGLE_UNIT ( ) SI_UNIT ( $, .RADIAN. ) );
#190 = VECTOR ( 'NONE', #888, 1000.000000000000000 ) ;
#191 = LINE ( 'NONE', #1069, #158 ) ;
#192 = ADVANCED_FACE ( 'NONE', ( #2782 ), #1622, .F. ) ;
#193 = LINE ( 'NONE', #659, #283 ) ;
#194 = DIRECTION ( 'NONE',  ( 1.000000000000000000, 0.000000000000000000, 0.000000000000000000 ) ) ;
#195 = DIRECTION ( 'NONE',  ( -0.000000000000000000, -1.000000000000000000, -0.000000000000000000 ) ) ;
#196 = DIRECTION ( 'NONE',  ( 1.000000000000000000, -0.000000000000000000, 1.445602896647339163E-16 ) ) ;
#197 = VECTOR ( 'NONE', #2851, 1000.000000000000000 ) ;
#198 = AXIS2_PLACEMENT_3D ( 'NONE', #3133, #1937, #456 ) ;
#199 = FACE_OUTER_BOUND ( 'NONE', #753, .T. ) ;
#200 = DIRECTION ( 'NONE',  ( 0.000000000000000000, 0.000000000000000000, -1.000000000000000000 ) ) ;
#201 = PLANE ( 'NONE',  #1587 ) ;
#202 = VECTOR ( 'NONE', #1894, 1000.000000000000000 ) ;
#203 = AXIS2_PLACEMENT_3D ( 'NONE', #2279, #1761, #1784 ) ;
#204 = CARTESIAN_POINT ( 'NONE',  ( -1.524999999999999911, 0.04999999999999999584, 0.4499999999999997891 ) ) ;
#205 = VECTOR ( 'NONE', #2048, 1000.000000000000000 ) ;
#206 = CARTESIAN_POINT ( 'NONE',  ( -0.7499999999999997780, 0.000000000000000000, 1.125000000000000222 ) ) ;
#207 = ADVANCED_FACE ( 'NONE', ( #1713 ), #2065, .F. ) ;
#208 = LINE ( 'NONE', #1943, #2260 ) ;
#209 = DIRECTION ( 'NONE',  ( -7.109522442527898271E-17, 0.000000000000000000, -1.000000000000000000 ) ) ;
#210 = VECTOR ( 'NONE', #2516, 1000.000000000000000 ) ;
#211 = AXIS2_PLACEMENT_3D ( 'NONE', #680, #2421, #2185 ) ;
#212 = DIRECTION ( 'NONE',  ( 0.000000000000000000, -1.000000000000000000, 0.000000000000000000 ) ) ;
#213 = DIRECTION ( 'NONE',  ( -0.000000000000000000, 1.000000000000000000, 0.000000000000000000 ) ) ;
#214 = CARTESIAN_POINT ( 'NONE',  ( -1.074999999999999956, 0.1499999999999999944, 1.100000000000000311 ) ) ;
#215 = EDGE_CURVE ( 'NONE', #1520, #2861, #670, .T. ) ;
#216 = CARTESIAN_POINT ( 'NONE',  ( 0.7500000000000004441, 0.000000000000000000, -1.124999999999999556 ) ) ;
#217 = LINE ( 'NONE', #2806, #190 ) ;
#218 = FACE_OUTER_BOUND ( 'NONE', #489, .T. ) ;
#219 = CARTESIAN_POINT ( 'NONE',  ( 1.524999999999999911, 5.513351365237940449, -1.525000000000000133 ) ) ;
#220 = EDGE_CURVE ( 'NONE', #1673, #828, #618, .T. ) ;
#221 = DIRECTION ( 'NONE',  ( -1.000000000000000000, 0.000000000000000000, 9.637352644315598694E-16 ) ) ;
#222 = VECTOR ( 'NONE', #1555, 1000.000000000000000 ) ;
#223 = CARTESIAN_POINT ( 'NONE',  ( 1.074999999999999956, 0.1499999999999999944, -0.4500000000000002887 ) ) ;
#224 = LINE ( 'NONE', #3018, #247 ) ;
#225 = LINE ( 'NONE', #272, #2280 ) ;
#226 = PLANE ( 'NONE',  #1076 ) ;
#227 = PRESENTATION_STYLE_ASSIGNMENT (( #78 ) ) ;
#228 = ADVANCED_FACE ( 'NONE', ( #1720 ), #2696, .F. ) ;
#229 = FACE_OUTER_BOUND ( 'NONE', #2253, .T. ) ;
#230 = CARTESIAN_POINT ( 'NONE',  ( -1.524999999999999911, 0.1499999999999999944, 0.4499999999999997891 ) ) ;
#231 = CARTESIAN_POINT ( 'NONE',  ( 1.525000000000000355, 0.05000000000000000278, 1.099999999999999645 ) ) ;
#232 = MECHANICAL_DESIGN_GEOMETRIC_PRESENTATION_REPRESENTATION (  '', ( #1632 ), #1420 ) ;
#233 = DIRECTION ( 'NONE',  ( 0.000000000000000000, -0.000000000000000000, 1.000000000000000000 ) ) ;
#234 = CARTESIAN_POINT ( 'NONE',  ( 0.000000000000000000, 0.05000000000000000278, -1.100000000000000311 ) ) ;
#235 = DIRECTION ( 'NONE',  ( -0.000000000000000000, -1.000000000000000000, -0.000000000000000000 ) ) ;
#236 = VECTOR ( 'NONE', #1687, 1000.000000000000000 ) ;
#237 = VECTOR ( 'NONE', #524, 1000.000000000000000 ) ;
#238 = AXIS2_PLACEMENT_3D ( 'NONE', #1262, #4, #2130 ) ;
#239 = CARTESIAN_POINT ( 'NONE',  ( -1.174999999999999822, 0.5999999999999999778, -1.175000000000000044 ) ) ;
#240 = CLOSED_SHELL ( 'NONE', ( #172, #492, #2950, #1459, #2715, #2995 ) ) ;
#241 = DIRECTION ( 'NONE',  ( -0.000000000000000000, 0.000000000000000000, 1.000000000000000000 ) ) ;
#242 = DIRECTION ( 'NONE',  ( 0.000000000000000000, 0.000000000000000000, 1.000000000000000000 ) ) ;
#243 = UNCERTAINTY_MEASURE_WITH_UNIT (LENGTH_MEASURE( 1.000000000000000082E-05 ), #1266, 'distance_accuracy_value', 'NONE');
#244 = EDGE_CURVE ( 'NONE', #1451, #2555, #1614, .T. ) ;
#245 = CARTESIAN_POINT ( 'NONE',  ( 1.524999999999999911, 0.6647815070493501288, 1.099999999999999867 ) ) ;
#246 = ORIENTED_EDGE ( 'NONE', *, *, #89, .T. ) ;
#247 = VECTOR ( 'NONE', #273, 1000.000000000000000 ) ;
#248 = EDGE_CURVE ( 'NONE', #1613, #542, #1671, .T. ) ;
#249 = VERTEX_POINT ( 'NONE', #408 ) ;
#250 = DIRECTION ( 'NONE',  ( -0.000000000000000000, -1.000000000000000000, -0.000000000000000000 ) ) ;
#251 = PLANE ( 'NONE',  #1595 ) ;
#252 = CARTESIAN_POINT ( 'NONE',  ( -1.174999999999999822, 0.07573593128807146191, -1.175000000000000044 ) ) ;
#253 =( NAMED_UNIT ( * ) SI_UNIT ( $, .STERADIAN. ) SOLID_ANGLE_UNIT ( ) );
#254 = EDGE_CURVE ( 'NONE', #2856, #1774, #2687, .T. ) ;
#255 = SURFACE_SIDE_STYLE ('',( #1436 ) ) ;
#256 = EDGE_LOOP ( 'NONE', ( #2083, #1667, #484, #520 ) ) ;
#257 = LINE ( 'NONE', #2617, #2324 ) ;
#258 = CARTESIAN_POINT ( 'NONE',  ( -0.7499999999999994449, 0.5999999999999999778, -1.124999999999999778 ) ) ;
#259 = VECTOR ( 'NONE', #2352, 1000.000000000000000 ) ;
#260 = ORIENTED_EDGE ( 'NONE', *, *, #173, .T. ) ;
#261 = PLANE ( 'NONE',  #432 ) ;
#262 = LINE ( 'NONE', #2757, #205 ) ;
#263 = ADVANCED_BREP_SHAPE_REPRESENTATION ( 'AP7361C-33FGE-7', ( #522, #556, #1113, #2125, #2106, #2219, #710, #2452, #972, #2337, #3003, #3001 ), #3076 ) ;
#264 = DIRECTION ( 'NONE',  ( -0.000000000000000000, -1.000000000000000000, -0.000000000000000000 ) ) ;
#265 = ADVANCED_FACE ( 'NONE', ( #643 ), #2139, .F. ) ;
#266 = ORIENTED_EDGE ( 'NONE', *, *, #2001, .T. ) ;
#267 = SURFACE_STYLE_FILL_AREA ( #1085 ) ;
#268 = VECTOR ( 'NONE', #1274, 1000.000000000000000 ) ;
#269 = AXIS2_PLACEMENT_3D ( 'NONE', #1135, #2512, #929 ) ;
#270 = ORIENTED_EDGE ( 'NONE', *, *, #1708, .F. ) ;
#271 = DIRECTION ( 'NONE',  ( 1.000000000000000000, 0.000000000000000000, -0.000000000000000000 ) ) ;
#272 = CARTESIAN_POINT ( 'NONE',  ( 0.7500000000000004441, 0.1499999999999999667, -1.124999999999999556 ) ) ;
#273 = DIRECTION ( 'NONE',  ( 7.109522442527898271E-17, 0.000000000000000000, 1.000000000000000000 ) ) ;
#274 = VECTOR ( 'NONE', #2302, 1000.000000000000000 ) ;
#275 = DIRECTION ( 'NONE',  ( 0.000000000000000000, -1.000000000000000000, 0.000000000000000000 ) ) ;
#276 = EDGE_LOOP ( 'NONE', ( #1676, #512, #2515, #1516 ) ) ;
#277 = FACE_OUTER_BOUND ( 'NONE', #2843, .T. ) ;
#278 = STYLED_ITEM ( 'NONE', ( #946 ), #972 ) ;
#279 = ADVANCED_FACE ( 'NONE', ( #1690 ), #690, .F. ) ;
#280 = SURFACE_STYLE_FILL_AREA ( #1854 ) ;
#281 = VERTEX_POINT ( 'NONE', #661 ) ;
#282 = CARTESIAN_POINT ( 'NONE',  ( -1.174999999999999822, 0.4999999999999998890, -1.324999999999999956 ) ) ;
#283 = VECTOR ( 'NONE', #2598, 1000.000000000000000 ) ;
#284 = UNCERTAINTY_MEASURE_WITH_UNIT (LENGTH_MEASURE( 1.000000000000000082E-05 ), #1091, 'distance_accuracy_value', 'NONE');
#285 = EDGE_CURVE ( 'NONE', #1740, #1746, #587, .T. ) ;
#286 = LINE ( 'NONE', #741, #1342 ) ;
#287 = DIRECTION ( 'NONE',  ( -0.000000000000000000, -0.000000000000000000, 1.000000000000000000 ) ) ;
#288 = VERTEX_POINT ( 'NONE', #926 ) ;
#289 = EDGE_CURVE ( 'NONE', #743, #714, #2794, .T. ) ;
#290 = LINE ( 'NONE', #718, #1303 ) ;
#291 = ORIENTED_EDGE ( 'NONE', *, *, #2468, .T. ) ;
#292 = LINE ( 'NONE', #2229, #1343 ) ;
#293 = CARTESIAN_POINT ( 'NONE',  ( 1.074999999999999956, 0.1499999999999999944, 0.4500000000000001776 ) ) ;
#294 = DIRECTION ( 'NONE',  ( -1.421904488505579654E-16, -0.000000000000000000, -1.000000000000000000 ) ) ;
#295 = CARTESIAN_POINT ( 'NONE',  ( -1.524999999999999911, 0.000000000000000000, 0.4499999999999997891 ) ) ;
#296 = EDGE_CURVE ( 'NONE', #2766, #802, #2775, .T. ) ;
#297 = CARTESIAN_POINT ( 'NONE',  ( 1.524999999999999911, 0.6647815070493501288, -0.2000000000000002054 ) ) ;
#298 = FACE_OUTER_BOUND ( 'NONE', #2156, .T. ) ;
#299 = DIRECTION ( 'NONE',  ( 0.000000000000000000, -1.000000000000000000, 0.000000000000000000 ) ) ;
#300 = CIRCLE ( 'NONE', #2909, 0.2000000000000000944 ) ;
#301 = DIRECTION ( 'NONE',  ( 0.000000000000000000, 0.000000000000000000, -1.000000000000000000 ) ) ;
#302 = VECTOR ( 'NONE', #2784, 1000.000000000000000 ) ;
#303 = DIRECTION ( 'NONE',  ( 1.000000000000000000, 0.000000000000000000, -9.637352644315598694E-16 ) ) ;
#304 = LINE ( 'NONE', #2834, #359 ) ;
#305 = PRESENTATION_LAYER_ASSIGNMENT (  '', '', ( #1632 ) ) ;
#306 = APPLICATION_CONTEXT ( 'automotive_design' ) ;
#307 = CARTESIAN_POINT ( 'NONE',  ( -1.074999999999999956, 0.6647815070493501288, -0.1999999999999997613 ) ) ;
#308 = CARTESIAN_POINT ( 'NONE',  ( 1.074999999999999956, 0.1499999999999999944, 1.100000000000000311 ) ) ;
#309 = FACE_OUTER_BOUND ( 'NONE', #276, .T. ) ;
#310 = DIRECTION ( 'NONE',  ( 0.000000000000000000, 0.000000000000000000, -1.000000000000000000 ) ) ;
#311 = AXIS2_PLACEMENT_3D ( 'NONE', #616, #80, #301 ) ;
#312 = CIRCLE ( 'NONE', #2366, 0.1499999999999999667 ) ;
#313 = LINE ( 'NONE', #562, #1365 ) ;
#314 = PLANE ( 'NONE',  #1539 ) ;
#315 = DIRECTION ( 'NONE',  ( -0.000000000000000000, 1.000000000000000000, 0.000000000000000000 ) ) ;
#316 = MECHANICAL_DESIGN_GEOMETRIC_PRESENTATION_REPRESENTATION (  '', ( #2768 ), #369 ) ;
#317 = PLANE ( 'NONE',  #102 ) ;
#318 = PRESENTATION_STYLE_ASSIGNMENT (( #2293 ) ) ;
#319 = CARTESIAN_POINT ( 'NONE',  ( 0.7500000000000000000, 2.854163456597992088, 1.125000000000000222 ) ) ;
#320 = VECTOR ( 'NONE', #507, 1000.000000000000000 ) ;
#321 = CYLINDRICAL_SURFACE ( 'NONE', #1042, 0.1499999999999999667 ) ;
#322 = EDGE_CURVE ( 'NONE', #736, #1197, #2769, .T. ) ;
#323 = DIRECTION ( 'NONE',  ( 0.000000000000000000, 0.000000000000000000, -1.000000000000000000 ) ) ;
#324 = LINE ( 'NONE', #979, #2417 ) ;
#325 = CARTESIAN_POINT ( 'NONE',  ( 1.524999999999999911, 0.6647815070493501288, 0.1999999999999996503 ) ) ;
#326 = EDGE_CURVE ( 'NONE', #1992, #2588, #1649, .T. ) ;
#327 = VECTOR ( 'NONE', #1276, 1000.000000000000000 ) ;
#328 = EDGE_CURVE ( 'NONE', #714, #2632, #2706, .T. ) ;
#329 = DIRECTION ( 'NONE',  ( 1.000000000000000000, -0.000000000000000000, 9.637352644315598694E-16 ) ) ;
#330 = LINE ( 'NONE', #2376, #1399 ) ;
#331 = CARTESIAN_POINT ( 'NONE',  ( -1.524999999999999911, 0.1499999999999999667, -0.2000000000000002054 ) ) ;
#332 = DIRECTION ( 'NONE',  ( 0.000000000000000000, 0.000000000000000000, -1.000000000000000000 ) ) ;
#333 = EDGE_CURVE ( 'NONE', #1134, #1597, #2650, .T. ) ;
#334 = CARTESIAN_POINT ( 'NONE',  ( 1.074999999999999956, 0.6647815070493501288, 0.1999999999999996503 ) ) ;
#335 = CARTESIAN_POINT ( 'NONE',  ( 1.074999999999999956, 0.6647815070493501288, 0.8499999999999996447 ) ) ;
#336 = DIRECTION ( 'NONE',  ( 0.000000000000000000, 0.000000000000000000, 1.000000000000000000 ) ) ;
#337 = LINE ( 'NONE', #1273, #1429 ) ;
#338 = ADVANCED_FACE ( 'NONE', ( #593 ), #711, .T. ) ;
#339 =( GEOMETRIC_REPRESENTATION_CONTEXT ( 3 ) GLOBAL_UNCERTAINTY_ASSIGNED_CONTEXT ( ( #2077 ) ) GLOBAL_UNIT_ASSIGNED_CONTEXT ( ( #3010, #2527, #2826 ) ) REPRESENTATION_CONTEXT ( 'NONE', 'WORKASPACE' ) );
#340 = LINE ( 'NONE', #1088, #1391 ) ;
#341 = DIRECTION ( 'NONE',  ( 1.000000000000000000, 0.000000000000000000, -0.000000000000000000 ) ) ;
#342 = FACE_OUTER_BOUND ( 'NONE', #841, .T. ) ;
#343 = PRESENTATION_LAYER_ASSIGNMENT (  '', '', ( #2880 ) ) ;
#344 = CARTESIAN_POINT ( 'NONE',  ( -1.524999999999999911, 0.1499999999999999944, -0.4500000000000002887 ) ) ;
#345 = VECTOR ( 'NONE', #2142, 1000.000000000000000 ) ;
#346 = EDGE_CURVE ( 'NONE', #2550, #746, #1642, .T. ) ;
#347 = CARTESIAN_POINT ( 'NONE',  ( 1.074999999999999956, 0.1499999999999999944, 0.4500000000000001776 ) ) ;
#348 = DIRECTION ( 'NONE',  ( 0.000000000000000000, -0.000000000000000000, 1.000000000000000000 ) ) ;
#349 = DIRECTION ( 'NONE',  ( 7.109522442527898271E-17, 0.000000000000000000, 1.000000000000000000 ) ) ;
#350 = LINE ( 'NONE', #439, #2449 ) ;
#351 =( LENGTH_UNIT ( ) NAMED_UNIT ( * ) SI_UNIT ( .MILLI., .METRE. ) );
#352 = EDGE_CURVE ( 'NONE', #2856, #65, #2863, .T. ) ;
#353 = DIRECTION ( 'NONE',  ( -1.000000000000000000, 0.000000000000000000, 0.000000000000000000 ) ) ;
#354 = LINE ( 'NONE', #2685, #357 ) ;
#355 = EDGE_CURVE ( 'NONE', #1881, #2370, #1813, .T. ) ;
#356 = CARTESIAN_POINT ( 'NONE',  ( -1.074999999999999956, 0.6647815070493501288, 0.8499999999999996447 ) ) ;
#357 = VECTOR ( 'NONE', #2031, 1000.000000000000000 ) ;
#358 = DIRECTION ( 'NONE',  ( 0.000000000000000000, 0.000000000000000000, -1.000000000000000000 ) ) ;
#359 = VECTOR ( 'NONE', #2358, 1000.000000000000000 ) ;
#360 = CARTESIAN_POINT ( 'NONE',  ( 0.7500000000000000000, 2.854163456597992088, 1.125000000000000222 ) ) ;
#361 = DIRECTION ( 'NONE',  ( 0.000000000000000000, 0.000000000000000000, 1.000000000000000000 ) ) ;
#362 = DIRECTION ( 'NONE',  ( 1.000000000000000000, 0.000000000000000000, -9.637352644315598694E-16 ) ) ;
#363 = PLANE ( 'NONE',  #622 ) ;
#364 = VECTOR ( 'NONE', #3058, 1000.000000000000000 ) ;
#365 = AXIS2_PLACEMENT_3D ( 'NONE', #84, #1229, #241 ) ;
#366 = CARTESIAN_POINT ( 'NONE',  ( -1.524999999999999911, 5.513351365237940449, -1.524999999999999245 ) ) ;
#367 = VECTOR ( 'NONE', #1260, 1000.000000000000000 ) ;
#368 = ADVANCED_FACE ( 'NONE', ( #1766 ), #3108, .T. ) ;
#369 =( GEOMETRIC_REPRESENTATION_CONTEXT ( 3 ) GLOBAL_UNCERTAINTY_ASSIGNED_CONTEXT ( ( #3116 ) ) GLOBAL_UNIT_ASSIGNED_CONTEXT ( ( #2332, #1329, #2601 ) ) REPRESENTATION_CONTEXT ( 'NONE', 'WORKASPACE' ) );
#370 = CARTESIAN_POINT ( 'NONE',  ( -1.074999999999999956, 0.1499999999999999944, 0.1999999999999996503 ) ) ;
#371 = LINE ( 'NONE', #1897, #1392 ) ;
#372 = CARTESIAN_POINT ( 'NONE',  ( 0.000000000000000000, 0.05000000000000000278, 0.8499999999999996447 ) ) ;
#373 = EDGE_CURVE ( 'NONE', #404, #457, #1826, .T. ) ;
#374 = LINE ( 'NONE', #2155, #1348 ) ;
#375 = CARTESIAN_POINT ( 'NONE',  ( 1.524999999999999911, 0.1499999999999999667, 1.099999999999999867 ) ) ;
#376 = DIRECTION ( 'NONE',  ( 0.000000000000000000, -1.000000000000000000, 0.000000000000000000 ) ) ;
#377 = EDGE_CURVE ( 'NONE', #1005, #1451, #1849, .T. ) ;
#378 = LINE ( 'NONE', #1335, #2443 ) ;
#379 = CARTESIAN_POINT ( 'NONE',  ( -1.074999999999999956, 0.04999999999999999584, -0.8499999999999997558 ) ) ;
#380 = VERTEX_POINT ( 'NONE', #2345 ) ;
#381 = FACE_OUTER_BOUND ( 'NONE', #883, .T. ) ;
#382 = EDGE_CURVE ( 'NONE', #1802, #2533, #812, .T. ) ;
#383 = FACE_OUTER_BOUND ( 'NONE', #1817, .T. ) ;
#384 = DIRECTION ( 'NONE',  ( -1.000000000000000000, 0.000000000000000000, 2.132856732758369605E-16 ) ) ;
#385 = DIRECTION ( 'NONE',  ( -1.000000000000000000, 0.000000000000000000, 0.000000000000000000 ) ) ;
#386 = COLOUR_RGB ( '',0.2509803921568627416, 0.2509803921568627416, 0.2509803921568627416 ) ;
#387 = ORIENTED_EDGE ( 'NONE', *, *, #326, .F. ) ;
#388 = ORIENTED_EDGE ( 'NONE', *, *, #1316, .F. ) ;
#389 = DIRECTION ( 'NONE',  ( 1.000000000000000000, 0.000000000000000000, 0.000000000000000000 ) ) ;
#390 = CARTESIAN_POINT ( 'NONE',  ( 1.524999999999999911, 0.1499999999999999944, -0.4500000000000002887 ) ) ;
#391 = ORIENTED_EDGE ( 'NONE', *, *, #1439, .T. ) ;
#392 = AXIS2_PLACEMENT_3D ( 'NONE', #1856, #2320, #825 ) ;
#393 = DIRECTION ( 'NONE',  ( 1.445602896647339410E-16, 0.000000000000000000, -1.000000000000000000 ) ) ;
#394 = ORIENTED_EDGE ( 'NONE', *, *, #866, .T. ) ;
#395 = CARTESIAN_POINT ( 'NONE',  ( -1.074999999999999956, 0.6647815070493501288, 1.100000000000000311 ) ) ;
#396 = ORIENTED_EDGE ( 'NONE', *, *, #866, .F. ) ;
#397 = VECTOR ( 'NONE', #275, 1000.000000000000000 ) ;
#398 = AXIS2_PLACEMENT_3D ( 'NONE', #1907, #2669, #2941 ) ;
#399 = ORIENTED_EDGE ( 'NONE', *, *, #651, .T. ) ;
#400 = ADVANCED_FACE ( 'NONE', ( #747 ), #758, .F. ) ;
#401 = ORIENTED_EDGE ( 'NONE', *, *, #857, .T. ) ;
#402 = CARTESIAN_POINT ( 'NONE',  ( -1.074999999999999956, 0.000000000000000000, -0.4500000000000002887 ) ) ;
#403 = DIRECTION ( 'NONE',  ( 0.000000000000000000, -0.000000000000000000, 1.000000000000000000 ) ) ;
#404 = VERTEX_POINT ( 'NONE', #2668 ) ;
#405 = EDGE_CURVE ( 'NONE', #2796, #101, #772, .T. ) ;
#406 = VECTOR ( 'NONE', #654, 1000.000000000000000 ) ;
#407 = DIRECTION ( 'NONE',  ( -0.000000000000000000, 1.000000000000000000, -0.000000000000000000 ) ) ;
#408 = CARTESIAN_POINT ( 'NONE',  ( -1.074999999999999956, 0.04999999999999999584, -1.100000000000000311 ) ) ;
#409 = ORIENTED_EDGE ( 'NONE', *, *, #2089, .F. ) ;
#410 = DIRECTION ( 'NONE',  ( 0.000000000000000000, -0.000000000000000000, 1.000000000000000000 ) ) ;
#411 = EDGE_CURVE ( 'NONE', #2961, #1613, #2808, .T. ) ;
#412 = CARTESIAN_POINT ( 'NONE',  ( 1.524999999999999911, 0.000000000000000000, -0.4500000000000002887 ) ) ;
#413 = LINE ( 'NONE', #2879, #2538 ) ;
#414 = EDGE_CURVE ( 'NONE', #2261, #2676, #799, .T. ) ;
#415 = DIRECTION ( 'NONE',  ( 0.000000000000000000, 0.000000000000000000, 1.000000000000000000 ) ) ;
#416 = CARTESIAN_POINT ( 'NONE',  ( 1.074999999999999956, 0.04999999999999999584, 0.4500000000000001776 ) ) ;
#417 = EDGE_LOOP ( 'NONE', ( #2735, #2694, #1045, #2758 ) ) ;
#418 = PLANE ( 'NONE',  #486 ) ;
#419 = EDGE_CURVE ( 'NONE', #1719, #481, #2897, .T. ) ;
#420 = FACE_OUTER_BOUND ( 'NONE', #2566, .T. ) ;
#421 = VECTOR ( 'NONE', #2231, 1000.000000000000000 ) ;
#422 = ORIENTED_EDGE ( 'NONE', *, *, #1144, .T. ) ;
#423 = ORIENTED_EDGE ( 'NONE', *, *, #333, .F. ) ;
#424 = CARTESIAN_POINT ( 'NONE',  ( -0.7499999999999997780, 2.854163456597992088, 1.125000000000000222 ) ) ;
#425 = DIRECTION ( 'NONE',  ( 0.000000000000000000, -1.000000000000000000, 0.000000000000000000 ) ) ;
#426 = DIRECTION ( 'NONE',  ( 1.927470528863119542E-16, 0.000000000000000000, -1.000000000000000000 ) ) ;
#427 = LINE ( 'NONE', #2006, #421 ) ;
#428 = ORIENTED_EDGE ( 'NONE', *, *, #1750, .T. ) ;
#429 = DIRECTION ( 'NONE',  ( -1.000000000000000000, 0.000000000000000000, 9.637352644315598694E-16 ) ) ;
#430 = CARTESIAN_POINT ( 'NONE',  ( 1.074999999999999956, 0.000000000000000000, 0.4500000000000001776 ) ) ;
#431 = ADVANCED_FACE ( 'NONE', ( #792 ), #1360, .F. ) ;
#432 = AXIS2_PLACEMENT_3D ( 'NONE', #1043, #1245, #2460 ) ;
#433 = VECTOR ( 'NONE', #2385, 1000.000000000000000 ) ;
#434 = CIRCLE ( 'NONE', #1198, 0.1499999999999999667 ) ;
#435 = DIRECTION ( 'NONE',  ( -1.000000000000000000, 0.000000000000000000, 1.421904488505579654E-16 ) ) ;
#436 = ORIENTED_EDGE ( 'NONE', *, *, #1105, .T. ) ;
#437 = DIRECTION ( 'NONE',  ( 1.000000000000000000, 0.000000000000000000, 0.000000000000000000 ) ) ;
#438 =( GEOMETRIC_REPRESENTATION_CONTEXT ( 3 ) GLOBAL_UNCERTAINTY_ASSIGNED_CONTEXT ( ( #1331 ) ) GLOBAL_UNIT_ASSIGNED_CONTEXT ( ( #2630, #2982, #1780 ) ) REPRESENTATION_CONTEXT ( 'NONE', 'WORKASPACE' ) );
#439 = CARTESIAN_POINT ( 'NONE',  ( 1.074999999999999956, 0.05000000000000000278, 0.000000000000000000 ) ) ;
#440 = ORIENTED_EDGE ( 'NONE', *, *, #2504, .F. ) ;
#441 = LINE ( 'NONE', #2301, #1531 ) ;
#442 = CARTESIAN_POINT ( 'NONE',  ( -1.524999999999999911, 0.6647815070493501288, -0.2000000000000002054 ) ) ;
#443 = EDGE_LOOP ( 'NONE', ( #580, #612, #2767, #2090 ) ) ;
#444 = CARTESIAN_POINT ( 'NONE',  ( -1.524999999999999911, 0.1499999999999999944, 0.1999999999999996503 ) ) ;
#445 = VERTEX_POINT ( 'NONE', #1906 ) ;
#446 = AXIS2_PLACEMENT_3D ( 'NONE', #307, #1806, #1321 ) ;
#447 = LINE ( 'NONE', #1336, #1509 ) ;
#448 = VERTEX_POINT ( 'NONE', #2148 ) ;
#449 = ORIENTED_EDGE ( 'NONE', *, *, #697, .F. ) ;
#450 = DIRECTION ( 'NONE',  ( -0.000000000000000000, -0.000000000000000000, 1.000000000000000000 ) ) ;
#451 = DIRECTION ( 'NONE',  ( -0.000000000000000000, 1.000000000000000000, 0.000000000000000000 ) ) ;
#452 = EDGE_CURVE ( 'NONE', #2861, #2807, #806, .T. ) ;
#453 = LINE ( 'NONE', #57, #397 ) ;
#454 = CARTESIAN_POINT ( 'NONE',  ( -1.074999999999999956, 0.1499999999999999667, -1.100000000000000311 ) ) ;
#455 = VERTEX_POINT ( 'NONE', #1736 ) ;
#456 = DIRECTION ( 'NONE',  ( -1.000000000000000000, 0.000000000000000000, -9.637352644315598694E-16 ) ) ;
#457 = VERTEX_POINT ( 'NONE', #3035 ) ;
#458 = EDGE_LOOP ( 'NONE', ( #2652, #1601, #566, #470 ) ) ;
#459 = VECTOR ( 'NONE', #1120, 1000.000000000000000 ) ;
#460 = EDGE_CURVE ( 'NONE', #2961, #105, #731, .T. ) ;
#461 = ORIENTED_EDGE ( 'NONE', *, *, #2169, .F. ) ;
#462 = CARTESIAN_POINT ( 'NONE',  ( 1.074999999999999956, 0.1499999999999999944, -0.1999999999999997613 ) ) ;
#463 = PLANE ( 'NONE',  #2453 ) ;
#464 = ORIENTED_EDGE ( 'NONE', *, *, #1762, .F. ) ;
#465 = ORIENTED_EDGE ( 'NONE', *, *, #248, .T. ) ;
#466 = LINE ( 'NONE', #503, #1440 ) ;
#467 = ORIENTED_EDGE ( 'NONE', *, *, #902, .F. ) ;
#468 = PRODUCT_DEFINITION_CONTEXT ( 'detailed design', #2446, 'design' ) ;
#469 = VERTEX_POINT ( 'NONE', #2964 ) ;
#470 = ORIENTED_EDGE ( 'NONE', *, *, #3024, .T. ) ;
#471 = LINE ( 'NONE', #2946, #1497 ) ;
#472 = ORIENTED_EDGE ( 'NONE', *, *, #23, .T. ) ;
#473 = ADVANCED_FACE ( 'NONE', ( #1821 ), #1764, .T. ) ;
#474 = VERTEX_POINT ( 'NONE', #112 ) ;
#475 = CARTESIAN_POINT ( 'NONE',  ( 1.074999999999999956, 0.1499999999999999944, -1.100000000000000311 ) ) ;
#476 = DIRECTION ( 'NONE',  ( 1.000000000000000000, -0.000000000000000000, 9.637352644315598694E-16 ) ) ;
#477 = PLANE ( 'NONE',  #2492 ) ;
#478 = ORIENTED_EDGE ( 'NONE', *, *, #851, .T. ) ;
#479 = AXIS2_PLACEMENT_3D ( 'NONE', #2993, #765, #2944 ) ;
#480 = CARTESIAN_POINT ( 'NONE',  ( 1.524999999999999911, 0.05000000000000000278, -1.525000000000000133 ) ) ;
#481 = VERTEX_POINT ( 'NONE', #2002 ) ;
#482 = PLANE ( 'NONE',  #11 ) ;
#483 = CARTESIAN_POINT ( 'NONE',  ( 0.000000000000000000, 0.000000000000000000, 1.949999999999999956 ) ) ;
#484 = ORIENTED_EDGE ( 'NONE', *, *, #296, .T. ) ;
#485 = VECTOR ( 'NONE', #393, 1000.000000000000000 ) ;
#486 = AXIS2_PLACEMENT_3D ( 'NONE', #1563, #1540, #1838 ) ;
#487 = VERTEX_POINT ( 'NONE', #331 ) ;
#488 = CARTESIAN_POINT ( 'NONE',  ( -0.7499999999999994449, 0.05000000000000000278, -0.9249999999999997113 ) ) ;
#489 = EDGE_LOOP ( 'NONE', ( #423, #2493, #394, #2522 ) ) ;
#490 = EDGE_LOOP ( 'NONE', ( #3109, #1609, #2202, #2660 ) ) ;
#491 = EDGE_CURVE ( 'NONE', #2550, #1561, #1757, .T. ) ;
#492 = ADVANCED_FACE ( 'NONE', ( #2873 ), #2752, .F. ) ;
#493 = PLANE ( 'NONE',  #1208 ) ;
#494 = DIRECTION ( 'NONE',  ( 0.000000000000000000, 0.000000000000000000, -1.000000000000000000 ) ) ;
#495 = ORIENTED_EDGE ( 'NONE', *, *, #975, .T. ) ;
#496 = ORIENTED_EDGE ( 'NONE', *, *, #1611, .T. ) ;
#497 = EDGE_CURVE ( 'NONE', #2771, #586, #2876, .T. ) ;
#498 = ORIENTED_EDGE ( 'NONE', *, *, #1551, .F. ) ;
#499 = DIRECTION ( 'NONE',  ( 1.000000000000000000, 0.000000000000000000, 0.000000000000000000 ) ) ;
#500 = ORIENTED_EDGE ( 'NONE', *, *, #23, .F. ) ;
#501 = DIRECTION ( 'NONE',  ( 0.000000000000000000, 0.000000000000000000, -1.000000000000000000 ) ) ;
#502 = EDGE_CURVE ( 'NONE', #1, #101, #1790, .T. ) ;
#503 = CARTESIAN_POINT ( 'NONE',  ( 1.524999999999999911, 0.1499999999999999944, -0.8500000000000001998 ) ) ;
#504 = CARTESIAN_POINT ( 'NONE',  ( 4.336808689942031048E-16, 0.05000000000000000278, 0.4500000000000012323 ) ) ;
#505 = VERTEX_POINT ( 'NONE', #2450 ) ;
#506 = ORIENTED_EDGE ( 'NONE', *, *, #902, .T. ) ;
#507 = DIRECTION ( 'NONE',  ( -0.000000000000000000, -1.000000000000000000, -0.000000000000000000 ) ) ;
#508 = EDGE_LOOP ( 'NONE', ( #1166, #3043, #246, #1828 ) ) ;
#509 = ORIENTED_EDGE ( 'NONE', *, *, #1666, .T. ) ;
#510 =( NAMED_UNIT ( * ) SI_UNIT ( $, .STERADIAN. ) SOLID_ANGLE_UNIT ( ) );
#511 = DIRECTION ( 'NONE',  ( 0.000000000000000000, -1.000000000000000000, 0.000000000000000000 ) ) ;
#512 = ORIENTED_EDGE ( 'NONE', *, *, #173, .F. ) ;
#513 = ORIENTED_EDGE ( 'NONE', *, *, #1434, .T. ) ;
#514 = CARTESIAN_POINT ( 'NONE',  ( 1.074999999999999956, 0.000000000000000000, 1.100000000000000311 ) ) ;
#515 = ORIENTED_EDGE ( 'NONE', *, *, #52, .F. ) ;
#516 =( GEOMETRIC_REPRESENTATION_CONTEXT ( 3 ) GLOBAL_UNCERTAINTY_ASSIGNED_CONTEXT ( ( #1544 ) ) GLOBAL_UNIT_ASSIGNED_CONTEXT ( ( #1771, #1038, #1449 ) ) REPRESENTATION_CONTEXT ( 'NONE', 'WORKASPACE' ) );
#517 = DIRECTION ( 'NONE',  ( -0.000000000000000000, -1.000000000000000000, -0.000000000000000000 ) ) ;
#518 = DIRECTION ( 'NONE',  ( -1.000000000000000000, -0.000000000000000000, -0.000000000000000000 ) ) ;
#519 = ORIENTED_EDGE ( 'NONE', *, *, #3008, .F. ) ;
#520 = ORIENTED_EDGE ( 'NONE', *, *, #2534, .T. ) ;
#521 = CARTESIAN_POINT ( 'NONE',  ( 1.074999999999999956, 0.1499999999999999667, 0.4500000000000001776 ) ) ;
#522 = MANIFOLD_SOLID_BREP ( 'Boss-Extrude2[1]', #809 ) ;
#523 = ORIENTED_EDGE ( 'NONE', *, *, #2591, .T. ) ;
#524 = DIRECTION ( 'NONE',  ( -1.000000000000000000, 0.000000000000000000, -9.637352644315598694E-16 ) ) ;
#525 = PLANE ( 'NONE',  #1979 ) ;
#526 = AXIS2_PLACEMENT_3D ( 'NONE', #2509, #1267, #1788 ) ;
#527 = CARTESIAN_POINT ( 'NONE',  ( -1.074999999999999956, 0.1499999999999999944, 0.4500000000000001776 ) ) ;
#528 = ORIENTED_EDGE ( 'NONE', *, *, #823, .T. ) ;
#529 = ORIENTED_EDGE ( 'NONE', *, *, #411, .T. ) ;
#530 = VERTEX_POINT ( 'NONE', #2869 ) ;
#531 = ORIENTED_EDGE ( 'NONE', *, *, #2274, .T. ) ;
#532 = ADVANCED_FACE ( 'NONE', ( #2800 ), #1384, .T. ) ;
#533 = CARTESIAN_POINT ( 'NONE',  ( 1.524999999999999911, 0.5999999999999998668, -1.525000000000000133 ) ) ;
#534 = ORIENTED_EDGE ( 'NONE', *, *, #2314, .F. ) ;
#535 = EDGE_CURVE ( 'NONE', #794, #2261, #2883, .T. ) ;
#536 = FACE_OUTER_BOUND ( 'NONE', #1507, .T. ) ;
#537 = EDGE_LOOP ( 'NONE', ( #1526, #570, #678, #720 ) ) ;
#538 = ORIENTED_EDGE ( 'NONE', *, *, #1275, .T. ) ;
#539 = PLANE ( 'NONE',  #446 ) ;
#540 = CARTESIAN_POINT ( 'NONE',  ( 1.074999999999999956, 0.1499999999999999944, 0.8499999999999996447 ) ) ;
#541 = ORIENTED_EDGE ( 'NONE', *, *, #1151, .F. ) ;
#542 = VERTEX_POINT ( 'NONE', #2353 ) ;
#543 = EDGE_CURVE ( 'NONE', #542, #1193, #2817, .T. ) ;
#544 = ORIENTED_EDGE ( 'NONE', *, *, #1558, .T. ) ;
#545 = CARTESIAN_POINT ( 'NONE',  ( -1.074999999999999956, 0.1499999999999999944, 0.4500000000000001776 ) ) ;
#546 = ORIENTED_EDGE ( 'NONE', *, *, #2475, .F. ) ;
#547 = CARTESIAN_POINT ( 'NONE',  ( -1.524999999999999911, 0.1499999999999999667, 0.4499999999999997891 ) ) ;
#548 = ORIENTED_EDGE ( 'NONE', *, *, #352, .F. ) ;
#549 = LINE ( 'NONE', #920, #2664 ) ;
#550 = ORIENTED_EDGE ( 'NONE', *, *, #373, .T. ) ;
#551 = DIRECTION ( 'NONE',  ( 0.000000000000000000, 0.000000000000000000, 1.000000000000000000 ) ) ;
#552 = ORIENTED_EDGE ( 'NONE', *, *, #1017, .F. ) ;
#553 = DIRECTION ( 'NONE',  ( 0.000000000000000000, -1.000000000000000000, 0.000000000000000000 ) ) ;
#554 = CARTESIAN_POINT ( 'NONE',  ( 0.7500000000000000000, 2.854163456597992088, 1.125000000000000222 ) ) ;
#555 = CARTESIAN_POINT ( 'NONE',  ( 0.000000000000000000, 0.1499999999999999944, 0.000000000000000000 ) ) ;
#556 = MANIFOLD_SOLID_BREP ( 'Boss-Extrude2[2]', #240 ) ;
#557 = EDGE_LOOP ( 'NONE', ( #2760, #1725, #617, #2819 ) ) ;
#558 = VECTOR ( 'NONE', #148, 1000.000000000000000 ) ;
#559 = ORIENTED_EDGE ( 'NONE', *, *, #502, .F. ) ;
#560 = ORIENTED_EDGE ( 'NONE', *, *, #742, .F. ) ;
#561 = DIRECTION ( 'NONE',  ( 0.000000000000000000, 1.000000000000000000, 0.000000000000000000 ) ) ;
#562 = CARTESIAN_POINT ( 'NONE',  ( 1.074999999999999956, 0.1499999999999999944, -0.1999999999999997613 ) ) ;
#563 = ORIENTED_EDGE ( 'NONE', *, *, #1558, .F. ) ;
#564 = LINE ( 'NONE', #2265, #1698 ) ;
#565 = ORIENTED_EDGE ( 'NONE', *, *, #1840, .F. ) ;
#566 = ORIENTED_EDGE ( 'NONE', *, *, #2415, .T. ) ;
#567 = CARTESIAN_POINT ( 'NONE',  ( 1.524999999999999911, 0.05000000000000000278, -1.525000000000000133 ) ) ;
#568 = PLANE ( 'NONE',  #2428 ) ;
#569 = ADVANCED_FACE ( 'NONE', ( #836 ), #689, .T. ) ;
#570 = ORIENTED_EDGE ( 'NONE', *, *, #121, .T. ) ;
#571 = VECTOR ( 'NONE', #332, 1000.000000000000000 ) ;
#572 = ORIENTED_EDGE ( 'NONE', *, *, #1927, .F. ) ;
#573 =( NAMED_UNIT ( * ) SI_UNIT ( $, .STERADIAN. ) SOLID_ANGLE_UNIT ( ) );
#574 = AXIS2_PLACEMENT_3D ( 'NONE', #366, #138, #209 ) ;
#575 = ORIENTED_EDGE ( 'NONE', *, *, #2341, .F. ) ;
#576 = CARTESIAN_POINT ( 'NONE',  ( -1.074999999999999956, 0.1499999999999999667, -1.100000000000000311 ) ) ;
#577 = CARTESIAN_POINT ( 'NONE',  ( -0.5499999999999994893, 0.5999999999999999778, -1.124999999999999778 ) ) ;
#578 = ORIENTED_EDGE ( 'NONE', *, *, #2853, .T. ) ;
#579 = LINE ( 'NONE', #2166, #2674 ) ;
#580 = ORIENTED_EDGE ( 'NONE', *, *, #1141, .F. ) ;
#581 = PLANE ( 'NONE',  #269 ) ;
#582 = ORIENTED_EDGE ( 'NONE', *, *, #1702, .F. ) ;
#583 = AXIS2_PLACEMENT_3D ( 'NONE', #967, #1424, #1394 ) ;
#584 = DIRECTION ( 'NONE',  ( -0.000000000000000000, 0.000000000000000000, 1.000000000000000000 ) ) ;
#585 = DIRECTION ( 'NONE',  ( 1.000000000000000000, 0.000000000000000000, 1.927470528863119542E-16 ) ) ;
#586 = VERTEX_POINT ( 'NONE', #1367 ) ;
#587 = LINE ( 'NONE', #1401, #692 ) ;
#588 = ORIENTED_EDGE ( 'NONE', *, *, #1214, .F. ) ;
#589 = ORIENTED_EDGE ( 'NONE', *, *, #2442, .F. ) ;
#590 = EDGE_CURVE ( 'NONE', #859, #2521, #1879, .T. ) ;
#591 = DIRECTION ( 'NONE',  ( -0.000000000000000000, -0.000000000000000000, 1.000000000000000000 ) ) ;
#592 = ORIENTED_EDGE ( 'NONE', *, *, #1307, .F. ) ;
#593 = FACE_OUTER_BOUND ( 'NONE', #2374, .T. ) ;
#594 = ORIENTED_EDGE ( 'NONE', *, *, #1666, .F. ) ;
#595 = ORIENTED_EDGE ( 'NONE', *, *, #2175, .T. ) ;
#596 = DIRECTION ( 'NONE',  ( 0.000000000000000000, 0.000000000000000000, 1.000000000000000000 ) ) ;
#597 = CARTESIAN_POINT ( 'NONE',  ( 1.074999999999999956, 0.6647815070493501288, -0.8499999999999997558 ) ) ;
#598 = EDGE_CURVE ( 'NONE', #2570, #757, #1970, .T. ) ;
#599 = EDGE_LOOP ( 'NONE', ( #1871, #1853, #1467, #1482 ) ) ;
#600 = EDGE_CURVE ( 'NONE', #2721, #2564, #2989, .T. ) ;
#601 = ORIENTED_EDGE ( 'NONE', *, *, #2111, .T. ) ;
#602 = DIRECTION ( 'NONE',  ( 0.000000000000000000, -1.000000000000000000, 0.000000000000000000 ) ) ;
#603 = ORIENTED_EDGE ( 'NONE', *, *, #1178, .T. ) ;
#604 = ADVANCED_FACE ( 'NONE', ( #1888 ), #898, .F. ) ;
#605 = DIRECTION ( 'NONE',  ( 1.000000000000000000, -0.000000000000000000, 0.000000000000000000 ) ) ;
#606 = EDGE_CURVE ( 'NONE', #826, #2755, #1873, .T. ) ;
#607 = ORIENTED_EDGE ( 'NONE', *, *, #2415, .F. ) ;
#608 = VECTOR ( 'NONE', #3136, 1000.000000000000000 ) ;
#609 = PRESENTATION_STYLE_ASSIGNMENT (( #1674 ) ) ;
#610 = ORIENTED_EDGE ( 'NONE', *, *, #1837, .T. ) ;
#611 = DIRECTION ( 'NONE',  ( -0.000000000000000000, -1.000000000000000000, -0.000000000000000000 ) ) ;
#612 = ORIENTED_EDGE ( 'NONE', *, *, #2475, .T. ) ;
#613 = CARTESIAN_POINT ( 'NONE',  ( -0.5499999999999994893, 0.05000000000000000278, -1.124999999999999778 ) ) ;
#614 = DIRECTION ( 'NONE',  ( -1.000000000000000000, 0.000000000000000000, -9.637352644315598694E-16 ) ) ;
#615 = FILL_AREA_STYLE_COLOUR ( '', #1369 ) ;
#616 = CARTESIAN_POINT ( 'NONE',  ( -0.7499999999999994449, 0.000000000000000000, -1.124999999999999778 ) ) ;
#617 = ORIENTED_EDGE ( 'NONE', *, *, #1189, .T. ) ;
#618 = LINE ( 'NONE', #1442, #2740 ) ;
#619 = ORIENTED_EDGE ( 'NONE', *, *, #1512, .T. ) ;
#620 = DIRECTION ( 'NONE',  ( 1.445602896647339163E-16, 0.000000000000000000, -1.000000000000000000 ) ) ;
#621 = ORIENTED_EDGE ( 'NONE', *, *, #1316, .T. ) ;
#622 = AXIS2_PLACEMENT_3D ( 'NONE', #187, #641, #2855 ) ;
#623 = ORIENTED_EDGE ( 'NONE', *, *, #1995, .T. ) ;
#624 = VECTOR ( 'NONE', #1765, 1000.000000000000000 ) ;
#625 = ORIENTED_EDGE ( 'NONE', *, *, #2377, .F. ) ;
#626 = ORIENTED_EDGE ( 'NONE', *, *, #2738, .F. ) ;
#627 = AXIS2_PLACEMENT_3D ( 'NONE', #2126, #1368, #1608 ) ;
#628 = ORIENTED_EDGE ( 'NONE', *, *, #2436, .F. ) ;
#629 = LINE ( 'NONE', #1885, #1677 ) ;
#630 = ORIENTED_EDGE ( 'NONE', *, *, #1314, .T. ) ;
#631 = ORIENTED_EDGE ( 'NONE', *, *, #2215, .T. ) ;
#632 = ADVANCED_FACE ( 'NONE', ( #842 ), #2848, .F. ) ;
#633 = CARTESIAN_POINT ( 'NONE',  ( 0.7500000000000004441, 0.1499999999999999667, -1.124999999999999556 ) ) ;
#634 = DIRECTION ( 'NONE',  ( 0.000000000000000000, 0.000000000000000000, 1.000000000000000000 ) ) ;
#635 = ORIENTED_EDGE ( 'NONE', *, *, #2673, .F. ) ;
#636 = EDGE_CURVE ( 'NONE', #2378, #2839, #873, .T. ) ;
#637 = FACE_OUTER_BOUND ( 'NONE', #748, .T. ) ;
#638 = ORIENTED_EDGE ( 'NONE', *, *, #178, .T. ) ;
#639 = DIRECTION ( 'NONE',  ( 0.000000000000000000, 0.000000000000000000, -1.000000000000000000 ) ) ;
#640 = ORIENTED_EDGE ( 'NONE', *, *, #452, .T. ) ;
#641 = DIRECTION ( 'NONE',  ( -0.000000000000000000, 1.000000000000000000, 0.000000000000000000 ) ) ;
#642 = ORIENTED_EDGE ( 'NONE', *, *, #452, .F. ) ;
#643 = FACE_OUTER_BOUND ( 'NONE', #1735, .T. ) ;
#644 = EDGE_CURVE ( 'NONE', #1318, #82, #1914, .T. ) ;
#645 = ORIENTED_EDGE ( 'NONE', *, *, #2732, .F. ) ;
#646 = DIRECTION ( 'NONE',  ( -0.000000000000000000, -1.000000000000000000, -0.000000000000000000 ) ) ;
#647 = ORIENTED_EDGE ( 'NONE', *, *, #2111, .F. ) ;
#648 = ORIENTED_EDGE ( 'NONE', *, *, #460, .T. ) ;
#649 = FACE_OUTER_BOUND ( 'NONE', #1714, .T. ) ;
#650 = ORIENTED_EDGE ( 'NONE', *, *, #3016, .T. ) ;
#651 = EDGE_CURVE ( 'NONE', #652, #2721, #1921, .T. ) ;
#652 = VERTEX_POINT ( 'NONE', #147 ) ;
#653 = PLANE ( 'NONE',  #1545 ) ;
#654 = DIRECTION ( 'NONE',  ( -1.000000000000000000, -0.000000000000000000, -0.000000000000000000 ) ) ;
#655 = FILL_AREA_STYLE ('',( #2502 ) ) ;
#656 = VERTEX_POINT ( 'NONE', #633 ) ;
#657 = VECTOR ( 'NONE', #3013, 1000.000000000000000 ) ;
#658 = ORIENTED_EDGE ( 'NONE', *, *, #2377, .T. ) ;
#659 = CARTESIAN_POINT ( 'NONE',  ( 1.074999999999999956, 0.000000000000000000, 0.4500000000000001776 ) ) ;
#660 = ORIENTED_EDGE ( 'NONE', *, *, #750, .F. ) ;
#661 = CARTESIAN_POINT ( 'NONE',  ( 1.525000000000000133, 0.05000000000000000278, 0.4499999999999996780 ) ) ;
#662 = CARTESIAN_POINT ( 'NONE',  ( 1.524999999999999911, 0.1499999999999999667, 0.1999999999999996503 ) ) ;
#663 = ORIENTED_EDGE ( 'NONE', *, *, #491, .F. ) ;
#664 = VECTOR ( 'NONE', #517, 1000.000000000000000 ) ;
#665 = ORIENTED_EDGE ( 'NONE', *, *, #2070, .F. ) ;
#666 = CARTESIAN_POINT ( 'NONE',  ( 1.524999999999999911, 0.1499999999999999944, 0.8499999999999996447 ) ) ;
#667 = ORIENTED_EDGE ( 'NONE', *, *, #2926, .F. ) ;
#668 = ADVANCED_FACE ( 'NONE', ( #2963 ), #2425, .T. ) ;
#669 = ORIENTED_EDGE ( 'NONE', *, *, #2867, .T. ) ;
#670 = LINE ( 'NONE', #2805, #1683 ) ;
#671 = VERTEX_POINT ( 'NONE', #1722 ) ;
#672 = PRODUCT_DEFINITION ( 'UNKNOWN', '', #837, #468 ) ;
#673 = PLANE ( 'NONE',  #679 ) ;
#674 = ORIENTED_EDGE ( 'NONE', *, *, #896, .T. ) ;
#675 = ORIENTED_EDGE ( 'NONE', *, *, #2890, .F. ) ;
#676 = VECTOR ( 'NONE', #8, 1000.000000000000000 ) ;
#677 = ORIENTED_EDGE ( 'NONE', *, *, #254, .F. ) ;
#678 = ORIENTED_EDGE ( 'NONE', *, *, #346, .T. ) ;
#679 = AXIS2_PLACEMENT_3D ( 'NONE', #1317, #620, #702 ) ;
#680 = CARTESIAN_POINT ( 'NONE',  ( -1.074999999999999956, 0.1499999999999999944, -0.1999999999999997613 ) ) ;
#681 = DIRECTION ( 'NONE',  ( -1.000000000000000000, 0.000000000000000000, 0.000000000000000000 ) ) ;
#682 = ORIENTED_EDGE ( 'NONE', *, *, #2832, .F. ) ;
#683 = LINE ( 'NONE', #1286, #2734 ) ;
#684 = EDGE_LOOP ( 'NONE', ( #1050, #1616, #2684, #15, #3122 ) ) ;
#685 = CARTESIAN_POINT ( 'NONE',  ( 0.000000000000000000, 0.000000000000000000, 0.6500000000000000222 ) ) ;
#686 = ADVANCED_FACE ( 'NONE', ( #3021 ), #1228, .T. ) ;
#687 = ORIENTED_EDGE ( 'NONE', *, *, #2305, .F. ) ;
#688 = EDGE_CURVE ( 'NONE', #1160, #1878, #877, .T. ) ;
#689 = PLANE ( 'NONE',  #1008 ) ;
#690 = PLANE ( 'NONE',  #2027 ) ;
#691 = ORIENTED_EDGE ( 'NONE', *, *, #141, .T. ) ;
#692 = VECTOR ( 'NONE', #1941, 1000.000000000000000 ) ;
#693 = ORIENTED_EDGE ( 'NONE', *, *, #1353, .F. ) ;
#694 = CARTESIAN_POINT ( 'NONE',  ( -1.074999999999999956, 0.1499999999999999944, -0.8499999999999997558 ) ) ;
#695 = ORIENTED_EDGE ( 'NONE', *, *, #2076, .T. ) ;
#696 = CARTESIAN_POINT ( 'NONE',  ( 1.074999999999999956, 0.1499999999999999667, -0.1999999999999997613 ) ) ;
#697 = EDGE_CURVE ( 'NONE', #2641, #1597, #885, .T. ) ;
#698 = VERTEX_POINT ( 'NONE', #1415 ) ;
#699 = DIRECTION ( 'NONE',  ( 1.927470528863119542E-16, 0.000000000000000000, -1.000000000000000000 ) ) ;
#700 = PRESENTATION_STYLE_ASSIGNMENT (( #1872 ) ) ;
#701 = ORIENTED_EDGE ( 'NONE', *, *, #2238, .T. ) ;
#702 = DIRECTION ( 'NONE',  ( -1.000000000000000000, 0.000000000000000000, -1.445602896647339163E-16 ) ) ;
#703 = ORIENTED_EDGE ( 'NONE', *, *, #2626, .T. ) ;
#704 = UNCERTAINTY_MEASURE_WITH_UNIT (LENGTH_MEASURE( 1.000000000000000082E-05 ), #1835, 'distance_accuracy_value', 'NONE');
#705 = EDGE_CURVE ( 'NONE', #671, #847, #923, .T. ) ;
#706 = ORIENTED_EDGE ( 'NONE', *, *, #1620, .T. ) ;
#707 = VECTOR ( 'NONE', #976, 1000.000000000000000 ) ;
#708 = ORIENTED_EDGE ( 'NONE', *, *, #2984, .F. ) ;
#709 = ORIENTED_EDGE ( 'NONE', *, *, #419, .F. ) ;
#710 = MANIFOLD_SOLID_BREP ( 'LPattern2[5]', #2911 ) ;
#711 = PLANE ( 'NONE',  #211 ) ;
#712 = CARTESIAN_POINT ( 'NONE',  ( 1.074999999999999956, 0.05000000000000000278, 0.000000000000000000 ) ) ;
#713 = DIRECTION ( 'NONE',  ( -1.000000000000000000, 0.000000000000000000, -1.445602896647339656E-16 ) ) ;
#714 = VERTEX_POINT ( 'NONE', #1923 ) ;
#715 = CLOSED_SHELL ( 'NONE', ( #604, #1486, #1212, #632, #1448, #988, #431, #31, #1596, #2289, #2665, #777, #1161, #569, #2440, #2981, #2554, #265, #1199, #2750, #2000, #88, #1258, #2894, #1231, #532, #1564, #808, #338, #368, #737, #2574, #2530, #686, #473, #60, #668, #754, #800, #2209, #1127, #724, #3119, #2646, #192, #1071, #1733 ) ) ;
#716 = PLANE ( 'NONE',  #198 ) ;
#717 = ORIENTED_EDGE ( 'NONE', *, *, #2853, .F. ) ;
#718 = CARTESIAN_POINT ( 'NONE',  ( 1.074999999999999956, 0.000000000000000000, 1.100000000000000311 ) ) ;
#719 = CARTESIAN_POINT ( 'NONE',  ( -1.074999999999999956, 0.1499999999999999944, -0.4500000000000002887 ) ) ;
#720 = ORIENTED_EDGE ( 'NONE', *, *, #2278, .T. ) ;
#721 = VECTOR ( 'NONE', #2884, 1000.000000000000000 ) ;
#722 = ORIENTED_EDGE ( 'NONE', *, *, #115, .F. ) ;
#723 = DIRECTION ( 'NONE',  ( -9.637352644315598694E-16, 0.000000000000000000, -1.000000000000000000 ) ) ;
#724 = ADVANCED_FACE ( 'NONE', ( #909 ), #1589, .T. ) ;
#725 = ORIENTED_EDGE ( 'NONE', *, *, #636, .T. ) ;
#726 = CARTESIAN_POINT ( 'NONE',  ( -1.524999999999999911, 0.5999999999999998668, -1.524999999999999245 ) ) ;
#727 = STYLED_ITEM ( 'NONE', ( #609 ), #263 ) ;
#728 = ORIENTED_EDGE ( 'NONE', *, *, #3060, .T. ) ;
#729 =( LENGTH_UNIT ( ) NAMED_UNIT ( * ) SI_UNIT ( .MILLI., .METRE. ) );
#730 = PLANE ( 'NONE',  #2820 ) ;
#731 = LINE ( 'NONE', #1441, #1773 ) ;
#732 = VERTEX_POINT ( 'NONE', #416 ) ;
#733 = CARTESIAN_POINT ( 'NONE',  ( -1.524999999999999911, 0.1499999999999999667, 0.8499999999999996447 ) ) ;
#734 = ORIENTED_EDGE ( 'NONE', *, *, #2498, .T. ) ;
#735 =( GEOMETRIC_REPRESENTATION_CONTEXT ( 3 ) GLOBAL_UNCERTAINTY_ASSIGNED_CONTEXT ( ( #243 ) ) GLOBAL_UNIT_ASSIGNED_CONTEXT ( ( #1266, #3012, #1487 ) ) REPRESENTATION_CONTEXT ( 'NONE', 'WORKASPACE' ) );
#736 = VERTEX_POINT ( 'NONE', #2014 ) ;
#737 = ADVANCED_FACE ( 'NONE', ( #821 ), #730, .T. ) ;
#738 = PLANE ( 'NONE',  #1694 ) ;
#739 = DIRECTION ( 'NONE',  ( 9.637352644315598694E-16, 0.000000000000000000, -1.000000000000000000 ) ) ;
#740 = CLOSED_SHELL ( 'NONE', ( #2962, #2114, #1474, #2414, #3067, #279, #1911 ) ) ;
#741 = CARTESIAN_POINT ( 'NONE',  ( 1.074999999999999956, 0.1499999999999999667, 1.100000000000000311 ) ) ;
#742 = EDGE_CURVE ( 'NONE', #1543, #2500, #2925, .T. ) ;
#743 = VERTEX_POINT ( 'NONE', #2558 ) ;
#744 = CARTESIAN_POINT ( 'NONE',  ( 1.524999999999999911, 0.1499999999999999944, -0.8500000000000001998 ) ) ;
#745 = DIRECTION ( 'NONE',  ( 1.421904488505579654E-16, 0.000000000000000000, 1.000000000000000000 ) ) ;
#746 = VERTEX_POINT ( 'NONE', #1232 ) ;
#747 = FACE_OUTER_BOUND ( 'NONE', #1952, .T. ) ;
#748 = EDGE_LOOP ( 'NONE', ( #2886, #472, #391, #1479 ) ) ;
#749 = PLANE ( 'NONE',  #1945 ) ;
#750 = EDGE_CURVE ( 'NONE', #1824, #1501, #1861, .T. ) ;
#751 = DIRECTION ( 'NONE',  ( -1.927470528863119542E-16, -0.000000000000000000, 1.000000000000000000 ) ) ;
#752 = EDGE_LOOP ( 'NONE', ( #1320, #2349, #893, #3047 ) ) ;
#753 = EDGE_LOOP ( 'NONE', ( #870, #1058, #1566, #1651 ) ) ;
#754 = ADVANCED_FACE ( 'NONE', ( #1965 ), #493, .T. ) ;
#755 = EDGE_LOOP ( 'NONE', ( #945, #2899, #1998, #3038 ) ) ;
#756 = COLOUR_RGB ( '',0.7921568627450980005, 0.8196078431372548767, 0.9333333333333333481 ) ;
#757 = VERTEX_POINT ( 'NONE', #1374 ) ;
#758 = PLANE ( 'NONE',  #1136 ) ;
#759 = CARTESIAN_POINT ( 'NONE',  ( -1.174999999999999822, 0.5999999999999999778, -1.324999999999999956 ) ) ;
#760 = PLANE ( 'NONE',  #3120 ) ;
#761 = EDGE_LOOP ( 'NONE', ( #2112, #971, #513, #1061 ) ) ;
#762 = VECTOR ( 'NONE', #2384, 1000.000000000000000 ) ;
#763 = DIRECTION ( 'NONE',  ( 1.000000000000000000, 0.000000000000000000, 0.000000000000000000 ) ) ;
#764 = EDGE_LOOP ( 'NONE', ( #1581, #2621, #2789, #578 ) ) ;
#765 = DIRECTION ( 'NONE',  ( 1.000000000000000000, 0.000000000000000000, 0.000000000000000000 ) ) ;
#766 = VERTEX_POINT ( 'NONE', #169 ) ;
#767 = VECTOR ( 'NONE', #1082, 1000.000000000000000 ) ;
#768 = DIRECTION ( 'NONE',  ( 0.000000000000000000, 1.000000000000000000, 0.000000000000000000 ) ) ;
#769 = AXIS2_PLACEMENT_3D ( 'NONE', #1158, #353, #935 ) ;
#770 = CARTESIAN_POINT ( 'NONE',  ( 1.074999999999999956, 0.04999999999999999584, -1.100000000000000311 ) ) ;
#771 = EDGE_LOOP ( 'NONE', ( #528, #2739, #978, #544 ) ) ;
#772 = LINE ( 'NONE', #1012, #2828 ) ;
#773 = PLANE ( 'NONE',  #2294 ) ;
#774 = AXIS2_PLACEMENT_3D ( 'NONE', #2081, #1864, #596 ) ;
#775 = ORIENTED_EDGE ( 'NONE', *, *, #2596, .T. ) ;
#776 = SURFACE_STYLE_FILL_AREA ( #1170 ) ;
#777 = ADVANCED_FACE ( 'NONE', ( #3027 ), #2144, .T. ) ;
#778 = DIRECTION ( 'NONE',  ( -1.000000000000000000, 0.000000000000000000, -9.637352644315598694E-16 ) ) ;
#779 = EDGE_CURVE ( 'NONE', #1532, #1143, #2934, .T. ) ;
#780 = DIRECTION ( 'NONE',  ( -1.000000000000000000, 0.000000000000000000, 0.000000000000000000 ) ) ;
#781 = VERTEX_POINT ( 'NONE', #1569 ) ;
#782 = COLOUR_RGB ( '',0.7921568627450980005, 0.8196078431372548767, 0.9333333333333333481 ) ;
#783 = CARTESIAN_POINT ( 'NONE',  ( 1.074999999999999956, 0.1499999999999999667, -0.8499999999999997558 ) ) ;
#784 = SURFACE_STYLE_USAGE ( .BOTH. , #255 ) ;
#785 = EDGE_CURVE ( 'NONE', #2729, #2570, #2906, .T. ) ;
#786 = ORIENTED_EDGE ( 'NONE', *, *, #2341, .T. ) ;
#787 = VECTOR ( 'NONE', #2638, 1000.000000000000000 ) ;
#788 = EDGE_CURVE ( 'NONE', #530, #937, #2912, .T. ) ;
#789 = DIRECTION ( 'NONE',  ( 0.000000000000000000, -1.000000000000000000, -0.000000000000000000 ) ) ;
#790 = ORIENTED_EDGE ( 'NONE', *, *, #44, .T. ) ;
#791 = EDGE_CURVE ( 'NONE', #2635, #1484, #2939, .T. ) ;
#792 = FACE_OUTER_BOUND ( 'NONE', #3019, .T. ) ;
#793 = FILL_AREA_STYLE ('',( #2447 ) ) ;
#794 = VERTEX_POINT ( 'NONE', #1344 ) ;
#795 = VECTOR ( 'NONE', #2245, 1000.000000000000000 ) ;
#796 = PRESENTATION_LAYER_ASSIGNMENT (  '', '', ( #2655 ) ) ;
#797 = DIRECTION ( 'NONE',  ( 0.000000000000000000, 0.000000000000000000, -1.000000000000000000 ) ) ;
#798 = EDGE_LOOP ( 'NONE', ( #1721, #2003, #46, #2365 ) ) ;
#799 = LINE ( 'NONE', #1598, #2859 ) ;
#800 = ADVANCED_FACE ( 'NONE', ( #2916 ), #2326, .T. ) ;
#801 = DIRECTION ( 'NONE',  ( 0.000000000000000000, -1.000000000000000000, 0.000000000000000000 ) ) ;
#802 = VERTEX_POINT ( 'NONE', #1128 ) ;
#803 = AXIS2_PLACEMENT_3D ( 'NONE', #334, #2724, #818 ) ;
#804 = EDGE_LOOP ( 'NONE', ( #886, #2983, #852, #1172, #3033, #860, #1181, #2218, #2972, #1917, #1913, #1962, #2226, #2943, #2980, #126, #1912, #2988, #3059, #3025, #2956, #2193, #1131, #1895, #2810, #97, #1146, #2954, #3104, #2059, #987, #994, #1969, #1122, #1947, #1009 ) ) ;
#805 = ORIENTED_EDGE ( 'NONE', *, *, #2436, .T. ) ;
#806 = LINE ( 'NONE', #2020, #767 ) ;
#807 = STYLED_ITEM ( 'NONE', ( #1855 ), #522 ) ;
#808 = ADVANCED_FACE ( 'NONE', ( #1903 ), #653, .T. ) ;
#809 = CLOSED_SHELL ( 'NONE', ( #1542, #1823, #1393, #2325, #228, #1753 ) ) ;
#810 =( LENGTH_UNIT ( ) NAMED_UNIT ( * ) SI_UNIT ( .MILLI., .METRE. ) );
#811 = ORIENTED_EDGE ( 'NONE', *, *, #590, .F. ) ;
#812 = LINE ( 'NONE', #1653, #762 ) ;
#813 = EDGE_CURVE ( 'NONE', #2503, #2959, #1909, .T. ) ;
#814 = ORIENTED_EDGE ( 'NONE', *, *, #1770, .T. ) ;
#815 = SURFACE_SIDE_STYLE ('',( #1844 ) ) ;
#816 = CARTESIAN_POINT ( 'NONE',  ( 0.000000000000000000, 0.000000000000000000, 0.000000000000000000 ) ) ;
#817 = FILL_AREA_STYLE_COLOUR ( '', #1297 ) ;
#818 = DIRECTION ( 'NONE',  ( 1.000000000000000000, 0.000000000000000000, -0.000000000000000000 ) ) ;
#819 = DIRECTION ( 'NONE',  ( 1.000000000000000000, -0.000000000000000000, 9.637352644315598694E-16 ) ) ;
#820 = ORIENTED_EDGE ( 'NONE', *, *, #326, .T. ) ;
#821 = FACE_OUTER_BOUND ( 'NONE', #1463, .T. ) ;
#822 = PLANE ( 'NONE',  #479 ) ;
#823 = EDGE_CURVE ( 'NONE', #249, #1472, #853, .T. ) ;
#824 = CLOSED_SHELL ( 'NONE', ( #2923, #2430, #1108, #184, #2132, #2304 ) ) ;
#825 = DIRECTION ( 'NONE',  ( 1.000000000000000000, 0.000000000000000000, 0.000000000000000000 ) ) ;
#826 = VERTEX_POINT ( 'NONE', #2841 ) ;
#827 = VECTOR ( 'NONE', #2258, 1000.000000000000000 ) ;
#828 = VERTEX_POINT ( 'NONE', #2057 ) ;
#829 = DIRECTION ( 'NONE',  ( -0.000000000000000000, 1.000000000000000000, 0.000000000000000000 ) ) ;
#830 = ORIENTED_EDGE ( 'NONE', *, *, #2977, .F. ) ;
#831 = CARTESIAN_POINT ( 'NONE',  ( 0.000000000000000000, 0.000000000000000000, 0.000000000000000000 ) ) ;
#832 = DIRECTION ( 'NONE',  ( -0.000000000000000000, -1.000000000000000000, -0.000000000000000000 ) ) ;
#833 = EDGE_LOOP ( 'NONE', ( #2497, #1514, #399, #2793 ) ) ;
#834 = CARTESIAN_POINT ( 'NONE',  ( -0.7499999999999994449, 0.1499999999999999667, -0.9249999999999997113 ) ) ;
#835 = ORIENTED_EDGE ( 'NONE', *, *, #1759, .F. ) ;
#836 = FACE_OUTER_BOUND ( 'NONE', #256, .T. ) ;
#837 = PRODUCT_DEFINITION_FORMATION_WITH_SPECIFIED_SOURCE ( 'ANY', '', #2266, .NOT_KNOWN. ) ;
#838 = ORIENTED_EDGE ( 'NONE', *, *, #2381, .T. ) ;
#839 = CARTESIAN_POINT ( 'NONE',  ( -1.074999999999999956, 0.1499999999999999667, -0.4500000000000002887 ) ) ;
#840 = CARTESIAN_POINT ( 'NONE',  ( -1.074999999999999956, 0.1499999999999999944, 0.8499999999999996447 ) ) ;
#841 = EDGE_LOOP ( 'NONE', ( #1575, #2672, #1747, #1772 ) ) ;
#842 = FACE_OUTER_BOUND ( 'NONE', #1839, .T. ) ;
#843 = ORIENTED_EDGE ( 'NONE', *, *, #2310, .T. ) ;
#844 = DIRECTION ( 'NONE',  ( -1.000000000000000000, 0.000000000000000000, -9.637352644315598694E-16 ) ) ;
#845 = AXIS2_PLACEMENT_3D ( 'NONE', #1466, #315, #1270 ) ;
#846 = CARTESIAN_POINT ( 'NONE',  ( -1.174999999999999822, 0.5999999999999999778, -1.324999999999999956 ) ) ;
#847 = VERTEX_POINT ( 'NONE', #1547 ) ;
#848 = VECTOR ( 'NONE', #879, 1000.000000000000000 ) ;
#849 = EDGE_LOOP ( 'NONE', ( #2623, #582, #2714, #3087 ) ) ;
#850 = CARTESIAN_POINT ( 'NONE',  ( 1.524999999999999911, 0.1499999999999999667, 0.4499999999999997891 ) ) ;
#851 = EDGE_CURVE ( 'NONE', #455, #249, #989, .T. ) ;
#852 = ORIENTED_EDGE ( 'NONE', *, *, #186, .F. ) ;
#853 = LINE ( 'NONE', #1779, #2034 ) ;
#854 = DIRECTION ( 'NONE',  ( 1.000000000000000000, -0.000000000000000000, 0.000000000000000000 ) ) ;
#855 = DIRECTION ( 'NONE',  ( 1.000000000000000000, 0.000000000000000000, -0.000000000000000000 ) ) ;
#856 = ORIENTED_EDGE ( 'NONE', *, *, #419, .T. ) ;
#857 = EDGE_CURVE ( 'NONE', #698, #2588, #3053, .T. ) ;
#858 = DIRECTION ( 'NONE',  ( -1.421904488505579654E-16, -0.000000000000000000, -1.000000000000000000 ) ) ;
#859 = VERTEX_POINT ( 'NONE', #2501 ) ;
#860 = ORIENTED_EDGE ( 'NONE', *, *, #3051, .F. ) ;
#861 = DIRECTION ( 'NONE',  ( 1.000000000000000000, 0.000000000000000000, 0.000000000000000000 ) ) ;
#862 = DIRECTION ( 'NONE',  ( -1.000000000000000000, 0.000000000000000000, 9.637352644315598694E-16 ) ) ;
#863 = DIRECTION ( 'NONE',  ( 9.637352644315598694E-16, 0.000000000000000000, -1.000000000000000000 ) ) ;
#864 = CARTESIAN_POINT ( 'NONE',  ( -1.074999999999999956, 0.000000000000000000, -0.8499999999999997558 ) ) ;
#865 = CLOSED_SHELL ( 'NONE', ( #2094, #1251, #1944, #1896 ) ) ;
#866 = EDGE_CURVE ( 'NONE', #1887, #2641, #2084, .T. ) ;
#867 = COLOUR_RGB ( '',0.7921568627450980005, 0.8196078431372548767, 0.9333333333333333481 ) ;
#868 = DIRECTION ( 'NONE',  ( 0.000000000000000000, 0.000000000000000000, -1.000000000000000000 ) ) ;
#869 = ADVANCED_FACE ( 'NONE', ( #3093 ), #539, .F. ) ;
#870 = ORIENTED_EDGE ( 'NONE', *, *, #2895, .F. ) ;
#871 = CARTESIAN_POINT ( 'NONE',  ( 1.074999999999999956, 0.1499999999999999667, -0.8499999999999997558 ) ) ;
#872 = VERTEX_POINT ( 'NONE', #1480 ) ;
#873 = LINE ( 'NONE', #1552, #1893 ) ;
#874 = CARTESIAN_POINT ( 'NONE',  ( -0.5499999999999994893, 0.1499999999999999667, -1.124999999999999778 ) ) ;
#875 = ORIENTED_EDGE ( 'NONE', *, *, #2146, .T. ) ;
#876 = CLOSED_SHELL ( 'NONE', ( #1618, #2459, #1414, #1001, #3107, #2508 ) ) ;
#877 = LINE ( 'NONE', #1021, #2997 ) ;
#878 = SURFACE_STYLE_FILL_AREA ( #2330 ) ;
#879 = DIRECTION ( 'NONE',  ( 1.000000000000000000, 0.000000000000000000, 0.000000000000000000 ) ) ;
#880 = DIRECTION ( 'NONE',  ( -0.000000000000000000, -1.000000000000000000, -0.000000000000000000 ) ) ;
#881 = ORIENTED_EDGE ( 'NONE', *, *, #785, .F. ) ;
#882 = DIRECTION ( 'NONE',  ( 0.000000000000000000, -1.000000000000000000, -0.000000000000000000 ) ) ;
#883 = EDGE_LOOP ( 'NONE', ( #1593, #538, #1624, #2745 ) ) ;
#884 = AXIS2_PLACEMENT_3D ( 'NONE', #554, #585, #1086 ) ;
#885 = LINE ( 'NONE', #997, #2974 ) ;
#886 = ORIENTED_EDGE ( 'NONE', *, *, #2344, .F. ) ;
#887 = DIRECTION ( 'NONE',  ( 0.000000000000000000, -1.000000000000000000, 0.000000000000000000 ) ) ;
#888 = DIRECTION ( 'NONE',  ( -1.000000000000000000, 0.000000000000000000, -9.637352644315598694E-16 ) ) ;
#889 = VERTEX_POINT ( 'NONE', #2037 ) ;
#890 = EDGE_CURVE ( 'NONE', #698, #982, #1993, .T. ) ;
#891 = ORIENTED_EDGE ( 'NONE', *, *, #742, .T. ) ;
#892 = CARTESIAN_POINT ( 'NONE',  ( 1.074999999999999956, 0.1499999999999999944, 0.8499999999999996447 ) ) ;
#893 = ORIENTED_EDGE ( 'NONE', *, *, #2213, .T. ) ;
#894 = VECTOR ( 'NONE', #1963, 1000.000000000000000 ) ;
#895 = FACE_OUTER_BOUND ( 'NONE', #1040, .T. ) ;
#896 = EDGE_CURVE ( 'NONE', #1288, #1900, #1006, .T. ) ;
#897 = ORIENTED_EDGE ( 'NONE', *, *, #535, .T. ) ;
#898 = CYLINDRICAL_SURFACE ( 'NONE', #1171, 0.1499999999999999667 ) ;
#899 = LINE ( 'NONE', #1506, #1989 ) ;
#900 = CARTESIAN_POINT ( 'NONE',  ( 1.074999999999999956, 0.05000000000000000278, 0.000000000000000000 ) ) ;
#901 = CARTESIAN_POINT ( 'NONE',  ( -1.174999999999999822, 0.5999999999999999778, -1.175000000000000044 ) ) ;
#902 = EDGE_CURVE ( 'NONE', #859, #1193, #2068, .T. ) ;
#903 = DIRECTION ( 'NONE',  ( 0.000000000000000000, 0.000000000000000000, -1.000000000000000000 ) ) ;
#904 = VERTEX_POINT ( 'NONE', #1502 ) ;
#905 = DIRECTION ( 'NONE',  ( 0.000000000000000000, -1.000000000000000000, 0.000000000000000000 ) ) ;
#906 = UNCERTAINTY_MEASURE_WITH_UNIT (LENGTH_MEASURE( 1.000000000000000082E-05 ), #729, 'distance_accuracy_value', 'NONE');
#907 = CARTESIAN_POINT ( 'NONE',  ( 1.074999999999999956, 0.1499999999999999667, -0.1999999999999997613 ) ) ;
#908 = ORIENTED_EDGE ( 'NONE', *, *, #2586, .T. ) ;
#909 = FACE_OUTER_BOUND ( 'NONE', #2355, .T. ) ;
#910 = CARTESIAN_POINT ( 'NONE',  ( -1.074999999999999956, 0.1499999999999999944, 0.8499999999999996447 ) ) ;
#911 = LINE ( 'NONE', #2086, #1960 ) ;
#912 = ORIENTED_EDGE ( 'NONE', *, *, #1870, .T. ) ;
#913 = VECTOR ( 'NONE', #2159, 1000.000000000000000 ) ;
#914 = PRESENTATION_STYLE_ASSIGNMENT (( #2041 ) ) ;
#915 = AXIS2_PLACEMENT_3D ( 'NONE', #955, #932, #2317 ) ;
#916 = VERTEX_POINT ( 'NONE', #2275 ) ;
#917 = VECTOR ( 'NONE', #200, 1000.000000000000000 ) ;
#918 = LINE ( 'NONE', #514, #948 ) ;
#919 = CARTESIAN_POINT ( 'NONE',  ( -1.524999999999999911, 0.6647815070493501288, 1.099999999999999867 ) ) ;
#920 = CARTESIAN_POINT ( 'NONE',  ( -0.7499999999999994449, 0.5999999999999999778, -0.9249999999999997113 ) ) ;
#921 = AXIS2_PLACEMENT_3D ( 'NONE', #1488, #863, #1789 ) ;
#922 = ORIENTED_EDGE ( 'NONE', *, *, #1927, .T. ) ;
#923 = LINE ( 'NONE', #26, #894 ) ;
#924 = CARTESIAN_POINT ( 'NONE',  ( 1.074999999999999956, 0.04999999999999999584, 0.1999999999999996503 ) ) ;
#925 = SURFACE_SIDE_STYLE ('',( #776 ) ) ;
#926 = CARTESIAN_POINT ( 'NONE',  ( -0.7499999999999997780, 0.05000000000000000278, 1.125000000000000222 ) ) ;
#927 = DIRECTION ( 'NONE',  ( 0.000000000000000000, 1.000000000000000000, 0.000000000000000000 ) ) ;
#928 = MECHANICAL_DESIGN_GEOMETRIC_PRESENTATION_REPRESENTATION (  '', ( #1430 ), #1468 ) ;
#929 = DIRECTION ( 'NONE',  ( 0.000000000000000000, 0.000000000000000000, 1.000000000000000000 ) ) ;
#930 = ORIENTED_EDGE ( 'NONE', *, *, #791, .T. ) ;
#931 = VECTOR ( 'NONE', #3068, 1000.000000000000000 ) ;
#932 = DIRECTION ( 'NONE',  ( 0.000000000000000000, -1.000000000000000000, 0.000000000000000000 ) ) ;
#933 = EDGE_CURVE ( 'NONE', #766, #2722, #2012, .T. ) ;
#934 = ORIENTED_EDGE ( 'NONE', *, *, #986, .T. ) ;
#935 = DIRECTION ( 'NONE',  ( 0.000000000000000000, 0.000000000000000000, 1.000000000000000000 ) ) ;
#936 = VECTOR ( 'NONE', #832, 1000.000000000000000 ) ;
#937 = VERTEX_POINT ( 'NONE', #1090 ) ;
#938 = EDGE_CURVE ( 'NONE', #474, #505, #2051, .T. ) ;
#939 = VECTOR ( 'NONE', #287, 1000.000000000000000 ) ;
#940 = LINE ( 'NONE', #344, #2999 ) ;
#941 = DIRECTION ( 'NONE',  ( 1.000000000000000000, -0.000000000000000000, 9.637352644315598694E-16 ) ) ;
#942 = CARTESIAN_POINT ( 'NONE',  ( 1.074999999999999956, 0.1499999999999999944, -0.1999999999999997613 ) ) ;
#943 = EDGE_CURVE ( 'NONE', #2635, #652, #1999, .T. ) ;
#944 = DIRECTION ( 'NONE',  ( 0.000000000000000000, -1.000000000000000000, 0.000000000000000000 ) ) ;
#945 = ORIENTED_EDGE ( 'NONE', *, *, #2788, .T. ) ;
#946 = PRESENTATION_STYLE_ASSIGNMENT (( #2015 ) ) ;
#947 = EDGE_CURVE ( 'NONE', #1311, #2261, #1987, .T. ) ;
#948 = VECTOR ( 'NONE', #90, 1000.000000000000000 ) ;
#949 = DIRECTION ( 'NONE',  ( -0.000000000000000000, -1.000000000000000000, -0.000000000000000000 ) ) ;
#950 = CARTESIAN_POINT ( 'NONE',  ( -1.074999999999999956, 0.1499999999999999944, 1.100000000000000311 ) ) ;
#951 = CARTESIAN_POINT ( 'NONE',  ( 0.000000000000000000, 0.1499999999999999944, 0.000000000000000000 ) ) ;
#952 = CARTESIAN_POINT ( 'NONE',  ( 1.074999999999999956, 0.1499999999999999944, -0.8499999999999997558 ) ) ;
#953 = ORIENTED_EDGE ( 'NONE', *, *, #2143, .F. ) ;
#954 = FACE_OUTER_BOUND ( 'NONE', #804, .T. ) ;
#955 = CARTESIAN_POINT ( 'NONE',  ( 0.000000000000000000, 0.1499999999999999944, 0.6500000000000000222 ) ) ;
#956 = LINE ( 'NONE', #1324, #1953 ) ;
#957 = SURFACE_SIDE_STYLE ('',( #1657 ) ) ;
#958 = ORIENTED_EDGE ( 'NONE', *, *, #89, .F. ) ;
#959 = ADVANCED_FACE ( 'NONE', ( #1000 ), #226, .F. ) ;
#960 = AXIS2_PLACEMENT_3D ( 'NONE', #2710, #2952, #2010 ) ;
#961 = DIRECTION ( 'NONE',  ( -1.000000000000000000, 0.000000000000000000, 9.637352644315598694E-16 ) ) ;
#962 = VECTOR ( 'NONE', #854, 1000.000000000000000 ) ;
#963 = LINE ( 'NONE', #1961, #1949 ) ;
#964 = ORIENTED_EDGE ( 'NONE', *, *, #3137, .T. ) ;
#965 = MECHANICAL_DESIGN_GEOMETRIC_PRESENTATION_REPRESENTATION (  '', ( #2233 ), #2814 ) ;
#966 = LINE ( 'NONE', #1063, #1994 ) ;
#967 = CARTESIAN_POINT ( 'NONE',  ( -1.074999999999999956, 0.1499999999999999944, -0.1999999999999997613 ) ) ;
#968 = CARTESIAN_POINT ( 'NONE',  ( -1.074999999999999956, 0.1499999999999999667, -0.8499999999999997558 ) ) ;
#969 = CARTESIAN_POINT ( 'NONE',  ( -0.7499999999999997780, 2.854163456597992088, 1.125000000000000222 ) ) ;
#970 = DIRECTION ( 'NONE',  ( -1.000000000000000000, 0.000000000000000000, 0.000000000000000000 ) ) ;
#971 = ORIENTED_EDGE ( 'NONE', *, *, #2542, .T. ) ;
#972 = MANIFOLD_SOLID_BREP ( 'Boss-Extrude5', #865 ) ;
#973 = DIRECTION ( 'NONE',  ( 1.000000000000000000, 0.000000000000000000, -9.637352644315598694E-16 ) ) ;
#974 = LINE ( 'NONE', #1188, #2018 ) ;
#975 = EDGE_CURVE ( 'NONE', #1847, #889, #1037, .T. ) ;
#976 = DIRECTION ( 'NONE',  ( 1.000000000000000000, 0.000000000000000000, -9.637352644315598694E-16 ) ) ;
#977 = CARTESIAN_POINT ( 'NONE',  ( -1.074999999999999956, 0.1499999999999999944, -0.4500000000000002887 ) ) ;
#978 = ORIENTED_EDGE ( 'NONE', *, *, #1214, .T. ) ;
#979 = CARTESIAN_POINT ( 'NONE',  ( -0.7499999999999994449, 0.7156854249492380360, -0.9249999999999997113 ) ) ;
#980 = COLOUR_RGB ( '',0.7921568627450980005, 0.8196078431372548767, 0.9333333333333333481 ) ;
#981 = EDGE_CURVE ( 'NONE', #1900, #2839, #2004, .T. ) ;
#982 = VERTEX_POINT ( 'NONE', #733 ) ;
#983 = DIRECTION ( 'NONE',  ( 1.000000000000000000, -0.000000000000000000, 9.637352644315598694E-16 ) ) ;
#984 = VECTOR ( 'NONE', #1279, 1000.000000000000000 ) ;
#985 = FACE_OUTER_BOUND ( 'NONE', #2188, .T. ) ;
#986 = EDGE_CURVE ( 'NONE', #1902, #1758, #2029, .T. ) ;
#987 = ORIENTED_EDGE ( 'NONE', *, *, #636, .F. ) ;
#988 = ADVANCED_FACE ( 'NONE', ( #1028, #954 ), #2465, .F. ) ;
#989 = LINE ( 'NONE', #1841, #962 ) ;
#990 = VECTOR ( 'NONE', #1345, 1000.000000000000000 ) ;
#991 = CARTESIAN_POINT ( 'NONE',  ( 0.7500000000000004441, 0.1499999999999999667, -1.124999999999999556 ) ) ;
#992 = DIRECTION ( 'NONE',  ( -1.000000000000000000, 0.000000000000000000, 9.637352644315598694E-16 ) ) ;
#993 = CARTESIAN_POINT ( 'NONE',  ( 0.7500000000000000000, 0.000000000000000000, 1.125000000000000222 ) ) ;
#994 = ORIENTED_EDGE ( 'NONE', *, *, #2206, .F. ) ;
#995 = LINE ( 'NONE', #1950, #1024 ) ;
#996 = FACE_OUTER_BOUND ( 'NONE', #557, .T. ) ;
#997 = CARTESIAN_POINT ( 'NONE',  ( -1.074999999999999956, 0.000000000000000000, 0.1999999999999996503 ) ) ;
#998 = CARTESIAN_POINT ( 'NONE',  ( -1.174999999999999822, 0.4999999999999998890, -1.175000000000000044 ) ) ;
#999 = ORIENTED_EDGE ( 'NONE', *, *, #1182, .F. ) ;
#1000 = FACE_OUTER_BOUND ( 'NONE', #1518, .T. ) ;
#1001 = ADVANCED_FACE ( 'NONE', ( #3049 ), #2743, .F. ) ;
#1002 = CARTESIAN_POINT ( 'NONE',  ( 1.524999999999999911, 0.1499999999999999944, 1.099999999999999867 ) ) ;
#1003 =( GEOMETRIC_REPRESENTATION_CONTEXT ( 3 ) GLOBAL_UNCERTAINTY_ASSIGNED_CONTEXT ( ( #14 ) ) GLOBAL_UNIT_ASSIGNED_CONTEXT ( ( #2700, #2675, #253 ) ) REPRESENTATION_CONTEXT ( 'NONE', 'WORKASPACE' ) );
#1004 = CARTESIAN_POINT ( 'NONE',  ( 0.7500000000000000000, 0.1499999999999999667, 1.125000000000000222 ) ) ;
#1005 = VERTEX_POINT ( 'NONE', #444 ) ;
#1006 = LINE ( 'NONE', #2742, #3105 ) ;
#1007 = CIRCLE ( 'NONE', #2569, 0.1499999999999999667 ) ;
#1008 = AXIS2_PLACEMENT_3D ( 'NONE', #164, #3135, #1665 ) ;
#1009 = ORIENTED_EDGE ( 'NONE', *, *, #1603, .F. ) ;
#1010 = VECTOR ( 'NONE', #2795, 1000.000000000000000 ) ;
#1011 = SURFACE_STYLE_FILL_AREA ( #655 ) ;
#1012 = CARTESIAN_POINT ( 'NONE',  ( -1.174999999999999822, 0.4999999999999998890, -1.324999999999999956 ) ) ;
#1013 = PLANE ( 'NONE',  #2298 ) ;
#1014 = DIRECTION ( 'NONE',  ( -1.000000000000000000, 0.000000000000000000, -1.445602896647339163E-16 ) ) ;
#1015 = PLANE ( 'NONE',  #1785 ) ;
#1016 = CARTESIAN_POINT ( 'NONE',  ( -8.191749747668245972E-16, 0.05000000000000000278, -0.8499999999999986455 ) ) ;
#1017 = EDGE_CURVE ( 'NONE', #469, #743, #2079, .T. ) ;
#1018 = ORIENTED_EDGE ( 'NONE', *, *, #1603, .T. ) ;
#1019 = LINE ( 'NONE', #1217, #2060 ) ;
#1020 = FACE_OUTER_BOUND ( 'NONE', #1494, .T. ) ;
#1021 = CARTESIAN_POINT ( 'NONE',  ( 1.074999999999999956, 0.1499999999999999944, 0.4500000000000001776 ) ) ;
#1022 = ORIENTED_EDGE ( 'NONE', *, *, #2542, .F. ) ;
#1023 = EDGE_CURVE ( 'NONE', #2016, #904, #3071, .T. ) ;
#1024 = VECTOR ( 'NONE', #2910, 1000.000000000000000 ) ;
#1025 = CARTESIAN_POINT ( 'NONE',  ( -1.174999999999999822, 0.4999999999999998890, -1.025000000000000133 ) ) ;
#1026 = EDGE_LOOP ( 'NONE', ( #1781, #436 ) ) ;
#1027 = CARTESIAN_POINT ( 'NONE',  ( -1.174999999999999822, 0.4999999999999998890, -1.175000000000000044 ) ) ;
#1028 = FACE_BOUND ( 'NONE', #2827, .T. ) ;
#1029 = EDGE_CURVE ( 'NONE', #826, #2548, #1019, .T. ) ;
#1030 = LINE ( 'NONE', #53, #3127 ) ;
#1031 = ORIENTED_EDGE ( 'NONE', *, *, #215, .T. ) ;
#1032 = FACE_OUTER_BOUND ( 'NONE', #2791, .T. ) ;
#1033 = FACE_OUTER_BOUND ( 'NONE', #2929, .T. ) ;
#1034 = CARTESIAN_POINT ( 'NONE',  ( 0.000000000000000000, 0.05000000000000000278, 0.1999999999999996503 ) ) ;
#1035 = DIRECTION ( 'NONE',  ( 0.000000000000000000, 1.000000000000000000, 0.000000000000000000 ) ) ;
#1036 = ORIENTED_EDGE ( 'NONE', *, *, #1080, .F. ) ;
#1037 = LINE ( 'NONE', #2659, #3110 ) ;
#1038 =( NAMED_UNIT ( * ) PLANE_ANGLE_UNIT ( ) SI_UNIT ( $, .RADIAN. ) );
#1039 = LINE ( 'NONE', #2753, #1044 ) ;
#1040 = EDGE_LOOP ( 'NONE', ( #958, #2801, #2777, #1110 ) ) ;
#1041 = ADVANCED_FACE ( 'NONE', ( #3077 ), #1458, .F. ) ;
#1042 = AXIS2_PLACEMENT_3D ( 'NONE', #2099, #561, #2496 ) ;
#1043 = CARTESIAN_POINT ( 'NONE',  ( 0.000000000000000000, 0.1499999999999999944, 0.000000000000000000 ) ) ;
#1044 = VECTOR ( 'NONE', #1051, 1000.000000000000000 ) ;
#1045 = ORIENTED_EDGE ( 'NONE', *, *, #2890, .T. ) ;
#1046 = DIRECTION ( 'NONE',  ( -0.000000000000000000, 0.000000000000000000, 1.000000000000000000 ) ) ;
#1047 = DIRECTION ( 'NONE',  ( 0.000000000000000000, -1.000000000000000000, 0.000000000000000000 ) ) ;
#1048 = AXIS2_PLACEMENT_3D ( 'NONE', #1510, #93, #2088 ) ;
#1049 = CARTESIAN_POINT ( 'NONE',  ( 1.524999999999999911, 0.000000000000000000, -0.2000000000000002054 ) ) ;
#1050 = ORIENTED_EDGE ( 'NONE', *, *, #16, .F. ) ;
#1051 = DIRECTION ( 'NONE',  ( -0.000000000000000000, -1.000000000000000000, -0.000000000000000000 ) ) ;
#1052 = EDGE_CURVE ( 'NONE', #2555, #1613, #995, .T. ) ;
#1053 = DIRECTION ( 'NONE',  ( 0.000000000000000000, 0.000000000000000000, -1.000000000000000000 ) ) ;
#1054 = PLANE ( 'NONE',  #915 ) ;
#1055 = VERTEX_POINT ( 'NONE', #1703 ) ;
#1056 = LINE ( 'NONE', #2386, #3111 ) ;
#1057 = EDGE_CURVE ( 'NONE', #652, #1055, #3088, .T. ) ;
#1058 = ORIENTED_EDGE ( 'NONE', *, *, #1799, .F. ) ;
#1059 = PLANE ( 'NONE',  #960 ) ;
#1060 = LINE ( 'NONE', #160, #1065 ) ;
#1061 = ORIENTED_EDGE ( 'NONE', *, *, #355, .T. ) ;
#1062 = LINE ( 'NONE', #2422, #27 ) ;
#1063 = CARTESIAN_POINT ( 'NONE',  ( 1.074999999999999956, 0.6647815070493501288, 0.8499999999999996447 ) ) ;
#1064 = ORIENTED_EDGE ( 'NONE', *, *, #2825, .T. ) ;
#1065 = VECTOR ( 'NONE', #1322, 1000.000000000000000 ) ;
#1066 = SURFACE_STYLE_USAGE ( .BOTH. , #815 ) ;
#1067 = DIRECTION ( 'NONE',  ( 0.000000000000000000, 0.000000000000000000, -1.000000000000000000 ) ) ;
#1068 = CARTESIAN_POINT ( 'NONE',  ( 0.7500000000000004441, 2.854163456597992088, -1.124999999999999556 ) ) ;
#1069 = CARTESIAN_POINT ( 'NONE',  ( 1.524999999999999911, 0.000000000000000000, 1.099999999999999867 ) ) ;
#1070 = SURFACE_SIDE_STYLE ('',( #267 ) ) ;
#1071 = ADVANCED_FACE ( 'NONE', ( #1032 ), #773, .T. ) ;
#1072 = FACE_OUTER_BOUND ( 'NONE', #2803, .T. ) ;
#1073 = CARTESIAN_POINT ( 'NONE',  ( 0.7500000000000002220, 0.05000000000000000278, 1.445602896647340149E-16 ) ) ;
#1074 = AXIS2_PLACEMENT_3D ( 'NONE', #2187, #385, #1426 ) ;
#1075 = FACE_OUTER_BOUND ( 'NONE', #2643, .T. ) ;
#1076 = AXIS2_PLACEMENT_3D ( 'NONE', #245, #2400, #21 ) ;
#1077 = CARTESIAN_POINT ( 'NONE',  ( -1.074999999999999956, 0.1499999999999999944, 1.100000000000000311 ) ) ;
#1078 = DIRECTION ( 'NONE',  ( -0.000000000000000000, -1.000000000000000000, -0.000000000000000000 ) ) ;
#1079 = VECTOR ( 'NONE', #2670, 1000.000000000000000 ) ;
#1080 = EDGE_CURVE ( 'NONE', #1333, #505, #2133, .T. ) ;
#1081 = VECTOR ( 'NONE', #1129, 1000.000000000000000 ) ;
#1082 = DIRECTION ( 'NONE',  ( -0.000000000000000000, -1.000000000000000000, -0.000000000000000000 ) ) ;
#1083 = CARTESIAN_POINT ( 'NONE',  ( 1.524999999999999911, 0.6647815070493501288, 0.4499999999999997891 ) ) ;
#1084 = CARTESIAN_POINT ( 'NONE',  ( 1.524999999999999911, 0.1499999999999999667, 1.099999999999999867 ) ) ;
#1085 = FILL_AREA_STYLE ('',( #2783 ) ) ;
#1086 = DIRECTION ( 'NONE',  ( 1.927470528863119542E-16, 0.000000000000000000, -1.000000000000000000 ) ) ;
#1087 = EDGE_CURVE ( 'NONE', #2875, #1625, #1060, .T. ) ;
#1088 = CARTESIAN_POINT ( 'NONE',  ( -1.074999999999999956, 0.1499999999999999944, 0.4500000000000001776 ) ) ;
#1089 = VECTOR ( 'NONE', #2423, 1000.000000000000000 ) ;
#1090 = CARTESIAN_POINT ( 'NONE',  ( 1.524999999999999911, 0.04999999999999999584, -0.4500000000000002887 ) ) ;
#1091 =( LENGTH_UNIT ( ) NAMED_UNIT ( * ) SI_UNIT ( .MILLI., .METRE. ) );
#1092 = FACE_BOUND ( 'NONE', #1693, .T. ) ;
#1093 = CARTESIAN_POINT ( 'NONE',  ( -0.7499999999999994449, 0.1499999999999999667, -1.124999999999999778 ) ) ;
#1094 = AXIS2_PLACEMENT_3D ( 'NONE', #2170, #944, #903 ) ;
#1095 = LINE ( 'NONE', #2551, #1169 ) ;
#1096 = CARTESIAN_POINT ( 'NONE',  ( -1.174999999999999822, 0.5999999999999999778, -1.175000000000000044 ) ) ;
#1097 = DIRECTION ( 'NONE',  ( 0.000000000000000000, 0.000000000000000000, -1.000000000000000000 ) ) ;
#1098 = CARTESIAN_POINT ( 'NONE',  ( -1.524999999999999911, 0.1499999999999999944, -1.100000000000000311 ) ) ;
#1099 = CARTESIAN_POINT ( 'NONE',  ( 1.074999999999999956, 0.6647815070493501288, 0.4500000000000001776 ) ) ;
#1100 = VECTOR ( 'NONE', #2992, 1000.000000000000000 ) ;
#1101 = AXIS2_PLACEMENT_3D ( 'NONE', #840, #551, #2267 ) ;
#1102 = EDGE_LOOP ( 'NONE', ( #1036, #619, #1177, #3096 ) ) ;
#1103 = CARTESIAN_POINT ( 'NONE',  ( -1.524999999999999911, 0.1499999999999999944, 0.4499999999999997891 ) ) ;
#1104 = FACE_OUTER_BOUND ( 'NONE', #2007, .T. ) ;
#1105 = EDGE_CURVE ( 'NONE', #2913, #2914, #1007, .T. ) ;
#1106 = EDGE_LOOP ( 'NONE', ( #2852, #2845, #1511, #820 ) ) ;
#1107 = CARTESIAN_POINT ( 'NONE',  ( -1.074999999999999956, 0.6647815070493501288, 0.1999999999999996503 ) ) ;
#1108 = ADVANCED_FACE ( 'NONE', ( #2128 ), #568, .F. ) ;
#1109 = VECTOR ( 'NONE', #2471, 1000.000000000000000 ) ;
#1110 = ORIENTED_EDGE ( 'NONE', *, *, #2213, .F. ) ;
#1111 = EDGE_CURVE ( 'NONE', #1529, #2050, #2124, .T. ) ;
#1112 = CARTESIAN_POINT ( 'NONE',  ( -1.074999999999999956, 0.000000000000000000, 1.100000000000000311 ) ) ;
#1113 = MANIFOLD_SOLID_BREP ( 'LPattern2[1]', #876 ) ;
#1114 = FACE_OUTER_BOUND ( 'NONE', #2576, .T. ) ;
#1115 = CARTESIAN_POINT ( 'NONE',  ( -1.074999999999999956, 0.05000000000000000278, 0.000000000000000000 ) ) ;
#1116 = VERTEX_POINT ( 'NONE', #1842 ) ;
#1117 = DIRECTION ( 'NONE',  ( 0.000000000000000000, 0.000000000000000000, -1.000000000000000000 ) ) ;
#1118 = EDGE_CURVE ( 'NONE', #2653, #794, #22, .T. ) ;
#1119 = PLANE ( 'NONE',  #1938 ) ;
#1120 = DIRECTION ( 'NONE',  ( -1.000000000000000000, -0.000000000000000000, -0.000000000000000000 ) ) ;
#1121 = LINE ( 'NONE', #1646, #2222 ) ;
#1122 = ORIENTED_EDGE ( 'NONE', *, *, #2788, .F. ) ;
#1123 = PLANE ( 'NONE',  #1372 ) ;
#1124 = LINE ( 'NONE', #839, #1164 ) ;
#1125 = UNCERTAINTY_MEASURE_WITH_UNIT (LENGTH_MEASURE( 1.000000000000000082E-05 ), #1457, 'distance_accuracy_value', 'NONE');
#1126 = ORIENTED_EDGE ( 'NONE', *, *, #644, .F. ) ;
#1127 = ADVANCED_FACE ( 'NONE', ( #1020 ), #2276, .T. ) ;
#1128 = CARTESIAN_POINT ( 'NONE',  ( 1.074999999999999956, 0.1499999999999999944, -1.100000000000000311 ) ) ;
#1129 = DIRECTION ( 'NONE',  ( 1.000000000000000000, -0.000000000000000000, 9.637352644315598694E-16 ) ) ;
#1130 = VECTOR ( 'NONE', #646, 1000.000000000000000 ) ;
#1131 = ORIENTED_EDGE ( 'NONE', *, *, #779, .F. ) ;
#1132 =( GEOMETRIC_REPRESENTATION_CONTEXT ( 3 ) GLOBAL_UNCERTAINTY_ASSIGNED_CONTEXT ( ( #704 ) ) GLOBAL_UNIT_ASSIGNED_CONTEXT ( ( #1835, #189, #2462 ) ) REPRESENTATION_CONTEXT ( 'NONE', 'WORKASPACE' ) );
#1133 = VECTOR ( 'NONE', #1356, 1000.000000000000000 ) ;
#1134 = VERTEX_POINT ( 'NONE', #128 ) ;
#1135 = CARTESIAN_POINT ( 'NONE',  ( 1.524999999999999911, 0.6647815070493501288, -0.8500000000000001998 ) ) ;
#1136 = AXIS2_PLACEMENT_3D ( 'NONE', #1202, #1411, #1710 ) ;
#1137 = CARTESIAN_POINT ( 'NONE',  ( 0.000000000000000000, 0.1499999999999999944, 0.000000000000000000 ) ) ;
#1138 = LINE ( 'NONE', #2160, #2200 ) ;
#1139 = ORIENTED_EDGE ( 'NONE', *, *, #1658, .T. ) ;
#1140 = CARTESIAN_POINT ( 'NONE',  ( -1.074999999999999956, 0.000000000000000000, 1.100000000000000311 ) ) ;
#1141 = EDGE_CURVE ( 'NONE', #3092, #1571, #2122, .T. ) ;
#1142 = FACE_OUTER_BOUND ( 'NONE', #2702, .T. ) ;
#1143 = VERTEX_POINT ( 'NONE', #1548 ) ;
#1144 = EDGE_CURVE ( 'NONE', #105, #859, #2115, .T. ) ;
#1145 = LINE ( 'NONE', #1068, #50 ) ;
#1146 = ORIENTED_EDGE ( 'NONE', *, *, #2046, .F. ) ;
#1147 = SURFACE_STYLE_USAGE ( .BOTH. , #1661 ) ;
#1148 = CARTESIAN_POINT ( 'NONE',  ( -1.074999999999999956, 0.000000000000000000, 0.8499999999999996447 ) ) ;
#1149 = VECTOR ( 'NONE', #518, 1000.000000000000000 ) ;
#1150 = DIRECTION ( 'NONE',  ( 0.000000000000000000, 0.000000000000000000, 1.000000000000000000 ) ) ;
#1151 = EDGE_CURVE ( 'NONE', #152, #872, #7, .T. ) ;
#1152 = PLANE ( 'NONE',  #627 ) ;
#1153 = ORIENTED_EDGE ( 'NONE', *, *, #146, .T. ) ;
#1154 = CARTESIAN_POINT ( 'NONE',  ( -1.524999999999999911, 0.1499999999999999944, -0.8500000000000001998 ) ) ;
#1155 = CARTESIAN_POINT ( 'NONE',  ( 0.000000000000000000, 0.1499999999999999944, 0.6500000000000000222 ) ) ;
#1156 = CIRCLE ( 'NONE', #2662, 0.1499999999999999667 ) ;
#1157 = ORIENTED_EDGE ( 'NONE', *, *, #2381, .F. ) ;
#1158 = CARTESIAN_POINT ( 'NONE',  ( -1.074999999999999956, 0.6647815070493501288, -0.8499999999999997558 ) ) ;
#1159 = FACE_OUTER_BOUND ( 'NONE', #849, .T. ) ;
#1160 = VERTEX_POINT ( 'NONE', #1570 ) ;
#1161 = ADVANCED_FACE ( 'NONE', ( #2036 ), #1655, .T. ) ;
#1162 = DIRECTION ( 'NONE',  ( -2.132856732758369605E-16, 0.000000000000000000, -1.000000000000000000 ) ) ;
#1163 = CARTESIAN_POINT ( 'NONE',  ( -1.074999999999999956, 0.1499999999999999944, -0.8499999999999997558 ) ) ;
#1164 = VECTOR ( 'NONE', #1309, 1000.000000000000000 ) ;
#1165 = AXIS2_PLACEMENT_3D ( 'NONE', #3006, #1233, #2221 ) ;
#1166 = ORIENTED_EDGE ( 'NONE', *, *, #1832, .T. ) ;
#1167 = DIRECTION ( 'NONE',  ( -0.000000000000000000, -0.000000000000000000, 1.000000000000000000 ) ) ;
#1168 = DIRECTION ( 'NONE',  ( 0.000000000000000000, 0.000000000000000000, 1.000000000000000000 ) ) ;
#1169 = VECTOR ( 'NONE', #2850, 1000.000000000000000 ) ;
#1170 = FILL_AREA_STYLE ('',( #1400 ) ) ;
#1171 = AXIS2_PLACEMENT_3D ( 'NONE', #2173, #2392, #1150 ) ;
#1172 = ORIENTED_EDGE ( 'NONE', *, *, #2121, .F. ) ;
#1173 = PLANE ( 'NONE',  #2915 ) ;
#1174 = LINE ( 'NONE', #95, #130 ) ;
#1175 = CARTESIAN_POINT ( 'NONE',  ( 0.000000000000000000, 0.000000000000000000, 0.000000000000000000 ) ) ;
#1176 = SURFACE_SIDE_STYLE ('',( #1929 ) ) ;
#1177 = ORIENTED_EDGE ( 'NONE', *, *, #2039, .T. ) ;
#1178 = EDGE_CURVE ( 'NONE', #380, #757, #2102, .T. ) ;
#1179 = CARTESIAN_POINT ( 'NONE',  ( -1.074999999999999956, 0.000000000000000000, -1.100000000000000311 ) ) ;
#1180 = LINE ( 'NONE', #2119, #2224 ) ;
#1181 = ORIENTED_EDGE ( 'NONE', *, *, #2498, .F. ) ;
#1182 = EDGE_CURVE ( 'NONE', #1758, #1843, #2, .T. ) ;
#1183 = DIRECTION ( 'NONE',  ( -1.000000000000000000, 0.000000000000000000, 0.000000000000000000 ) ) ;
#1184 = DIRECTION ( 'NONE',  ( 0.000000000000000000, 0.000000000000000000, -1.000000000000000000 ) ) ;
#1185 = EDGE_CURVE ( 'NONE', #2933, #152, #1056, .T. ) ;
#1186 = CYLINDRICAL_SURFACE ( 'NONE', #3042, 0.2000000000000000944 ) ;
#1187 = VERTEX_POINT ( 'NONE', #2615 ) ;
#1188 = CARTESIAN_POINT ( 'NONE',  ( -0.7499999999999995559, 0.05000000000000000278, -1.084202172485504187E-16 ) ) ;
#1189 = EDGE_CURVE ( 'NONE', #847, #469, #1062, .T. ) ;
#1190 = LINE ( 'NONE', #2622, #2292 ) ;
#1191 = DIRECTION ( 'NONE',  ( -0.000000000000000000, 0.000000000000000000, 1.000000000000000000 ) ) ;
#1192 = DIRECTION ( 'NONE',  ( 0.000000000000000000, 0.000000000000000000, -1.000000000000000000 ) ) ;
#1193 = VERTEX_POINT ( 'NONE', #2898 ) ;
#1194 = CARTESIAN_POINT ( 'NONE',  ( -1.074999999999999956, 0.1499999999999999667, 0.1999999999999996503 ) ) ;
#1195 = DIRECTION ( 'NONE',  ( 0.000000000000000000, -0.000000000000000000, -1.000000000000000000 ) ) ;
#1196 = LINE ( 'NONE', #2140, #1227 ) ;
#1197 = VERTEX_POINT ( 'NONE', #9 ) ;
#1198 = AXIS2_PLACEMENT_3D ( 'NONE', #79, #2759, #3020 ) ;
#1199 = ADVANCED_FACE ( 'NONE', ( #1072 ), #477, .F. ) ;
#1200 = LINE ( 'NONE', #1716, #2272 ) ;
#1201 = AXIS2_PLACEMENT_3D ( 'NONE', #335, #2113, #183 ) ;
#1202 = CARTESIAN_POINT ( 'NONE',  ( -1.074999999999999956, 0.6647815070493501288, -0.4500000000000002887 ) ) ;
#1203 = PLANE ( 'NONE',  #398 ) ;
#1204 = DIRECTION ( 'NONE',  ( -0.000000000000000000, -1.000000000000000000, -0.000000000000000000 ) ) ;
#1205 = VECTOR ( 'NONE', #1254, 1000.000000000000000 ) ;
#1206 = EDGE_LOOP ( 'NONE', ( #2600, #1974, #1858, #2393 ) ) ;
#1207 = CARTESIAN_POINT ( 'NONE',  ( 1.074999999999999956, 0.1499999999999999944, 1.100000000000000311 ) ) ;
#1208 = AXIS2_PLACEMENT_3D ( 'NONE', #2607, #2889, #1046 ) ;
#1209 = LINE ( 'NONE', #2904, #2263 ) ;
#1210 = DIRECTION ( 'NONE',  ( -1.000000000000000000, 0.000000000000000000, 0.000000000000000000 ) ) ;
#1211 = CARTESIAN_POINT ( 'NONE',  ( -1.524999999999999911, 0.1499999999999999944, -0.8500000000000001998 ) ) ;
#1212 = ADVANCED_FACE ( 'NONE', ( #1075 ), #760, .F. ) ;
#1213 = CARTESIAN_POINT ( 'NONE',  ( -1.074999999999999956, 0.6647815070493501288, -1.100000000000000311 ) ) ;
#1214 = EDGE_CURVE ( 'NONE', #1843, #1187, #2056, .T. ) ;
#1215 = VECTOR ( 'NONE', #1416, 1000.000000000000000 ) ;
#1216 = PLANE ( 'NONE',  #1455 ) ;
#1217 = CARTESIAN_POINT ( 'NONE',  ( 1.524999999999999911, 0.6647815070493501288, -1.100000000000000311 ) ) ;
#1218 = LINE ( 'NONE', #347, #1250 ) ;
#1219 = EDGE_CURVE ( 'NONE', #916, #2676, #29, .T. ) ;
#1220 = CARTESIAN_POINT ( 'NONE',  ( 1.074999999999999956, 0.1499999999999999944, 0.8499999999999996447 ) ) ;
#1221 = DIRECTION ( 'NONE',  ( 0.000000000000000000, -0.000000000000000000, 1.000000000000000000 ) ) ;
#1222 = PLANE ( 'NONE',  #1074 ) ;
#1223 = VECTOR ( 'NONE', #2096, 1000.000000000000000 ) ;
#1224 = CARTESIAN_POINT ( 'NONE',  ( -1.074999999999999956, 0.6647815070493501288, 0.4500000000000001776 ) ) ;
#1225 = DIRECTION ( 'NONE',  ( 7.109522442527898271E-17, 0.000000000000000000, 1.000000000000000000 ) ) ;
#1226 = DIRECTION ( 'NONE',  ( 7.109522442527898271E-17, -0.000000000000000000, 1.000000000000000000 ) ) ;
#1227 = VECTOR ( 'NONE', #389, 1000.000000000000000 ) ;
#1228 = PLANE ( 'NONE',  #2201 ) ;
#1229 = DIRECTION ( 'NONE',  ( -1.000000000000000000, 0.000000000000000000, -0.000000000000000000 ) ) ;
#1230 = LINE ( 'NONE', #2553, #2300 ) ;
#1231 = ADVANCED_FACE ( 'NONE', ( #2052 ), #1380, .T. ) ;
#1232 = CARTESIAN_POINT ( 'NONE',  ( -1.524999999999999911, 0.000000000000000000, -1.100000000000000311 ) ) ;
#1233 = DIRECTION ( 'NONE',  ( 0.000000000000000000, 1.000000000000000000, -0.000000000000000000 ) ) ;
#1234 = VECTOR ( 'NONE', #611, 1000.000000000000000 ) ;
#1235 = PRESENTATION_LAYER_ASSIGNMENT (  '', '', ( #2233 ) ) ;
#1236 = DIRECTION ( 'NONE',  ( 0.000000000000000000, 0.000000000000000000, 1.000000000000000000 ) ) ;
#1237 = DIRECTION ( 'NONE',  ( 0.000000000000000000, 0.000000000000000000, -1.000000000000000000 ) ) ;
#1238 = FACE_OUTER_BOUND ( 'NONE', #2818, .T. ) ;
#1239 = EDGE_CURVE ( 'NONE', #2533, #2564, #1030, .T. ) ;
#1240 = DIRECTION ( 'NONE',  ( 1.000000000000000000, -0.000000000000000000, 0.000000000000000000 ) ) ;
#1241 = ADVANCED_FACE ( 'NONE', ( #996 ), #1222, .F. ) ;
#1242 = VECTOR ( 'NONE', #2681, 1000.000000000000000 ) ;
#1243 = LINE ( 'NONE', #2644, #1299 ) ;
#1244 = EDGE_CURVE ( 'NONE', #118, #2913, #2075, .T. ) ;
#1245 = DIRECTION ( 'NONE',  ( 0.000000000000000000, -1.000000000000000000, 0.000000000000000000 ) ) ;
#1246 = FACE_OUTER_BOUND ( 'NONE', #2531, .T. ) ;
#1247 = FACE_OUTER_BOUND ( 'NONE', #1106, .T. ) ;
#1248 = DIRECTION ( 'NONE',  ( -0.000000000000000000, -1.000000000000000000, -0.000000000000000000 ) ) ;
#1249 = EDGE_CURVE ( 'NONE', #1774, #3030, #2120, .T. ) ;
#1250 = VECTOR ( 'NONE', #362, 1000.000000000000000 ) ;
#1251 = ADVANCED_FACE ( 'NONE', ( #2042 ), #2047, .T. ) ;
#1252 = CARTESIAN_POINT ( 'NONE',  ( -1.524999999999999911, 0.1499999999999999944, 0.4499999999999997891 ) ) ;
#1253 = VECTOR ( 'NONE', #1967, 1000.000000000000000 ) ;
#1254 = DIRECTION ( 'NONE',  ( 1.000000000000000000, -0.000000000000000000, -2.132856732758369605E-16 ) ) ;
#1255 = DIRECTION ( 'NONE',  ( 0.000000000000000000, 0.000000000000000000, 1.000000000000000000 ) ) ;
#1256 = LINE ( 'NONE', #1610, #202 ) ;
#1257 = VECTOR ( 'NONE', #1688, 1000.000000000000000 ) ;
#1258 = ADVANCED_FACE ( 'NONE', ( #1033 ), #2966, .T. ) ;
#1259 = AXIS2_PLACEMENT_3D ( 'NONE', #1099, #1922, #2811 ) ;
#1260 = DIRECTION ( 'NONE',  ( -1.000000000000000000, -0.000000000000000000, -0.000000000000000000 ) ) ;
#1261 = VECTOR ( 'NONE', #2091, 1000.000000000000000 ) ;
#1262 = CARTESIAN_POINT ( 'NONE',  ( 1.074999999999999956, 0.1499999999999999944, 1.100000000000000311 ) ) ;
#1263 = EDGE_CURVE ( 'NONE', #380, #2892, #2080, .T. ) ;
#1264 = DIRECTION ( 'NONE',  ( -1.000000000000000000, 0.000000000000000000, -9.637352644315598694E-16 ) ) ;
#1265 = LINE ( 'NONE', #2123, #2321 ) ;
#1266 =( LENGTH_UNIT ( ) NAMED_UNIT ( * ) SI_UNIT ( .MILLI., .METRE. ) );
#1267 = DIRECTION ( 'NONE',  ( -1.000000000000000000, 0.000000000000000000, 0.000000000000000000 ) ) ;
#1268 = EDGE_CURVE ( 'NONE', #2933, #2198, #1039, .T. ) ;
#1269 = FACE_OUTER_BOUND ( 'NONE', #3007, .T. ) ;
#1270 = DIRECTION ( 'NONE',  ( 0.000000000000000000, -0.000000000000000000, 1.000000000000000000 ) ) ;
#1271 = VECTOR ( 'NONE', #553, 1000.000000000000000 ) ;
#1272 = CARTESIAN_POINT ( 'NONE',  ( 1.524999999999999911, 0.1499999999999999944, -0.2000000000000002054 ) ) ;
#1273 = CARTESIAN_POINT ( 'NONE',  ( -1.074999999999999956, 0.1499999999999999667, -0.8499999999999997558 ) ) ;
#1274 = DIRECTION ( 'NONE',  ( -1.000000000000000000, 0.000000000000000000, 9.637352644315598694E-16 ) ) ;
#1275 = EDGE_CURVE ( 'NONE', #1768, #916, #2092, .T. ) ;
#1276 = DIRECTION ( 'NONE',  ( -1.421904488505579654E-16, 0.000000000000000000, -1.000000000000000000 ) ) ;
#1277 = EDGE_CURVE ( 'NONE', #2612, #445, #58, .T. ) ;
#1278 = LINE ( 'NONE', #744, #1257 ) ;
#1279 = DIRECTION ( 'NONE',  ( 0.000000000000000000, -1.000000000000000000, 0.000000000000000000 ) ) ;
#1280 = DIRECTION ( 'NONE',  ( 0.000000000000000000, 0.000000000000000000, 1.000000000000000000 ) ) ;
#1281 = ADVANCED_FACE ( 'NONE', ( #2183 ), #2066, .F. ) ;
#1282 = PRESENTATION_STYLE_ASSIGNMENT (( #1337 ) ) ;
#1283 = DIRECTION ( 'NONE',  ( 0.000000000000000000, 0.000000000000000000, -1.000000000000000000 ) ) ;
#1284 = FACE_OUTER_BOUND ( 'NONE', #1206, .T. ) ;
#1285 = DIRECTION ( 'NONE',  ( -0.000000000000000000, -0.000000000000000000, 1.000000000000000000 ) ) ;
#1286 = CARTESIAN_POINT ( 'NONE',  ( -1.074999999999999956, 0.1499999999999999944, 0.1999999999999996503 ) ) ;
#1287 = PLANE ( 'NONE',  #2196 ) ;
#1288 = VERTEX_POINT ( 'NONE', #132 ) ;
#1289 = DIRECTION ( 'NONE',  ( 0.000000000000000000, 0.000000000000000000, 1.000000000000000000 ) ) ;
#1290 = PLANE ( 'NONE',  #1857 ) ;
#1291 = CIRCLE ( 'NONE', #311, 0.2000000000000000944 ) ;
#1292 = STYLED_ITEM ( 'NONE', ( #2109 ), #1113 ) ;
#1293 = ORIENTED_EDGE ( 'NONE', *, *, #322, .F. ) ;
#1294 = VECTOR ( 'NONE', #38, 1000.000000000000000 ) ;
#1295 = CARTESIAN_POINT ( 'NONE',  ( 1.074999999999999956, 0.000000000000000000, -0.1999999999999997613 ) ) ;
#1296 = PLANE ( 'NONE',  #163 ) ;
#1297 = COLOUR_RGB ( '',0.7921568627450980005, 0.8196078431372548767, 0.9333333333333333481 ) ;
#1298 = VERTEX_POINT ( 'NONE', #3036 ) ;
#1299 = VECTOR ( 'NONE', #2922, 1000.000000000000000 ) ;
#1300 = AXIS2_PLACEMENT_3D ( 'NONE', #24, #2186, #403 ) ;
#1301 = CARTESIAN_POINT ( 'NONE',  ( 1.524999999999999911, 0.000000000000000000, 0.4499999999999997891 ) ) ;
#1302 = DIRECTION ( 'NONE',  ( 0.000000000000000000, -0.000000000000000000, 1.000000000000000000 ) ) ;
#1303 = VECTOR ( 'NONE', #973, 1000.000000000000000 ) ;
#1304 = FILL_AREA_STYLE ('',( #3073 ) ) ;
#1305 = ORIENTED_EDGE ( 'NONE', *, *, #3100, .T. ) ;
#1306 = FACE_OUTER_BOUND ( 'NONE', #1691, .T. ) ;
#1307 = EDGE_CURVE ( 'NONE', #656, #1808, #1145, .T. ) ;
#1308 = ADVANCED_FACE ( 'NONE', ( #117 ), #2510, .F. ) ;
#1309 = DIRECTION ( 'NONE',  ( 1.000000000000000000, 0.000000000000000000, 0.000000000000000000 ) ) ;
#1310 = CARTESIAN_POINT ( 'NONE',  ( -1.524999999999999911, 0.6647815070493501288, -0.2000000000000002054 ) ) ;
#1311 = VERTEX_POINT ( 'NONE', #3014 ) ;
#1312 = LINE ( 'NONE', #2025, #1294 ) ;
#1313 = CARTESIAN_POINT ( 'NONE',  ( 1.524999999999999911, 0.000000000000000000, -1.100000000000000311 ) ) ;
#1314 = EDGE_CURVE ( 'NONE', #1902, #455, #104, .T. ) ;
#1315 = DIRECTION ( 'NONE',  ( -1.000000000000000000, 0.000000000000000000, 9.637352644315598694E-16 ) ) ;
#1316 = EDGE_CURVE ( 'NONE', #2507, #671, #1124, .T. ) ;
#1317 = CARTESIAN_POINT ( 'NONE',  ( 0.7500000000000004441, 2.854163456597992088, -1.124999999999999556 ) ) ;
#1318 = VERTEX_POINT ( 'NONE', #94 ) ;
#1319 = FACE_OUTER_BOUND ( 'NONE', #764, .T. ) ;
#1320 = ORIENTED_EDGE ( 'NONE', *, *, #285, .T. ) ;
#1321 = DIRECTION ( 'NONE',  ( -1.000000000000000000, 0.000000000000000000, -9.637352644315598694E-16 ) ) ;
#1322 = DIRECTION ( 'NONE',  ( -1.000000000000000000, 0.000000000000000000, 9.637352644315598694E-16 ) ) ;
#1323 = VECTOR ( 'NONE', #2921, 1000.000000000000000 ) ;
#1324 = CARTESIAN_POINT ( 'NONE',  ( -1.074999999999999956, 0.1499999999999999944, 0.8499999999999996447 ) ) ;
#1325 = CLOSED_SHELL ( 'NONE', ( #18, #959, #1869, #1041, #1800, #1327 ) ) ;
#1326 = LINE ( 'NONE', #2071, #2356 ) ;
#1327 = ADVANCED_FACE ( 'NONE', ( #122 ), #314, .F. ) ;
#1328 = AXIS2_PLACEMENT_3D ( 'NONE', #167, #584, #2093 ) ;
#1329 =( NAMED_UNIT ( * ) PLANE_ANGLE_UNIT ( ) SI_UNIT ( $, .RADIAN. ) );
#1330 = CARTESIAN_POINT ( 'NONE',  ( 0.000000000000000000, 0.1499999999999999944, 1.949999999999999956 ) ) ;
#1331 = UNCERTAINTY_MEASURE_WITH_UNIT (LENGTH_MEASURE( 1.000000000000000082E-05 ), #2630, 'distance_accuracy_value', 'NONE');
#1332 = CARTESIAN_POINT ( 'NONE',  ( -1.074999999999999956, 0.1499999999999999944, -1.100000000000000311 ) ) ;
#1333 = VERTEX_POINT ( 'NONE', #662 ) ;
#1334 = VECTOR ( 'NONE', #1428, 1000.000000000000000 ) ;
#1335 = CARTESIAN_POINT ( 'NONE',  ( -1.074999999999999956, 0.6647815070493501288, 0.8499999999999996447 ) ) ;
#1336 = CARTESIAN_POINT ( 'NONE',  ( -1.524999999999999911, 0.05000000000000000278, -1.524999999999999245 ) ) ;
#1337 = SURFACE_STYLE_USAGE ( .BOTH. , #2813 ) ;
#1338 = AXIS2_PLACEMENT_3D ( 'NONE', #1407, #1675, #1755 ) ;
#1339 = PLANE ( 'NONE',  #392 ) ;
#1340 = EDGE_LOOP ( 'NONE', ( #2751, #1594, #631, #650 ) ) ;
#1341 = AXIS2_PLACEMENT_3D ( 'NONE', #360, #1349, #182 ) ;
#1342 = VECTOR ( 'NONE', #992, 1000.000000000000000 ) ;
#1343 = VECTOR ( 'NONE', #501, 1000.000000000000000 ) ;
#1344 = CARTESIAN_POINT ( 'NONE',  ( 1.074999999999999956, 0.000000000000000000, -0.1999999999999997613 ) ) ;
#1345 = DIRECTION ( 'NONE',  ( 1.000000000000000000, 0.000000000000000000, 0.000000000000000000 ) ) ;
#1346 = EDGE_CURVE ( 'NONE', #671, #743, #1095, .T. ) ;
#1347 =( NAMED_UNIT ( * ) PLANE_ANGLE_UNIT ( ) SI_UNIT ( $, .RADIAN. ) );
#1348 = VECTOR ( 'NONE', #868, 1000.000000000000000 ) ;
#1349 = DIRECTION ( 'NONE',  ( 0.000000000000000000, -0.000000000000000000, 1.000000000000000000 ) ) ;
#1350 = CARTESIAN_POINT ( 'NONE',  ( -1.524999999999999911, 0.6647815070493501288, -0.4500000000000002887 ) ) ;
#1351 = LINE ( 'NONE', #2189, #236 ) ;
#1352 = CARTESIAN_POINT ( 'NONE',  ( -0.7499999999999994449, 0.7156854249492380360, -1.124999999999999778 ) ) ;
#1353 = EDGE_CURVE ( 'NONE', #736, #2016, #2203, .T. ) ;
#1354 = FACE_OUTER_BOUND ( 'NONE', #771, .T. ) ;
#1355 = LINE ( 'NONE', #73, #2410 ) ;
#1356 = DIRECTION ( 'NONE',  ( -0.000000000000000000, -1.000000000000000000, -0.000000000000000000 ) ) ;
#1357 = LINE ( 'NONE', #1418, #1383 ) ;
#1358 = LINE ( 'NONE', #234, #2396 ) ;
#1359 = VECTOR ( 'NONE', #1453, 1000.000000000000000 ) ;
#1360 = PLANE ( 'NONE',  #2577 ) ;
#1361 = CARTESIAN_POINT ( 'NONE',  ( 0.000000000000000000, 0.000000000000000000, 1.300000000000000044 ) ) ;
#1362 = LINE ( 'NONE', #2642, #1323 ) ;
#1363 = DIRECTION ( 'NONE',  ( 1.000000000000000000, 0.000000000000000000, 0.000000000000000000 ) ) ;
#1364 = PRODUCT_RELATED_PRODUCT_CATEGORY ( 'part', '', ( #2266 ) ) ;
#1365 = VECTOR ( 'NONE', #303, 1000.000000000000000 ) ;
#1366 = DIRECTION ( 'NONE',  ( -1.445602896647339656E-16, 0.000000000000000000, 1.000000000000000000 ) ) ;
#1367 = CARTESIAN_POINT ( 'NONE',  ( 1.074999999999999956, 0.000000000000000000, -1.100000000000000311 ) ) ;
#1368 = DIRECTION ( 'NONE',  ( -9.637352644315598694E-16, 0.000000000000000000, -1.000000000000000000 ) ) ;
#1369 = COLOUR_RGB ( '',0.7921568627450980005, 0.8196078431372548767, 0.9333333333333333481 ) ;
#1370 = CARTESIAN_POINT ( 'NONE',  ( 0.7500000000000004441, 0.000000000000000000, -1.124999999999999556 ) ) ;
#1371 = LINE ( 'NONE', #223, #367 ) ;
#1372 = AXIS2_PLACEMENT_3D ( 'NONE', #2561, #3064, #961 ) ;
#1373 = DIRECTION ( 'NONE',  ( 0.000000000000000000, 0.000000000000000000, -1.000000000000000000 ) ) ;
#1374 = CARTESIAN_POINT ( 'NONE',  ( -0.5499999999999994893, 0.1499999999999999667, -1.124999999999999778 ) ) ;
#1375 = VECTOR ( 'NONE', #2979, 1000.000000000000000 ) ;
#1376 = EDGE_CURVE ( 'NONE', #2766, #781, #100, .T. ) ;
#1377 = LINE ( 'NONE', #1775, #2438 ) ;
#1378 = DIRECTION ( 'NONE',  ( 0.000000000000000000, 0.000000000000000000, -1.000000000000000000 ) ) ;
#1379 = DIRECTION ( 'NONE',  ( -1.445602896647339656E-16, 0.000000000000000000, 1.000000000000000000 ) ) ;
#1380 = PLANE ( 'NONE',  #2328 ) ;
#1381 = EDGE_CURVE ( 'NONE', #872, #1543, #85, .T. ) ;
#1382 = PLANE ( 'NONE',  #2754 ) ;
#1383 = VECTOR ( 'NONE', #1968, 1000.000000000000000 ) ;
#1384 = PLANE ( 'NONE',  #2403 ) ;
#1385 = EDGE_CURVE ( 'NONE', #101, #1, #1156, .T. ) ;
#1386 = CARTESIAN_POINT ( 'NONE',  ( 0.000000000000000000, 0.1499999999999999944, 0.000000000000000000 ) ) ;
#1387 = LINE ( 'NONE', #43, #2457 ) ;
#1388 = PLANE ( 'NONE',  #365 ) ;
#1389 = DIRECTION ( 'NONE',  ( 0.000000000000000000, 0.000000000000000000, -1.000000000000000000 ) ) ;
#1390 =( NAMED_UNIT ( * ) PLANE_ANGLE_UNIT ( ) SI_UNIT ( $, .RADIAN. ) );
#1391 = VECTOR ( 'NONE', #2973, 1000.000000000000000 ) ;
#1392 = VECTOR ( 'NONE', #3081, 1000.000000000000000 ) ;
#1393 = ADVANCED_FACE ( 'NONE', ( #2141 ), #1152, .F. ) ;
#1394 = DIRECTION ( 'NONE',  ( -0.000000000000000000, 0.000000000000000000, 1.000000000000000000 ) ) ;
#1395 = CARTESIAN_POINT ( 'NONE',  ( -1.524999999999999911, 0.1499999999999999944, 1.099999999999999867 ) ) ;
#1396 = DIRECTION ( 'NONE',  ( 1.000000000000000000, -0.000000000000000000, 9.637352644315598694E-16 ) ) ;
#1397 = AXIS2_PLACEMENT_3D ( 'NONE', #1515, #2474, #2284 ) ;
#1398 = CARTESIAN_POINT ( 'NONE',  ( 1.074999999999999956, 0.6647815070493501288, -0.8499999999999997558 ) ) ;
#1399 = VECTOR ( 'NONE', #1612, 1000.000000000000000 ) ;
#1400 = FILL_AREA_STYLE_COLOUR ( '', #756 ) ;
#1401 = CARTESIAN_POINT ( 'NONE',  ( -1.074999999999999956, 0.05000000000000000278, 0.000000000000000000 ) ) ;
#1402 = EDGE_CURVE ( 'NONE', #2507, #714, #2230, .T. ) ;
#1403 = DIRECTION ( 'NONE',  ( 0.000000000000000000, -0.000000000000000000, 1.000000000000000000 ) ) ;
#1404 = VECTOR ( 'NONE', #751, 1000.000000000000000 ) ;
#1405 = CARTESIAN_POINT ( 'NONE',  ( 1.074999999999999956, 0.04999999999999999584, -0.1999999999999997613 ) ) ;
#1406 = EDGE_CURVE ( 'NONE', #2914, #2913, #2216, .T. ) ;
#1407 = CARTESIAN_POINT ( 'NONE',  ( 1.074999999999999956, 0.6647815070493501288, 1.100000000000000311 ) ) ;
#1408 = FACE_OUTER_BOUND ( 'NONE', #1450, .T. ) ;
#1409 = EDGE_CURVE ( 'NONE', #1160, #2073, #2210, .T. ) ;
#1410 = FACE_OUTER_BOUND ( 'NONE', #684, .T. ) ;
#1411 = DIRECTION ( 'NONE',  ( 0.000000000000000000, -0.000000000000000000, 1.000000000000000000 ) ) ;
#1412 = DIRECTION ( 'NONE',  ( 1.000000000000000000, -0.000000000000000000, 0.000000000000000000 ) ) ;
#1413 = FACE_OUTER_BOUND ( 'NONE', #2382, .T. ) ;
#1414 = ADVANCED_FACE ( 'NONE', ( #2147 ), #1123, .F. ) ;
#1415 = CARTESIAN_POINT ( 'NONE',  ( -1.524999999999999911, 0.1499999999999999667, 1.099999999999999867 ) ) ;
#1416 = DIRECTION ( 'NONE',  ( 0.000000000000000000, -1.000000000000000000, 0.000000000000000000 ) ) ;
#1417 = LINE ( 'NONE', #1669, #2473 ) ;
#1418 = CARTESIAN_POINT ( 'NONE',  ( -1.524999999999999911, 0.1499999999999999944, 1.099999999999999867 ) ) ;
#1419 = CARTESIAN_POINT ( 'NONE',  ( -1.174999999999999822, 0.4999999999999998890, -1.175000000000000044 ) ) ;
#1420 =( GEOMETRIC_REPRESENTATION_CONTEXT ( 3 ) GLOBAL_UNCERTAINTY_ASSIGNED_CONTEXT ( ( #1831 ) ) GLOBAL_UNIT_ASSIGNED_CONTEXT ( ( #2190, #1347, #2389 ) ) REPRESENTATION_CONTEXT ( 'NONE', 'WORKASPACE' ) );
#1421 = LINE ( 'NONE', #103, #2477 ) ;
#1422 = VECTOR ( 'NONE', #1562, 1000.000000000000000 ) ;
#1423 = AXIS2_PLACEMENT_3D ( 'NONE', #2815, #2288, #2998 ) ;
#1424 = DIRECTION ( 'NONE',  ( -1.000000000000000000, 0.000000000000000000, -0.000000000000000000 ) ) ;
#1425 = CARTESIAN_POINT ( 'NONE',  ( -1.174999999999999822, 0.5999999999999999778, -1.025000000000000133 ) ) ;
#1426 = DIRECTION ( 'NONE',  ( 0.000000000000000000, 0.000000000000000000, 1.000000000000000000 ) ) ;
#1427 = EDGE_LOOP ( 'NONE', ( #1883, #145, #1643, #2117 ) ) ;
#1428 = DIRECTION ( 'NONE',  ( 0.000000000000000000, 0.000000000000000000, -1.000000000000000000 ) ) ;
#1429 = VECTOR ( 'NONE', #844, 1000.000000000000000 ) ;
#1430 = STYLED_ITEM ( 'NONE', ( #1980 ), #710 ) ;
#1431 = DIRECTION ( 'NONE',  ( -0.000000000000000000, -0.000000000000000000, 1.000000000000000000 ) ) ;
#1432 = ORIENTED_EDGE ( 'NONE', *, *, #890, .F. ) ;
#1433 = PLANE ( 'NONE',  #1988 ) ;
#1434 = EDGE_CURVE ( 'NONE', #1680, #1881, #2235, .T. ) ;
#1435 = LINE ( 'NONE', #176, #1438 ) ;
#1436 = SURFACE_STYLE_FILL_AREA ( #2703 ) ;
#1437 = EDGE_CURVE ( 'NONE', #586, #1571, #1138, .T. ) ;
#1438 = VECTOR ( 'NONE', #681, 1000.000000000000000 ) ;
#1439 = EDGE_CURVE ( 'NONE', #1298, #1978, #2150, .T. ) ;
#1440 = VECTOR ( 'NONE', #801, 1000.000000000000000 ) ;
#1441 = CARTESIAN_POINT ( 'NONE',  ( -1.524999999999999911, 0.1499999999999999944, 1.099999999999999867 ) ) ;
#1442 = CARTESIAN_POINT ( 'NONE',  ( -1.074999999999999956, 0.6647815070493501288, 0.4500000000000001776 ) ) ;
#1443 = DIRECTION ( 'NONE',  ( 0.000000000000000000, 0.000000000000000000, 1.000000000000000000 ) ) ;
#1444 = ORIENTED_EDGE ( 'NONE', *, *, #333, .T. ) ;
#1445 = CARTESIAN_POINT ( 'NONE',  ( 1.524999999999999911, 0.05000000000000000278, -0.8500000000000001998 ) ) ;
#1446 = LINE ( 'NONE', #35, #406 ) ;
#1447 = DIRECTION ( 'NONE',  ( 1.000000000000000000, -0.000000000000000000, 0.000000000000000000 ) ) ;
#1448 = ADVANCED_FACE ( 'NONE', ( #1114 ), #1901, .F. ) ;
#1449 =( NAMED_UNIT ( * ) SI_UNIT ( $, .STERADIAN. ) SOLID_ANGLE_UNIT ( ) );
#1450 = EDGE_LOOP ( 'NONE', ( #2211, #2067, #1659, #2994 ) ) ;
#1451 = VERTEX_POINT ( 'NONE', #1103 ) ;
#1452 = LINE ( 'NONE', #2627, #2580 ) ;
#1453 = DIRECTION ( 'NONE',  ( -0.000000000000000000, 1.000000000000000000, -0.000000000000000000 ) ) ;
#1454 = ORIENTED_EDGE ( 'NONE', *, *, #2926, .T. ) ;
#1455 = AXIS2_PLACEMENT_3D ( 'NONE', #2888, #1559, #2836 ) ;
#1456 = ORIENTED_EDGE ( 'NONE', *, *, #1882, .T. ) ;
#1457 =( LENGTH_UNIT ( ) NAMED_UNIT ( * ) SI_UNIT ( .MILLI., .METRE. ) );
#1458 = PLANE ( 'NONE',  #1338 ) ;
#1459 = ADVANCED_FACE ( 'NONE', ( #2195 ), #171, .F. ) ;
#1460 = ORIENTED_EDGE ( 'NONE', *, *, #44, .F. ) ;
#1461 = PLANE ( 'NONE',  #203 ) ;
#1462 = AXIS2_PLACEMENT_3D ( 'NONE', #2466, #2483, #1264 ) ;
#1463 = EDGE_LOOP ( 'NONE', ( #1496, #1508, #2535, #2719 ) ) ;
#1464 = DIRECTION ( 'NONE',  ( 1.000000000000000000, 0.000000000000000000, 0.000000000000000000 ) ) ;
#1465 = VERTEX_POINT ( 'NONE', #1619 ) ;
#1466 = CARTESIAN_POINT ( 'NONE',  ( 0.000000000000000000, 0.000000000000000000, 0.000000000000000000 ) ) ;
#1467 = ORIENTED_EDGE ( 'NONE', *, *, #1481, .T. ) ;
#1468 =( GEOMETRIC_REPRESENTATION_CONTEXT ( 3 ) GLOBAL_UNCERTAINTY_ASSIGNED_CONTEXT ( ( #1125 ) ) GLOBAL_UNIT_ASSIGNED_CONTEXT ( ( #1457, #1390, #510 ) ) REPRESENTATION_CONTEXT ( 'NONE', 'WORKASPACE' ) );
#1469 = CARTESIAN_POINT ( 'NONE',  ( -0.7499999999999997780, 2.854163456597992088, 1.125000000000000222 ) ) ;
#1470 = VECTOR ( 'NONE', #2730, 1000.000000000000000 ) ;
#1471 = DIRECTION ( 'NONE',  ( 0.000000000000000000, 0.000000000000000000, -1.000000000000000000 ) ) ;
#1472 = VERTEX_POINT ( 'NONE', #379 ) ;
#1473 = LINE ( 'NONE', #712, #433 ) ;
#1474 = ADVANCED_FACE ( 'NONE', ( #1159 ), #673, .T. ) ;
#1475 = EDGE_CURVE ( 'NONE', #1501, #746, #2161, .T. ) ;
#1476 = LINE ( 'NONE', #206, #485 ) ;
#1477 = CARTESIAN_POINT ( 'NONE',  ( 0.7500000000000000000, 0.05000000000000012768, 1.125000000000000222 ) ) ;
#1478 = ORIENTED_EDGE ( 'NONE', *, *, #1144, .F. ) ;
#1479 = ORIENTED_EDGE ( 'NONE', *, *, #1519, .T. ) ;
#1480 = CARTESIAN_POINT ( 'NONE',  ( 1.524999999999999911, 0.1499999999999999667, 0.8499999999999996447 ) ) ;
#1481 = EDGE_CURVE ( 'NONE', #2901, #2914, #1121, .T. ) ;
#1482 = ORIENTED_EDGE ( 'NONE', *, *, #1105, .F. ) ;
#1483 = CARTESIAN_POINT ( 'NONE',  ( -1.074999999999999956, 0.000000000000000000, 0.8499999999999996447 ) ) ;
#1484 = VERTEX_POINT ( 'NONE', #5 ) ;
#1485 = FACE_OUTER_BOUND ( 'NONE', #2951, .T. ) ;
#1486 = ADVANCED_FACE ( 'NONE', ( #1142 ), #418, .F. ) ;
#1487 =( NAMED_UNIT ( * ) SI_UNIT ( $, .STERADIAN. ) SOLID_ANGLE_UNIT ( ) );
#1488 = CARTESIAN_POINT ( 'NONE',  ( -1.074999999999999956, 0.6647815070493501288, 0.4500000000000001776 ) ) ;
#1489 = ORIENTED_EDGE ( 'NONE', *, *, #1406, .F. ) ;
#1490 = CARTESIAN_POINT ( 'NONE',  ( -1.074999999999999956, 0.1499999999999999944, -1.100000000000000311 ) ) ;
#1491 = ORIENTED_EDGE ( 'NONE', *, *, #220, .F. ) ;
#1492 = DIRECTION ( 'NONE',  ( -1.000000000000000000, 0.000000000000000000, 0.000000000000000000 ) ) ;
#1493 = FACE_OUTER_BOUND ( 'NONE', #458, .T. ) ;
#1494 = EDGE_LOOP ( 'NONE', ( #1846, #1751, #1305, #2387 ) ) ;
#1495 = CARTESIAN_POINT ( 'NONE',  ( -1.174999999999999822, 0.5999999999999999778, -1.025000000000000133 ) ) ;
#1496 = ORIENTED_EDGE ( 'NONE', *, *, #1239, .T. ) ;
#1497 = VECTOR ( 'NONE', #1226, 1000.000000000000000 ) ;
#1498 = DIRECTION ( 'NONE',  ( -1.421904488505579654E-16, -0.000000000000000000, -1.000000000000000000 ) ) ;
#1499 = ORIENTED_EDGE ( 'NONE', *, *, #1759, .T. ) ;
#1500 = APPLICATION_PROTOCOL_DEFINITION ( 'draft international standard', 'automotive_design', 1998, #2446 ) ;
#1501 = VERTEX_POINT ( 'NONE', #2098 ) ;
#1502 = CARTESIAN_POINT ( 'NONE',  ( 1.074999999999999956, 0.04999999999999999584, 1.100000000000000311 ) ) ;
#1503 = DIRECTION ( 'NONE',  ( -0.000000000000000000, -1.000000000000000000, -0.000000000000000000 ) ) ;
#1504 = AXIS2_PLACEMENT_3D ( 'NONE', #2451, #2965, #271 ) ;
#1505 = VERTEX_POINT ( 'NONE', #1859 ) ;
#1506 = CARTESIAN_POINT ( 'NONE',  ( -1.074999999999999956, 0.1499999999999999944, 0.1999999999999996503 ) ) ;
#1507 = EDGE_LOOP ( 'NONE', ( #2683, #594, #647, #2744 ) ) ;
#1508 = ORIENTED_EDGE ( 'NONE', *, *, #600, .F. ) ;
#1509 = VECTOR ( 'NONE', #349, 1000.000000000000000 ) ;
#1510 = CARTESIAN_POINT ( 'NONE',  ( -1.174999999999999822, 0.4999999999999998890, -1.175000000000000044 ) ) ;
#1511 = ORIENTED_EDGE ( 'NONE', *, *, #2270, .T. ) ;
#1512 = EDGE_CURVE ( 'NONE', #1333, #2875, #1180, .T. ) ;
#1513 = CARTESIAN_POINT ( 'NONE',  ( -1.524999999999999911, 0.000000000000000000, 0.1999999999999996503 ) ) ;
#1514 = ORIENTED_EDGE ( 'NONE', *, *, #1057, .F. ) ;
#1515 = CARTESIAN_POINT ( 'NONE',  ( -1.074999999999999956, 0.6647815070493501288, 0.1999999999999996503 ) ) ;
#1516 = ORIENTED_EDGE ( 'NONE', *, *, #651, .F. ) ;
#1517 = PLANE ( 'NONE',  #2953 ) ;
#1518 = EDGE_LOOP ( 'NONE', ( #1157, #3114, #891, #509 ) ) ;
#1519 = EDGE_CURVE ( 'NONE', #1978, #2247, #2171, .T. ) ;
#1520 = VERTEX_POINT ( 'NONE', #2472 ) ;
#1521 = ORIENTED_EDGE ( 'NONE', *, *, #2860, .T. ) ;
#1522 = VECTOR ( 'NONE', #699, 1000.000000000000000 ) ;
#1523 = CARTESIAN_POINT ( 'NONE',  ( 0.000000000000000000, 0.1499999999999999944, 0.6500000000000000222 ) ) ;
#1524 = EDGE_LOOP ( 'NONE', ( #1478, #2541, #1460, #811 ) ) ;
#1525 = EDGE_CURVE ( 'NONE', #2073, #2050, #1174, .T. ) ;
#1526 = ORIENTED_EDGE ( 'NONE', *, *, #813, .F. ) ;
#1527 = DIRECTION ( 'NONE',  ( 0.000000000000000000, 0.000000000000000000, -1.000000000000000000 ) ) ;
#1528 = LINE ( 'NONE', #892, #459 ) ;
#1529 = VERTEX_POINT ( 'NONE', #3017 ) ;
#1530 = ORIENTED_EDGE ( 'NONE', *, *, #2310, .F. ) ;
#1531 = VECTOR ( 'NONE', #614, 1000.000000000000000 ) ;
#1532 = VERTEX_POINT ( 'NONE', #1981 ) ;
#1533 = DIRECTION ( 'NONE',  ( 0.000000000000000000, 0.000000000000000000, 1.000000000000000000 ) ) ;
#1534 = ORIENTED_EDGE ( 'NONE', *, *, #1385, .T. ) ;
#1535 = VECTOR ( 'NONE', #336, 1000.000000000000000 ) ;
#1536 = FILL_AREA_STYLE_COLOUR ( '', #2528 ) ;
#1537 = ORIENTED_EDGE ( 'NONE', *, *, #2243, .T. ) ;
#1538 = DIRECTION ( 'NONE',  ( 0.000000000000000000, 0.000000000000000000, -1.000000000000000000 ) ) ;
#1539 = AXIS2_PLACEMENT_3D ( 'NONE', #1330, #1553, #1580 ) ;
#1540 = DIRECTION ( 'NONE',  ( 1.445602896647339163E-16, 0.000000000000000000, -1.000000000000000000 ) ) ;
#1541 = ORIENTED_EDGE ( 'NONE', *, *, #750, .T. ) ;
#1542 = ADVANCED_FACE ( 'NONE', ( #2192 ), #2282, .F. ) ;
#1543 = VERTEX_POINT ( 'NONE', #1084 ) ;
#1544 = UNCERTAINTY_MEASURE_WITH_UNIT (LENGTH_MEASURE( 1.000000000000000082E-05 ), #1771, 'distance_accuracy_value', 'NONE');
#1545 = AXIS2_PLACEMENT_3D ( 'NONE', #106, #3029, #127 ) ;
#1546 = ORIENTED_EDGE ( 'NONE', *, *, #2305, .T. ) ;
#1547 = CARTESIAN_POINT ( 'NONE',  ( -1.074999999999999956, 0.1499999999999999667, -0.1999999999999997613 ) ) ;
#1548 = CARTESIAN_POINT ( 'NONE',  ( -1.524999999999999911, 0.05000000000000000278, -1.524999999999999245 ) ) ;
#1549 = ORIENTED_EDGE ( 'NONE', *, *, #1481, .F. ) ;
#1550 = ORIENTED_EDGE ( 'NONE', *, *, #414, .T. ) ;
#1551 = EDGE_CURVE ( 'NONE', #2676, #448, #2176, .T. ) ;
#1552 = CARTESIAN_POINT ( 'NONE',  ( -1.927470528863107462E-16, 0.05000000000000000278, -0.1999999999999987343 ) ) ;
#1553 = DIRECTION ( 'NONE',  ( 0.000000000000000000, -1.000000000000000000, 0.000000000000000000 ) ) ;
#1554 = ORIENTED_EDGE ( 'NONE', *, *, #1648, .T. ) ;
#1555 = DIRECTION ( 'NONE',  ( -1.000000000000000000, 0.000000000000000000, 0.000000000000000000 ) ) ;
#1556 = DIRECTION ( 'NONE',  ( -0.000000000000000000, -1.000000000000000000, -0.000000000000000000 ) ) ;
#1557 = ORIENTED_EDGE ( 'NONE', *, *, #2633, .T. ) ;
#1558 = EDGE_CURVE ( 'NONE', #1187, #249, #32, .T. ) ;
#1559 = DIRECTION ( 'NONE',  ( 0.000000000000000000, 0.000000000000000000, 1.000000000000000000 ) ) ;
#1560 =( NAMED_UNIT ( * ) PLANE_ANGLE_UNIT ( ) SI_UNIT ( $, .RADIAN. ) );
#1561 = VERTEX_POINT ( 'NONE', #454 ) ;
#1562 = DIRECTION ( 'NONE',  ( 0.000000000000000000, 0.000000000000000000, -1.000000000000000000 ) ) ;
#1563 = CARTESIAN_POINT ( 'NONE',  ( 0.7500000000000004441, 2.854163456597992088, -1.124999999999999556 ) ) ;
#1564 = ADVANCED_FACE ( 'NONE', ( #37 ), #1814, .T. ) ;
#1565 = VERTEX_POINT ( 'NONE', #1445 ) ;
#1566 = ORIENTED_EDGE ( 'NONE', *, *, #1916, .F. ) ;
#1567 = EDGE_LOOP ( 'NONE', ( #2872, #1456, #775, #2563 ) ) ;
#1568 = ORIENTED_EDGE ( 'NONE', *, *, #1718, .T. ) ;
#1569 = CARTESIAN_POINT ( 'NONE',  ( 1.524999999999999911, 0.04999999999999999584, -1.100000000000000311 ) ) ;
#1570 = CARTESIAN_POINT ( 'NONE',  ( 1.074999999999999956, 0.1499999999999999944, 0.1999999999999996503 ) ) ;
#1571 = VERTEX_POINT ( 'NONE', #1769 ) ;
#1572 = ORIENTED_EDGE ( 'NONE', *, *, #1182, .T. ) ;
#1573 = ORIENTED_EDGE ( 'NONE', *, *, #3063, .T. ) ;
#1574 = DIRECTION ( 'NONE',  ( 0.000000000000000000, -1.000000000000000000, 0.000000000000000000 ) ) ;
#1575 = ORIENTED_EDGE ( 'NONE', *, *, #2786, .F. ) ;
#1576 = ORIENTED_EDGE ( 'NONE', *, *, #2977, .T. ) ;
#1577 = AXIS2_PLACEMENT_3D ( 'NONE', #2798, #602, #358 ) ;
#1578 = ORIENTED_EDGE ( 'NONE', *, *, #405, .T. ) ;
#1579 = DIRECTION ( 'NONE',  ( -1.000000000000000000, 0.000000000000000000, -0.000000000000000000 ) ) ;
#1580 = DIRECTION ( 'NONE',  ( 0.000000000000000000, 0.000000000000000000, -1.000000000000000000 ) ) ;
#1581 = ORIENTED_EDGE ( 'NONE', *, *, #788, .T. ) ;
#1582 = CARTESIAN_POINT ( 'NONE',  ( -1.524999999999999911, 0.000000000000000000, 0.4499999999999997891 ) ) ;
#1583 = DIRECTION ( 'NONE',  ( -0.000000000000000000, 1.000000000000000000, 0.000000000000000000 ) ) ;
#1584 = ORIENTED_EDGE ( 'NONE', *, *, #289, .F. ) ;
#1585 = LINE ( 'NONE', #1955, #2511 ) ;
#1586 = ORIENTED_EDGE ( 'NONE', *, *, #2206, .T. ) ;
#1587 = AXIS2_PLACEMENT_3D ( 'NONE', #239, #768, #410 ) ;
#1588 = ORIENTED_EDGE ( 'NONE', *, *, #2825, .F. ) ;
#1589 = PLANE ( 'NONE',  #238 ) ;
#1590 = DIRECTION ( 'NONE',  ( 0.000000000000000000, -1.000000000000000000, 0.000000000000000000 ) ) ;
#1591 = ORIENTED_EDGE ( 'NONE', *, *, #491, .T. ) ;
#1592 = ORIENTED_EDGE ( 'NONE', *, *, #1519, .F. ) ;
#1593 = ORIENTED_EDGE ( 'NONE', *, *, #2970, .F. ) ;
#1594 = ORIENTED_EDGE ( 'NONE', *, *, #2534, .F. ) ;
#1595 = AXIS2_PLACEMENT_3D ( 'NONE', #816, #2991, #1097 ) ;
#1596 = ADVANCED_FACE ( 'NONE', ( #1092, #91 ), #2207, .T. ) ;
#1597 = VERTEX_POINT ( 'NONE', #1513 ) ;
#1598 = CARTESIAN_POINT ( 'NONE',  ( 1.524999999999999911, 0.000000000000000000, -0.2000000000000002054 ) ) ;
#1599 = CARTESIAN_POINT ( 'NONE',  ( -1.174999999999999822, 0.4999999999999998890, -1.324999999999999956 ) ) ;
#1600 = VECTOR ( 'NONE', #3055, 1000.000000000000000 ) ;
#1601 = ORIENTED_EDGE ( 'NONE', *, *, #3016, .F. ) ;
#1602 = ORIENTED_EDGE ( 'NONE', *, *, #497, .F. ) ;
#1603 = EDGE_CURVE ( 'NONE', #3030, #281, #2145, .T. ) ;
#1604 = DIRECTION ( 'NONE',  ( 1.000000000000000000, 0.000000000000000000, -2.132856732758369605E-16 ) ) ;
#1605 = ORIENTED_EDGE ( 'NONE', *, *, #1718, .F. ) ;
#1606 = VECTOR ( 'NONE', #2878, 1000.000000000000000 ) ;
#1607 = ORIENTED_EDGE ( 'NONE', *, *, #2970, .T. ) ;
#1608 = DIRECTION ( 'NONE',  ( -1.000000000000000000, 0.000000000000000000, 9.637352644315598694E-16 ) ) ;
#1609 = ORIENTED_EDGE ( 'NONE', *, *, #938, .F. ) ;
#1610 = CARTESIAN_POINT ( 'NONE',  ( -4.336808689942031048E-16, 0.05000000000000000278, 0.4500000000000012323 ) ) ;
#1611 = EDGE_CURVE ( 'NONE', #1597, #1727, #75, .T. ) ;
#1612 = DIRECTION ( 'NONE',  ( 0.000000000000000000, -1.000000000000000000, 0.000000000000000000 ) ) ;
#1613 = VERTEX_POINT ( 'NONE', #2045 ) ;
#1614 = LINE ( 'NONE', #1252, #624 ) ;
#1615 = ORIENTED_EDGE ( 'NONE', *, *, #606, .F. ) ;
#1616 = ORIENTED_EDGE ( 'NONE', *, *, #2238, .F. ) ;
#1617 = SURFACE_STYLE_USAGE ( .BOTH. , #1176 ) ;
#1618 = ADVANCED_FACE ( 'NONE', ( #1104 ), #1287, .F. ) ;
#1619 = CARTESIAN_POINT ( 'NONE',  ( 1.524999999999999911, 0.000000000000000000, -0.8500000000000001998 ) ) ;
#1620 = EDGE_CURVE ( 'NONE', #1465, #2548, #55, .T. ) ;
#1621 = ORIENTED_EDGE ( 'NONE', *, *, #373, .F. ) ;
#1622 = CYLINDRICAL_SURFACE ( 'NONE', #1048, 0.1499999999999999667 ) ;
#1623 = ORIENTED_EDGE ( 'NONE', *, *, #2314, .T. ) ;
#1624 = ORIENTED_EDGE ( 'NONE', *, *, #1219, .T. ) ;
#1625 = VERTEX_POINT ( 'NONE', #521 ) ;
#1626 = CARTESIAN_POINT ( 'NONE',  ( -1.524999999999999911, 0.000000000000000000, -0.2000000000000002054 ) ) ;
#1627 = PLANE ( 'NONE',  #2463 ) ;
#1628 = DIRECTION ( 'NONE',  ( -9.637352644315598694E-16, 0.000000000000000000, -1.000000000000000000 ) ) ;
#1629 = EDGE_LOOP ( 'NONE', ( #734, #2557, #422, #506 ) ) ;
#1630 = ORIENTED_EDGE ( 'NONE', *, *, #2738, .T. ) ;
#1631 = CARTESIAN_POINT ( 'NONE',  ( 1.074999999999999956, 0.000000000000000000, -1.100000000000000311 ) ) ;
#1632 = STYLED_ITEM ( 'NONE', ( #2975 ), #2337 ) ;
#1633 = ADVANCED_FACE ( 'NONE', ( #81 ), #1015, .F. ) ;
#1634 = ORIENTED_EDGE ( 'NONE', *, *, #543, .T. ) ;
#1635 = VECTOR ( 'NONE', #175, 1000.000000000000000 ) ;
#1636 = ORIENTED_EDGE ( 'NONE', *, *, #1346, .T. ) ;
#1637 = ORIENTED_EDGE ( 'NONE', *, *, #83, .T. ) ;
#1638 = CARTESIAN_POINT ( 'NONE',  ( -1.074999999999999956, 0.1499999999999999667, 1.100000000000000311 ) ) ;
#1639 = AXIS2_PLACEMENT_3D ( 'NONE', #258, #2214, #42 ) ;
#1640 = CARTESIAN_POINT ( 'NONE',  ( -1.174999999999999822, 0.4999999999999998890, -1.175000000000000044 ) ) ;
#1641 = ORIENTED_EDGE ( 'NONE', *, *, #947, .T. ) ;
#1642 = LINE ( 'NONE', #2165, #2840 ) ;
#1643 = ORIENTED_EDGE ( 'NONE', *, *, #1080, .T. ) ;
#1644 = ORIENTED_EDGE ( 'NONE', *, *, #1702, .T. ) ;
#1645 = PLANE ( 'NONE',  #2397 ) ;
#1646 = CARTESIAN_POINT ( 'NONE',  ( -1.174999999999999822, 0.07573593128807146191, -1.025000000000000133 ) ) ;
#1647 = ORIENTED_EDGE ( 'NONE', *, *, #157, .T. ) ;
#1648 = EDGE_CURVE ( 'NONE', #1727, #828, #1200, .T. ) ;
#1649 = LINE ( 'NONE', #2204, #676 ) ;
#1650 = ORIENTED_EDGE ( 'NONE', *, *, #153, .T. ) ;
#1651 = ORIENTED_EDGE ( 'NONE', *, *, #1275, .F. ) ;
#1652 = ORIENTED_EDGE ( 'NONE', *, *, #1263, .T. ) ;
#1653 = CARTESIAN_POINT ( 'NONE',  ( -1.524999999999999911, 0.05000000000000000278, -1.524999999999999245 ) ) ;
#1654 = DIRECTION ( 'NONE',  ( 0.000000000000000000, 1.000000000000000000, 0.000000000000000000 ) ) ;
#1655 = PLANE ( 'NONE',  #1899 ) ;
#1656 = LINE ( 'NONE', #1034, #1705 ) ;
#1657 = SURFACE_STYLE_FILL_AREA ( #2537 ) ;
#1658 = EDGE_CURVE ( 'NONE', #481, #82, #2295, .T. ) ;
#1659 = ORIENTED_EDGE ( 'NONE', *, *, #2547, .T. ) ;
#1660 = ORIENTED_EDGE ( 'NONE', *, *, #1863, .T. ) ;
#1661 = SURFACE_SIDE_STYLE ('',( #878 ) ) ;
#1662 = EDGE_LOOP ( 'NONE', ( #1679, #1578, #1534, #2021 ) ) ;
#1663 = LINE ( 'NONE', #547, #571 ) ;
#1664 = ORIENTED_EDGE ( 'NONE', *, *, #1437, .F. ) ;
#1665 = DIRECTION ( 'NONE',  ( 1.000000000000000000, 0.000000000000000000, 0.000000000000000000 ) ) ;
#1666 = EDGE_CURVE ( 'NONE', #2500, #2612, #191, .T. ) ;
#1667 = ORIENTED_EDGE ( 'NONE', *, *, #1376, .F. ) ;
#1668 = DIRECTION ( 'NONE',  ( 0.000000000000000000, 1.000000000000000000, 0.000000000000000000 ) ) ;
#1669 = CARTESIAN_POINT ( 'NONE',  ( 1.074999999999999956, 0.1499999999999999944, -0.4500000000000002887 ) ) ;
#1670 = ORIENTED_EDGE ( 'NONE', *, *, #2442, .T. ) ;
#1671 = LINE ( 'NONE', #2354, #608 ) ;
#1672 = ORIENTED_EDGE ( 'NONE', *, *, #125, .T. ) ;
#1673 = VERTEX_POINT ( 'NONE', #2969 ) ;
#1674 = SURFACE_STYLE_USAGE ( .BOTH. , #957 ) ;
#1675 = DIRECTION ( 'NONE',  ( 1.000000000000000000, -0.000000000000000000, 0.000000000000000000 ) ) ;
#1676 = ORIENTED_EDGE ( 'NONE', *, *, #943, .F. ) ;
#1677 = VECTOR ( 'NONE', #2568, 1000.000000000000000 ) ;
#1678 = ORIENTED_EDGE ( 'NONE', *, *, #83, .F. ) ;
#1679 = ORIENTED_EDGE ( 'NONE', *, *, #3137, .F. ) ;
#1680 = VERTEX_POINT ( 'NONE', #54 ) ;
#1681 = CARTESIAN_POINT ( 'NONE',  ( 1.074999999999999956, 0.000000000000000000, 0.4500000000000001776 ) ) ;
#1682 = DIRECTION ( 'NONE',  ( 0.000000000000000000, -0.000000000000000000, 1.000000000000000000 ) ) ;
#1683 = VECTOR ( 'NONE', #1464, 1000.000000000000000 ) ;
#1684 = ORIENTED_EDGE ( 'NONE', *, *, #1029, .F. ) ;
#1685 = AXIS2_PLACEMENT_3D ( 'NONE', #555, #2677, #1471 ) ;
#1686 = ORIENTED_EDGE ( 'NONE', *, *, #1118, .T. ) ;
#1687 = DIRECTION ( 'NONE',  ( -0.000000000000000000, -1.000000000000000000, -0.000000000000000000 ) ) ;
#1688 = DIRECTION ( 'NONE',  ( 0.000000000000000000, 0.000000000000000000, -1.000000000000000000 ) ) ;
#1689 = ORIENTED_EDGE ( 'NONE', *, *, #2118, .T. ) ;
#1690 = FACE_OUTER_BOUND ( 'NONE', #156, .T. ) ;
#1691 = EDGE_LOOP ( 'NONE', ( #1678, #2589, #1621, #2618 ) ) ;
#1692 = DIRECTION ( 'NONE',  ( 9.637352644315598694E-16, 0.000000000000000000, -1.000000000000000000 ) ) ;
#1693 = EDGE_LOOP ( 'NONE', ( #559, #2661 ) ) ;
#1694 = AXIS2_PLACEMENT_3D ( 'NONE', #2639, #2918, #1184 ) ;
#1695 = CARTESIAN_POINT ( 'NONE',  ( 1.524999999999999911, 0.1499999999999999944, -0.2000000000000002054 ) ) ;
#1696 = CARTESIAN_POINT ( 'NONE',  ( -0.7499999999999994449, 0.000000000000000000, -0.9249999999999997113 ) ) ;
#1697 = ORIENTED_EDGE ( 'NONE', *, *, #3051, .T. ) ;
#1698 = VECTOR ( 'NONE', #1067, 1000.000000000000000 ) ;
#1699 = ORIENTED_EDGE ( 'NONE', *, *, #1870, .F. ) ;
#1700 = ORIENTED_EDGE ( 'NONE', *, *, #1750, .F. ) ;
#1701 = CARTESIAN_POINT ( 'NONE',  ( 1.524999999999999911, 0.04999999999999999584, 0.8499999999999996447 ) ) ;
#1702 = EDGE_CURVE ( 'NONE', #656, #2101, #225, .T. ) ;
#1703 = CARTESIAN_POINT ( 'NONE',  ( -1.074999999999999956, 0.04999999999999999584, -0.1999999999999997613 ) ) ;
#1704 = ORIENTED_EDGE ( 'NONE', *, *, #1402, .T. ) ;
#1705 = VECTOR ( 'NONE', #1829, 1000.000000000000000 ) ;
#1706 = ORIENTED_EDGE ( 'NONE', *, *, #2626, .F. ) ;
#1707 = ORIENTED_EDGE ( 'NONE', *, *, #1916, .T. ) ;
#1708 = EDGE_CURVE ( 'NONE', #1797, #1529, #140, .T. ) ;
#1709 = ORIENTED_EDGE ( 'NONE', *, *, #414, .F. ) ;
#1710 = DIRECTION ( 'NONE',  ( 1.000000000000000000, 0.000000000000000000, -0.000000000000000000 ) ) ;
#1711 = CARTESIAN_POINT ( 'NONE',  ( 1.074999999999999956, 0.1499999999999999944, 0.4500000000000001776 ) ) ;
#1712 = CARTESIAN_POINT ( 'NONE',  ( -1.174999999999999822, 0.07573593128807146191, -1.324999999999999956 ) ) ;
#1713 = FACE_OUTER_BOUND ( 'NONE', #1102, .T. ) ;
#1714 = EDGE_LOOP ( 'NONE', ( #2747, #717, #674, #1752 ) ) ;
#1715 = ORIENTED_EDGE ( 'NONE', *, *, #644, .T. ) ;
#1716 = CARTESIAN_POINT ( 'NONE',  ( -1.074999999999999956, 0.000000000000000000, 0.4500000000000001776 ) ) ;
#1717 = CARTESIAN_POINT ( 'NONE',  ( -1.060108790874717178E-15, 0.05000000000000000278, 1.100000000000001421 ) ) ;
#1718 = EDGE_CURVE ( 'NONE', #2771, #826, #2250, .T. ) ;
#1719 = VERTEX_POINT ( 'NONE', #2153 ) ;
#1720 = FACE_OUTER_BOUND ( 'NONE', #2868, .T. ) ;
#1721 = ORIENTED_EDGE ( 'NONE', *, *, #405, .F. ) ;
#1722 = CARTESIAN_POINT ( 'NONE',  ( -1.074999999999999956, 0.1499999999999999667, -0.4500000000000002887 ) ) ;
#1723 = ORIENTED_EDGE ( 'NONE', *, *, #535, .F. ) ;
#1724 = DIRECTION ( 'NONE',  ( 0.000000000000000000, -1.000000000000000000, 0.000000000000000000 ) ) ;
#1725 = ORIENTED_EDGE ( 'NONE', *, *, #705, .T. ) ;
#1726 = LINE ( 'NONE', #2470, #657 ) ;
#1727 = VERTEX_POINT ( 'NONE', #1582 ) ;
#1728 = VERTEX_POINT ( 'NONE', #952 ) ;
#1729 = ORIENTED_EDGE ( 'NONE', *, *, #289, .T. ) ;
#1730 = FACE_OUTER_BOUND ( 'NONE', #490, .T. ) ;
#1731 = EDGE_LOOP ( 'NONE', ( #1491, #1499, #805, #1554 ) ) ;
#1732 = ORIENTED_EDGE ( 'NONE', *, *, #1189, .F. ) ;
#1733 = ADVANCED_FACE ( 'NONE', ( #1246 ), #1186, .T. ) ;
#1734 = AXIS2_PLACEMENT_3D ( 'NONE', #942, #1628, #2595 ) ;
#1735 = EDGE_LOOP ( 'NONE', ( #519, #1031, #640, #515 ) ) ;
#1736 = CARTESIAN_POINT ( 'NONE',  ( -1.524999999999999911, 0.05000000000000000278, -1.100000000000000311 ) ) ;
#1737 = DIRECTION ( 'NONE',  ( -0.000000000000000000, -1.000000000000000000, -0.000000000000000000 ) ) ;
#1738 = VECTOR ( 'NONE', #1931, 1000.000000000000000 ) ;
#1739 = ORIENTED_EDGE ( 'NONE', *, *, #2076, .F. ) ;
#1740 = VERTEX_POINT ( 'NONE', #3057 ) ;
#1741 = DIRECTION ( 'NONE',  ( 0.000000000000000000, -0.000000000000000000, 1.000000000000000000 ) ) ;
#1742 = CARTESIAN_POINT ( 'NONE',  ( 1.524999999999999911, 0.000000000000000000, 1.099999999999999867 ) ) ;
#1743 = EDGE_LOOP ( 'NONE', ( #2663, #2097, #1686, #897 ) ) ;
#1744 = PRESENTATION_LAYER_ASSIGNMENT (  '', '', ( #1430 ) ) ;
#1745 = VECTOR ( 'NONE', #450, 1000.000000000000000 ) ;
#1746 = VERTEX_POINT ( 'NONE', #2357 ) ;
#1747 = ORIENTED_EDGE ( 'NONE', *, *, #2867, .F. ) ;
#1748 = DIRECTION ( 'NONE',  ( -9.637352644315598694E-16, 0.000000000000000000, -1.000000000000000000 ) ) ;
#1749 = ORIENTED_EDGE ( 'NONE', *, *, #1052, .T. ) ;
#1750 = EDGE_CURVE ( 'NONE', #487, #2632, #180, .T. ) ;
#1751 = ORIENTED_EDGE ( 'NONE', *, *, #1249, .F. ) ;
#1752 = ORIENTED_EDGE ( 'NONE', *, *, #981, .T. ) ;
#1753 = ADVANCED_FACE ( 'NONE', ( #2322 ), #1173, .F. ) ;
#1754 = FILL_AREA_STYLE_COLOUR ( '', #867 ) ;
#1755 = DIRECTION ( 'NONE',  ( 0.000000000000000000, 0.000000000000000000, -1.000000000000000000 ) ) ;
#1756 = ORIENTED_EDGE ( 'NONE', *, *, #2633, .F. ) ;
#1757 = LINE ( 'NONE', #576, #1803 ) ;
#1758 = VERTEX_POINT ( 'NONE', #1154 ) ;
#1759 = EDGE_CURVE ( 'NONE', #1673, #1505, #1230, .T. ) ;
#1760 = ORIENTED_EDGE ( 'NONE', *, *, #1475, .T. ) ;
#1761 = DIRECTION ( 'NONE',  ( 0.000000000000000000, -1.000000000000000000, 0.000000000000000000 ) ) ;
#1762 = EDGE_CURVE ( 'NONE', #1298, #698, #2277, .T. ) ;
#1763 = EDGE_LOOP ( 'NONE', ( #461, #387, #2562, #1592 ) ) ;
#1764 = PLANE ( 'NONE',  #2335 ) ;
#1765 = DIRECTION ( 'NONE',  ( 0.000000000000000000, -1.000000000000000000, 0.000000000000000000 ) ) ;
#1766 = FACE_OUTER_BOUND ( 'NONE', #833, .T. ) ;
#1767 = ORIENTED_EDGE ( 'NONE', *, *, #688, .F. ) ;
#1768 = VERTEX_POINT ( 'NONE', #2375 ) ;
#1769 = CARTESIAN_POINT ( 'NONE',  ( 1.074999999999999956, 0.000000000000000000, -0.8499999999999997558 ) ) ;
#1770 = EDGE_CURVE ( 'NONE', #1878, #1797, #1218, .T. ) ;
#1771 =( LENGTH_UNIT ( ) NAMED_UNIT ( * ) SI_UNIT ( .MILLI., .METRE. ) );
#1772 = ORIENTED_EDGE ( 'NONE', *, *, #896, .F. ) ;
#1773 = VECTOR ( 'NONE', #1285, 1000.000000000000000 ) ;
#1774 = VERTEX_POINT ( 'NONE', #666 ) ;
#1775 = CARTESIAN_POINT ( 'NONE',  ( 1.074999999999999956, 0.000000000000000000, -0.8499999999999997558 ) ) ;
#1776 = ORIENTED_EDGE ( 'NONE', *, *, #1057, .T. ) ;
#1777 = ORIENTED_EDGE ( 'NONE', *, *, #2251, .F. ) ;
#1778 = PRESENTATION_LAYER_ASSIGNMENT (  '', '', ( #727 ) ) ;
#1779 = CARTESIAN_POINT ( 'NONE',  ( -1.074999999999999956, 0.05000000000000000278, 0.000000000000000000 ) ) ;
#1780 =( NAMED_UNIT ( * ) SI_UNIT ( $, .STERADIAN. ) SOLID_ANGLE_UNIT ( ) );
#1781 = ORIENTED_EDGE ( 'NONE', *, *, #1406, .T. ) ;
#1782 = VECTOR ( 'NONE', #212, 1000.000000000000000 ) ;
#1783 = EDGE_LOOP ( 'NONE', ( #396, #1576, #2604, #2495 ) ) ;
#1784 = DIRECTION ( 'NONE',  ( 0.000000000000000000, 0.000000000000000000, -1.000000000000000000 ) ) ;
#1785 = AXIS2_PLACEMENT_3D ( 'NONE', #1224, #780, #2228 ) ;
#1786 = VERTEX_POINT ( 'NONE', #1833 ) ;
#1787 = DIRECTION ( 'NONE',  ( -1.000000000000000000, 0.000000000000000000, 9.637352644315598694E-16 ) ) ;
#1788 = DIRECTION ( 'NONE',  ( 0.000000000000000000, 0.000000000000000000, 1.000000000000000000 ) ) ;
#1789 = DIRECTION ( 'NONE',  ( -1.000000000000000000, 0.000000000000000000, -9.637352644315598694E-16 ) ) ;
#1790 = CIRCLE ( 'NONE', #2717, 0.1499999999999999667 ) ;
#1791 = EDGE_LOOP ( 'NONE', ( #1928, #1777, #1153, #908 ) ) ;
#1792 = CARTESIAN_POINT ( 'NONE',  ( 0.000000000000000000, 0.5999999999999999778, 0.000000000000000000 ) ) ;
#1793 = UNCERTAINTY_MEASURE_WITH_UNIT (LENGTH_MEASURE( 1.000000000000000082E-05 ), #351, 'distance_accuracy_value', 'NONE');
#1794 = AXIS2_PLACEMENT_3D ( 'NONE', #370, #3005, #2290 ) ;
#1795 = DIRECTION ( 'NONE',  ( 0.000000000000000000, 0.000000000000000000, -1.000000000000000000 ) ) ;
#1796 = CARTESIAN_POINT ( 'NONE',  ( 1.074999999999999956, 0.6647815070493501288, -0.4500000000000002887 ) ) ;
#1797 = VERTEX_POINT ( 'NONE', #3118 ) ;
#1798 = EDGE_LOOP ( 'NONE', ( #70, #665, #2731, #541 ) ) ;
#1799 = EDGE_CURVE ( 'NONE', #1311, #2653, #2255, .T. ) ;
#1800 = ADVANCED_FACE ( 'NONE', ( #2240 ), #2603, .F. ) ;
#1801 = DIRECTION ( 'NONE',  ( 0.000000000000000000, -1.000000000000000000, 0.000000000000000000 ) ) ;
#1802 = VERTEX_POINT ( 'NONE', #150 ) ;
#1803 = VECTOR ( 'NONE', #861, 1000.000000000000000 ) ;
#1804 = ORIENTED_EDGE ( 'NONE', *, *, #2937, .T. ) ;
#1805 = DIRECTION ( 'NONE',  ( 0.000000000000000000, 0.000000000000000000, 1.000000000000000000 ) ) ;
#1806 = DIRECTION ( 'NONE',  ( 9.637352644315598694E-16, 0.000000000000000000, -1.000000000000000000 ) ) ;
#1807 = EDGE_CURVE ( 'NONE', #2755, #1465, #144, .T. ) ;
#1808 = VERTEX_POINT ( 'NONE', #1370 ) ;
#1809 = VECTOR ( 'NONE', #2940, 1000.000000000000000 ) ;
#1810 = DIRECTION ( 'NONE',  ( -0.000000000000000000, -1.000000000000000000, -0.000000000000000000 ) ) ;
#1811 = EDGE_LOOP ( 'NONE', ( #628, #691, #1444, #496 ) ) ;
#1812 = DIRECTION ( 'NONE',  ( -1.000000000000000000, 0.000000000000000000, 0.000000000000000000 ) ) ;
#1813 = LINE ( 'NONE', #1681, #2854 ) ;
#1814 = PLANE ( 'NONE',  #1101 ) ;
#1815 = CARTESIAN_POINT ( 'NONE',  ( -1.524999999999999911, 0.6647815070493501288, 1.099999999999999867 ) ) ;
#1816 = CARTESIAN_POINT ( 'NONE',  ( -1.524999999999999911, 0.000000000000000000, -0.8500000000000001998 ) ) ;
#1817 = EDGE_LOOP ( 'NONE', ( #2928, #3065, #2168, #92 ) ) ;
#1818 = AXIS2_PLACEMENT_3D ( 'NONE', #1093, #882, #1283 ) ;
#1819 = DIRECTION ( 'NONE',  ( 0.000000000000000000, -0.000000000000000000, 1.000000000000000000 ) ) ;
#1820 = EDGE_LOOP ( 'NONE', ( #2812, #703, #2763, #2054 ) ) ;
#1821 = FACE_OUTER_BOUND ( 'NONE', #3070, .T. ) ;
#1822 = CARTESIAN_POINT ( 'NONE',  ( -1.074999999999999956, 0.1499999999999999944, -0.1999999999999997613 ) ) ;
#1823 = ADVANCED_FACE ( 'NONE', ( #1269 ), #581, .F. ) ;
#1824 = VERTEX_POINT ( 'NONE', #864 ) ;
#1825 = AXIS2_PLACEMENT_3D ( 'NONE', #2520, #2857, #1926 ) ;
#1826 = LINE ( 'NONE', #424, #787 ) ;
#1827 = CARTESIAN_POINT ( 'NONE',  ( -1.524999999999999911, 0.1499999999999999944, -0.4500000000000002887 ) ) ;
#1828 = ORIENTED_EDGE ( 'NONE', *, *, #2935, .T. ) ;
#1829 = DIRECTION ( 'NONE',  ( 1.000000000000000000, -0.000000000000000000, 0.000000000000000000 ) ) ;
#1830 = CARTESIAN_POINT ( 'NONE',  ( 1.074999999999999956, 0.1499999999999999667, -0.4500000000000002887 ) ) ;
#1831 = UNCERTAINTY_MEASURE_WITH_UNIT (LENGTH_MEASURE( 1.000000000000000082E-05 ), #2190, 'distance_accuracy_value', 'NONE');
#1832 = EDGE_CURVE ( 'NONE', #1746, #2555, #1256, .T. ) ;
#1833 = CARTESIAN_POINT ( 'NONE',  ( -1.074999999999999956, 0.1499999999999999944, 0.1999999999999996503 ) ) ;
#1834 = CARTESIAN_POINT ( 'NONE',  ( -1.524999999999999911, 0.05000000000000000278, -0.4500000000000002887 ) ) ;
#1835 =( LENGTH_UNIT ( ) NAMED_UNIT ( * ) SI_UNIT ( .MILLI., .METRE. ) );
#1836 = ORIENTED_EDGE ( 'NONE', *, *, #1919, .F. ) ;
#1837 = EDGE_CURVE ( 'NONE', #1472, #1802, #217, .T. ) ;
#1838 = DIRECTION ( 'NONE',  ( -1.000000000000000000, 0.000000000000000000, -1.445602896647339163E-16 ) ) ;
#1839 = EDGE_LOOP ( 'NONE', ( #2559, #1018, #575, #2044, #2698, #1586, #589, #1650, #2597, #2667, #2678, #658, #2078, #2792, #2711, #675, #1715, #2657, #548, #2692 ) ) ;
#1840 = EDGE_CURVE ( 'NONE', #404, #1847, #1196, .T. ) ;
#1841 = CARTESIAN_POINT ( 'NONE',  ( 0.000000000000000000, 0.05000000000000000278, -1.100000000000000311 ) ) ;
#1842 = CARTESIAN_POINT ( 'NONE',  ( 1.524999999999999911, 0.5999999999999998668, -1.525000000000000133 ) ) ;
#1843 = VERTEX_POINT ( 'NONE', #694 ) ;
#1844 = SURFACE_STYLE_FILL_AREA ( #71 ) ;
#1845 = DIRECTION ( 'NONE',  ( 0.000000000000000000, -1.000000000000000000, 0.000000000000000000 ) ) ;
#1846 = ORIENTED_EDGE ( 'NONE', *, *, #2344, .T. ) ;
#1847 = VERTEX_POINT ( 'NONE', #2316 ) ;
#1848 = DIRECTION ( 'NONE',  ( -1.000000000000000000, 0.000000000000000000, 9.637352644315598694E-16 ) ) ;
#1849 = LINE ( 'NONE', #230, #1745 ) ;
#1850 = ORIENTED_EDGE ( 'NONE', *, *, #1314, .F. ) ;
#1851 = CARTESIAN_POINT ( 'NONE',  ( -1.074999999999999956, 0.04999999999999999584, -0.4500000000000002887 ) ) ;
#1852 =( NAMED_UNIT ( * ) SI_UNIT ( $, .STERADIAN. ) SOLID_ANGLE_UNIT ( ) );
#1853 = ORIENTED_EDGE ( 'NONE', *, *, #2591, .F. ) ;
#1854 = FILL_AREA_STYLE ('',( #615 ) ) ;
#1855 = PRESENTATION_STYLE_ASSIGNMENT (( #1066 ) ) ;
#1856 = CARTESIAN_POINT ( 'NONE',  ( 1.074999999999999956, 0.1499999999999999944, -0.4500000000000002887 ) ) ;
#1857 = AXIS2_PLACEMENT_3D ( 'NONE', #319, #1255, #2072 ) ;
#1858 = ORIENTED_EDGE ( 'NONE', *, *, #2690, .T. ) ;
#1859 = CARTESIAN_POINT ( 'NONE',  ( -1.524999999999999911, 0.1499999999999999667, 0.4499999999999997891 ) ) ;
#1860 = ORIENTED_EDGE ( 'NONE', *, *, #1882, .F. ) ;
#1861 = LINE ( 'NONE', #2584, #913 ) ;
#1862 = ORIENTED_EDGE ( 'NONE', *, *, #2690, .F. ) ;
#1863 = EDGE_CURVE ( 'NONE', #1187, #1902, #2286, .T. ) ;
#1864 = DIRECTION ( 'NONE',  ( 0.000000000000000000, 1.000000000000000000, -0.000000000000000000 ) ) ;
#1865 =( NAMED_UNIT ( * ) SI_UNIT ( $, .STERADIAN. ) SOLID_ANGLE_UNIT ( ) );
#1866 = ORIENTED_EDGE ( 'NONE', *, *, #1244, .T. ) ;
#1867 = DIRECTION ( 'NONE',  ( 0.000000000000000000, -1.000000000000000000, 0.000000000000000000 ) ) ;
#1868 = EDGE_LOOP ( 'NONE', ( #59, #3082, #838, #2948 ) ) ;
#1869 = ADVANCED_FACE ( 'NONE', ( #2306 ), #2831, .F. ) ;
#1870 = EDGE_CURVE ( 'NONE', #2892, #2570, #2312, .T. ) ;
#1871 = ORIENTED_EDGE ( 'NONE', *, *, #1244, .F. ) ;
#1872 = SURFACE_STYLE_USAGE ( .BOTH. , #925 ) ;
#1873 = LINE ( 'NONE', #2620, #1935 ) ;
#1874 = CARTESIAN_POINT ( 'NONE',  ( 1.074999999999999956, 0.1499999999999999667, -1.100000000000000311 ) ) ;
#1875 = EDGE_LOOP ( 'NONE', ( #500, #1860, #1432, #464 ) ) ;
#1876 = DIRECTION ( 'NONE',  ( -0.000000000000000000, -1.000000000000000000, -0.000000000000000000 ) ) ;
#1877 = EDGE_CURVE ( 'NONE', #2721, #2257, #2327, .T. ) ;
#1878 = VERTEX_POINT ( 'NONE', #2949 ) ;
#1879 = LINE ( 'NONE', #950, #917 ) ;
#1880 = EDGE_LOOP ( 'NONE', ( #565, #550, #534, #2799 ) ) ;
#1881 = VERTEX_POINT ( 'NONE', #3138 ) ;
#1882 = EDGE_CURVE ( 'NONE', #982, #3075, #133, .T. ) ;
#1883 = ORIENTED_EDGE ( 'NONE', *, *, #1434, .F. ) ;
#1884 = CARTESIAN_POINT ( 'NONE',  ( -1.524999999999999911, 0.1499999999999999944, 0.8499999999999996447 ) ) ;
#1885 = CARTESIAN_POINT ( 'NONE',  ( -1.524999999999999911, 0.1499999999999999667, -0.8500000000000001998 ) ) ;
#1886 = SURFACE_SIDE_STYLE ('',( #1011 ) ) ;
#1887 = VERTEX_POINT ( 'NONE', #1194 ) ;
#1888 = FACE_OUTER_BOUND ( 'NONE', #1662, .T. ) ;
#1889 = PLANE ( 'NONE',  #2131 ) ;
#1890 = ORIENTED_EDGE ( 'NONE', *, *, #2895, .T. ) ;
#1891 = EDGE_LOOP ( 'NONE', ( #1756, #2733, #1584, #552 ) ) ;
#1892 = CARTESIAN_POINT ( 'NONE',  ( -1.074999999999999956, 0.1499999999999999944, 1.100000000000000311 ) ) ;
#1893 = VECTOR ( 'NONE', #1848, 1000.000000000000000 ) ;
#1894 = DIRECTION ( 'NONE',  ( -1.000000000000000000, 0.000000000000000000, -9.637352644315598694E-16 ) ) ;
#1895 = ORIENTED_EDGE ( 'NONE', *, *, #2870, .F. ) ;
#1896 = ADVANCED_FACE ( 'NONE', ( #2308 ), #749, .F. ) ;
#1897 = CARTESIAN_POINT ( 'NONE',  ( -1.074999999999999956, 0.000000000000000000, -0.1999999999999997613 ) ) ;
#1898 = ORIENTED_EDGE ( 'NONE', *, *, #1353, .T. ) ;
#1899 = AXIS2_PLACEMENT_3D ( 'NONE', #2225, #2435, #1237 ) ;
#1900 = VERTEX_POINT ( 'NONE', #462 ) ;
#1901 = PLANE ( 'NONE',  #574 ) ;
#1902 = VERTEX_POINT ( 'NONE', #2194 ) ;
#1903 = FACE_OUTER_BOUND ( 'NONE', #1524, .T. ) ;
#1904 = AXIS2_PLACEMENT_3D ( 'NONE', #2469, #605, #3054 ) ;
#1905 = EDGE_LOOP ( 'NONE', ( #1985, #2829, #2360, #2241 ) ) ;
#1906 = CARTESIAN_POINT ( 'NONE',  ( 1.074999999999999956, 0.000000000000000000, 0.8499999999999996447 ) ) ;
#1907 = CARTESIAN_POINT ( 'NONE',  ( 1.524999999999999911, 5.513351365237940449, -1.525000000000000133 ) ) ;
#1908 = ORIENTED_EDGE ( 'NONE', *, *, #2732, .T. ) ;
#1909 = LINE ( 'NONE', #2525, #2957 ) ;
#1910 = EDGE_CURVE ( 'NONE', #1116, #2838, #208, .T. ) ;
#1911 = ADVANCED_FACE ( 'NONE', ( #1238 ), #154, .F. ) ;
#1912 = ORIENTED_EDGE ( 'NONE', *, *, #1239, .F. ) ;
#1913 = ORIENTED_EDGE ( 'NONE', *, *, #1832, .F. ) ;
#1914 = LINE ( 'NONE', #2110, #2947 ) ;
#1915 = COLOUR_RGB ( '',0.7921568627450980005, 0.8196078431372548767, 0.9333333333333333481 ) ;
#1916 = EDGE_CURVE ( 'NONE', #916, #1311, #1190, .T. ) ;
#1917 = ORIENTED_EDGE ( 'NONE', *, *, #1052, .F. ) ;
#1918 = CARTESIAN_POINT ( 'NONE',  ( -0.5499999999999994893, 0.000000000000000000, -1.124999999999999778 ) ) ;
#1919 = EDGE_CURVE ( 'NONE', #1134, #1887, #1209, .T. ) ;
#1920 = EDGE_LOOP ( 'NONE', ( #1634, #467, #2524, #1537 ) ) ;
#1921 = LINE ( 'NONE', #2830, #1948 ) ;
#1922 = DIRECTION ( 'NONE',  ( 1.000000000000000000, -0.000000000000000000, 0.000000000000000000 ) ) ;
#1923 = CARTESIAN_POINT ( 'NONE',  ( -1.524999999999999911, 0.000000000000000000, -0.4500000000000002887 ) ) ;
#1924 = FACE_OUTER_BOUND ( 'NONE', #2924, .T. ) ;
#1925 = ORIENTED_EDGE ( 'NONE', *, *, #52, .T. ) ;
#1926 = DIRECTION ( 'NONE',  ( 0.000000000000000000, 0.000000000000000000, 1.000000000000000000 ) ) ;
#1927 = EDGE_CURVE ( 'NONE', #1758, #1802, #2244, .T. ) ;
#1928 = ORIENTED_EDGE ( 'NONE', *, *, #188, .T. ) ;
#1929 = SURFACE_STYLE_FILL_AREA ( #1996 ) ;
#1930 = VERTEX_POINT ( 'NONE', #1695 ) ;
#1931 = DIRECTION ( 'NONE',  ( -0.000000000000000000, -0.000000000000000000, 1.000000000000000000 ) ) ;
#1932 = CARTESIAN_POINT ( 'NONE',  ( 0.000000000000000000, 0.000000000000000000, 1.949999999999999956 ) ) ;
#1933 = CARTESIAN_POINT ( 'NONE',  ( 1.524999999999999911, 0.6647815070493501288, -0.4500000000000002887 ) ) ;
#1934 = ORIENTED_EDGE ( 'NONE', *, *, #377, .T. ) ;
#1935 = VECTOR ( 'NONE', #2902, 1000.000000000000000 ) ;
#1936 = LINE ( 'NONE', #2262, #1971 ) ;
#1937 = DIRECTION ( 'NONE',  ( 9.637352644315598694E-16, 0.000000000000000000, -1.000000000000000000 ) ) ;
#1938 = AXIS2_PLACEMENT_3D ( 'NONE', #1155, #2556, #1373 ) ;
#1939 = ORIENTED_EDGE ( 'NONE', *, *, #1185, .T. ) ;
#1940 = DIRECTION ( 'NONE',  ( 0.000000000000000000, -1.000000000000000000, 0.000000000000000000 ) ) ;
#1941 = DIRECTION ( 'NONE',  ( 0.000000000000000000, 0.000000000000000000, 1.000000000000000000 ) ) ;
#1942 = VECTOR ( 'NONE', #1940, 1000.000000000000000 ) ;
#1943 = CARTESIAN_POINT ( 'NONE',  ( 1.524999999999999911, 0.5999999999999998668, -1.525000000000000133 ) ) ;
#1944 = ADVANCED_FACE ( 'NONE', ( #2268 ), #201, .T. ) ;
#1945 = AXIS2_PLACEMENT_3D ( 'NONE', #998, #1668, #1403 ) ;
#1946 = CARTESIAN_POINT ( 'NONE',  ( 0.7500000000000000000, 0.000000000000000000, 1.125000000000000222 ) ) ;
#1947 = ORIENTED_EDGE ( 'NONE', *, *, #2001, .F. ) ;
#1948 = VECTOR ( 'NONE', #3078, 1000.000000000000000 ) ;
#1949 = VECTOR ( 'NONE', #235, 1000.000000000000000 ) ;
#1950 = CARTESIAN_POINT ( 'NONE',  ( -1.524999999999999911, 0.05000000000000000278, -1.524999999999999245 ) ) ;
#1951 = AXIS2_PLACEMENT_3D ( 'NONE', #219, #435, #745 ) ;
#1952 = EDGE_LOOP ( 'NONE', ( #2704, #621, #1636, #1729 ) ) ;
#1953 = VECTOR ( 'NONE', #2718, 1000.000000000000000 ) ;
#1954 = ADVANCED_FACE ( 'NONE', ( #162 ), #1433, .F. ) ;
#1955 = CARTESIAN_POINT ( 'NONE',  ( -1.074999999999999956, 0.1499999999999999667, 1.100000000000000311 ) ) ;
#1956 = EDGE_CURVE ( 'NONE', #937, #1565, #166, .T. ) ;
#1957 = EDGE_LOOP ( 'NONE', ( #3102, #1890, #1607, #142 ) ) ;
#1958 = VECTOR ( 'NONE', #264, 1000.000000000000000 ) ;
#1959 = CARTESIAN_POINT ( 'NONE',  ( 1.524999999999999911, 0.04999999999999999584, 0.1999999999999996503 ) ) ;
#1960 = VECTOR ( 'NONE', #2108, 1000.000000000000000 ) ;
#1961 = CARTESIAN_POINT ( 'NONE',  ( -1.074999999999999956, 0.6647815070493501288, -0.8499999999999997558 ) ) ;
#1962 = ORIENTED_EDGE ( 'NONE', *, *, #285, .F. ) ;
#1963 = DIRECTION ( 'NONE',  ( 0.000000000000000000, 0.000000000000000000, 1.000000000000000000 ) ) ;
#1964 = EDGE_CURVE ( 'NONE', #2807, #2892, #170, .T. ) ;
#1965 = FACE_OUTER_BOUND ( 'NONE', #752, .T. ) ;
#1966 = LINE ( 'NONE', #216, #2967 ) ;
#1967 = DIRECTION ( 'NONE',  ( -1.000000000000000000, 0.000000000000000000, -1.445602896647339163E-16 ) ) ;
#1968 = DIRECTION ( 'NONE',  ( 0.000000000000000000, -1.000000000000000000, 0.000000000000000000 ) ) ;
#1969 = ORIENTED_EDGE ( 'NONE', *, *, #1525, .F. ) ;
#1970 = LINE ( 'NONE', #2532, #2985 ) ;
#1971 = VECTOR ( 'NONE', #1810, 1000.000000000000000 ) ;
#1972 = ADVANCED_FACE ( 'NONE', ( #2364 ), #3022, .F. ) ;
#1973 = DIRECTION ( 'NONE',  ( 1.000000000000000000, -0.000000000000000000, 0.000000000000000000 ) ) ;
#1974 = ORIENTED_EDGE ( 'NONE', *, *, #1111, .F. ) ;
#1975 = VECTOR ( 'NONE', #2311, 1000.000000000000000 ) ;
#1976 = DIRECTION ( 'NONE',  ( -0.000000000000000000, 1.000000000000000000, -0.000000000000000000 ) ) ;
#1977 = DIRECTION ( 'NONE',  ( -1.445602896647339656E-16, 0.000000000000000000, 1.000000000000000000 ) ) ;
#1978 = VERTEX_POINT ( 'NONE', #136 ) ;
#1979 = AXIS2_PLACEMENT_3D ( 'NONE', #2456, #3039, #2269 ) ;
#1980 = PRESENTATION_STYLE_ASSIGNMENT (( #1617 ) ) ;
#1981 = CARTESIAN_POINT ( 'NONE',  ( 1.524999999999999911, 0.05000000000000000278, -1.525000000000000133 ) ) ;
#1982 = LINE ( 'NONE', #545, #3079 ) ;
#1983 = CARTESIAN_POINT ( 'NONE',  ( -1.524999999999999911, 0.6647815070493501288, 0.4499999999999997891 ) ) ;
#1984 = CARTESIAN_POINT ( 'NONE',  ( -1.074999999999999956, 0.6647815070493501288, -1.100000000000000311 ) ) ;
#1985 = ORIENTED_EDGE ( 'NONE', *, *, #186, .T. ) ;
#1986 = DIRECTION ( 'NONE',  ( -1.000000000000000000, 0.000000000000000000, -9.637352644315598694E-16 ) ) ;
#1987 = LINE ( 'NONE', #1997, #3040 ) ;
#1988 = AXIS2_PLACEMENT_3D ( 'NONE', #1990, #2427, #1538 ) ;
#1989 = VECTOR ( 'NONE', #1845, 1000.000000000000000 ) ;
#1990 = CARTESIAN_POINT ( 'NONE',  ( 0.000000000000000000, 0.1499999999999999944, 0.6500000000000000222 ) ) ;
#1991 = CARTESIAN_POINT ( 'NONE',  ( -1.174999999999999822, 0.4999999999999998890, -1.025000000000000133 ) ) ;
#1992 = VERTEX_POINT ( 'NONE', #2519 ) ;
#1993 = LINE ( 'NONE', #2103, #1010 ) ;
#1994 = VECTOR ( 'NONE', #67, 1000.000000000000000 ) ;
#1995 = EDGE_CURVE ( 'NONE', #2628, #2847, #1291, .T. ) ;
#1996 = FILL_AREA_STYLE ('',( #1754 ) ) ;
#1997 = CARTESIAN_POINT ( 'NONE',  ( 1.524999999999999911, 0.6647815070493501288, -0.2000000000000002054 ) ) ;
#1998 = ORIENTED_EDGE ( 'NONE', *, *, #688, .T. ) ;
#1999 = LINE ( 'NONE', #1822, #3061 ) ;
#2000 = ADVANCED_FACE ( 'NONE', ( #1319 ), #1339, .T. ) ;
#2001 = EDGE_CURVE ( 'NONE', #281, #732, #2359, .T. ) ;
#2002 = CARTESIAN_POINT ( 'NONE',  ( -1.524999999999999689, 0.05000000000000000278, 1.525000000000000577 ) ) ;
#2003 = ORIENTED_EDGE ( 'NONE', *, *, #2937, .F. ) ;
#2004 = LINE ( 'NONE', #2239, #2040 ) ;
#2005 = EDGE_CURVE ( 'NONE', #1843, #1472, #1362, .T. ) ;
#2006 = CARTESIAN_POINT ( 'NONE',  ( -0.7499999999999997780, 2.854163456597992088, 1.125000000000000222 ) ) ;
#2007 = EDGE_LOOP ( 'NONE', ( #498, #1709, #1723, #409 ) ) ;
#2008 = VECTOR ( 'NONE', #2180, 1000.000000000000000 ) ;
#2009 = FACE_OUTER_BOUND ( 'NONE', #1875, .T. ) ;
#2010 = DIRECTION ( 'NONE',  ( -1.000000000000000000, 0.000000000000000000, -9.637352644315598694E-16 ) ) ;
#2011 = EDGE_LOOP ( 'NONE', ( #2882, #2581, #401, #2877 ) ) ;
#2012 = LINE ( 'NONE', #900, #3097 ) ;
#2013 = LINE ( 'NONE', #1112, #3041 ) ;
#2014 = CARTESIAN_POINT ( 'NONE',  ( 1.074999999999999956, 0.1499999999999999944, 0.8499999999999996447 ) ) ;
#2015 = SURFACE_STYLE_USAGE ( .BOTH. , #2259 ) ;
#2016 = VERTEX_POINT ( 'NONE', #1207 ) ;
#2017 = CARTESIAN_POINT ( 'NONE',  ( 1.074999999999999956, 0.1499999999999999944, -0.8499999999999997558 ) ) ;
#2018 = VECTOR ( 'NONE', #3112, 1000.000000000000000 ) ;
#2019 = AXIS2_PLACEMENT_3D ( 'NONE', #1175, #2158, #1389 ) ;
#2020 = CARTESIAN_POINT ( 'NONE',  ( 0.7500000000000000000, 2.854163456597992088, 1.125000000000000222 ) ) ;
#2021 = ORIENTED_EDGE ( 'NONE', *, *, #2682, .F. ) ;
#2022 = VECTOR ( 'NONE', #1047, 1000.000000000000000 ) ;
#2023 = DIRECTION ( 'NONE',  ( -1.421904488505579654E-16, -0.000000000000000000, -1.000000000000000000 ) ) ;
#2024 = LINE ( 'NONE', #2448, #3062 ) ;
#2025 = CARTESIAN_POINT ( 'NONE',  ( -1.524999999999999911, 0.6647815070493501288, 0.4499999999999997891 ) ) ;
#2026 = CARTESIAN_POINT ( 'NONE',  ( 1.074999999999999956, 0.1499999999999999667, 1.100000000000000311 ) ) ;
#2027 = AXIS2_PLACEMENT_3D ( 'NONE', #951, #2849, #1192 ) ;
#2028 = ORIENTED_EDGE ( 'NONE', *, *, #1807, .T. ) ;
#2029 = LINE ( 'NONE', #2713, #939 ) ;
#2030 = LINE ( 'NONE', #2572, #3056 ) ;
#2031 = DIRECTION ( 'NONE',  ( -1.000000000000000000, -0.000000000000000000, -0.000000000000000000 ) ) ;
#2032 = EDGE_CURVE ( 'NONE', #2722, #781, #1358, .T. ) ;
#2033 = ORIENTED_EDGE ( 'NONE', *, *, #1268, .F. ) ;
#2034 = VECTOR ( 'NONE', #143, 1000.000000000000000 ) ;
#2035 = PRODUCT_CONTEXT ( 'NONE', #306, 'mechanical' ) ;
#2036 = FACE_OUTER_BOUND ( 'NONE', #2931, .T. ) ;
#2037 = CARTESIAN_POINT ( 'NONE',  ( 0.7500000000000000000, 0.000000000000000000, 1.125000000000000222 ) ) ;
#2038 = ORIENTED_EDGE ( 'NONE', *, *, #1995, .F. ) ;
#2039 = EDGE_CURVE ( 'NONE', #2875, #474, #1351, .T. ) ;
#2040 = VECTOR ( 'NONE', #511, 1000.000000000000000 ) ;
#2041 = SURFACE_STYLE_USAGE ( .BOTH. , #2987 ) ;
#2042 = FACE_OUTER_BOUND ( 'NONE', #599, .T. ) ;
#2043 = CARTESIAN_POINT ( 'NONE',  ( 1.074999999999999956, 0.1499999999999999667, 0.8499999999999996447 ) ) ;
#2044 = ORIENTED_EDGE ( 'NONE', *, *, #1708, .T. ) ;
#2045 = CARTESIAN_POINT ( 'NONE',  ( -1.524999999999999689, 0.05000000000000000278, 0.8499999999999994227 ) ) ;
#2046 = EDGE_CURVE ( 'NONE', #1565, #766, #2339, .T. ) ;
#2047 = CYLINDRICAL_SURFACE ( 'NONE', #168, 0.1499999999999999667 ) ;
#2048 = DIRECTION ( 'NONE',  ( 1.000000000000000000, 0.000000000000000000, -9.637352644315598694E-16 ) ) ;
#2049 = DIRECTION ( 'NONE',  ( -1.000000000000000000, 0.000000000000000000, -9.637352644315598694E-16 ) ) ;
#2050 = VERTEX_POINT ( 'NONE', #1959 ) ;
#2051 = LINE ( 'NONE', #1301, #3031 ) ;
#2052 = FACE_OUTER_BOUND ( 'NONE', #1629, .T. ) ;
#2053 = CARTESIAN_POINT ( 'NONE',  ( 0.000000000000000000, 0.000000000000000000, 1.300000000000000044 ) ) ;
#2054 = ORIENTED_EDGE ( 'NONE', *, *, #2832, .T. ) ;
#2055 = MECHANICAL_DESIGN_GEOMETRIC_PRESENTATION_REPRESENTATION (  '', ( #2655 ), #516 ) ;
#2056 = LINE ( 'NONE', #1163, #2063 ) ;
#2057 = CARTESIAN_POINT ( 'NONE',  ( -1.074999999999999956, 0.000000000000000000, 0.4500000000000001776 ) ) ;
#2058 = DIRECTION ( 'NONE',  ( 0.000000000000000000, -1.000000000000000000, 0.000000000000000000 ) ) ;
#2059 = ORIENTED_EDGE ( 'NONE', *, *, #2348, .F. ) ;
#2060 = VECTOR ( 'NONE', #1248, 1000.000000000000000 ) ;
#2061 = SURFACE_SIDE_STYLE ('',( #2416 ) ) ;
#2062 = AXIS2_PLACEMENT_3D ( 'NONE', #48, #1973, #494 ) ;
#2063 = VECTOR ( 'NONE', #2368, 1000.000000000000000 ) ;
#2064 = DIRECTION ( 'NONE',  ( -9.637352644315598694E-16, 0.000000000000000000, -1.000000000000000000 ) ) ;
#2065 = PLANE ( 'NONE',  #40 ) ;
#2066 = PLANE ( 'NONE',  #803 ) ;
#2067 = ORIENTED_EDGE ( 'NONE', *, *, #1087, .T. ) ;
#2068 = LINE ( 'NONE', #1077, #984 ) ;
#2069 = CARTESIAN_POINT ( 'NONE',  ( 0.000000000000000000, 0.000000000000000000, 0.6500000000000000222 ) ) ;
#2070 = EDGE_CURVE ( 'NONE', #1543, #2933, #286, .T. ) ;
#2071 = CARTESIAN_POINT ( 'NONE',  ( -1.524999999999999911, 0.05000000000000000278, -1.524999999999999245 ) ) ;
#2072 = DIRECTION ( 'NONE',  ( 1.000000000000000000, 0.000000000000000000, -0.000000000000000000 ) ) ;
#2073 = VERTEX_POINT ( 'NONE', #924 ) ;
#2074 = VECTOR ( 'NONE', #2464, 1000.000000000000000 ) ;
#2075 = LINE ( 'NONE', #1712, #1079 ) ;
#2076 = EDGE_CURVE ( 'NONE', #118, #2901, #312, .T. ) ;
#2077 = UNCERTAINTY_MEASURE_WITH_UNIT (LENGTH_MEASURE( 1.000000000000000082E-05 ), #3010, 'distance_accuracy_value', 'NONE');
#2078 = ORIENTED_EDGE ( 'NONE', *, *, #1376, .T. ) ;
#2079 = LINE ( 'NONE', #87, #2008 ) ;
#2080 = LINE ( 'NONE', #3130, #3123 ) ;
#2081 = CARTESIAN_POINT ( 'NONE',  ( -0.7499999999999994449, 0.05000000000000000278, -1.124999999999999778 ) ) ;
#2082 = EDGE_CURVE ( 'NONE', #2247, #1992, #2369, .T. ) ;
#2083 = ORIENTED_EDGE ( 'NONE', *, *, #2032, .T. ) ;
#2084 = LINE ( 'NONE', #1107, #936 ) ;
#2085 = EDGE_CURVE ( 'NONE', #2172, #404, #2380, .T. ) ;
#2086 = CARTESIAN_POINT ( 'NONE',  ( 1.524999999999999911, 5.513351365237940449, -1.525000000000000133 ) ) ;
#2087 = VECTOR ( 'NONE', #2058, 1000.000000000000000 ) ;
#2088 = DIRECTION ( 'NONE',  ( 0.000000000000000000, 0.000000000000000000, 1.000000000000000000 ) ) ;
#2089 = EDGE_CURVE ( 'NONE', #448, #794, #2406, .T. ) ;
#2090 = ORIENTED_EDGE ( 'NONE', *, *, #1437, .T. ) ;
#2091 = DIRECTION ( 'NONE',  ( -0.000000000000000000, -1.000000000000000000, -0.000000000000000000 ) ) ;
#2092 = LINE ( 'NONE', #1830, #1109 ) ;
#2093 = DIRECTION ( 'NONE',  ( 1.000000000000000000, 0.000000000000000000, 0.000000000000000000 ) ) ;
#2094 = ADVANCED_FACE ( 'NONE', ( #298 ), #321, .T. ) ;
#2095 = DIRECTION ( 'NONE',  ( 1.000000000000000000, -0.000000000000000000, 0.000000000000000000 ) ) ;
#2096 = DIRECTION ( 'NONE',  ( -1.421904488505579654E-16, -0.000000000000000000, -1.000000000000000000 ) ) ;
#2097 = ORIENTED_EDGE ( 'NONE', *, *, #1799, .T. ) ;
#2098 = CARTESIAN_POINT ( 'NONE',  ( -1.074999999999999956, 0.000000000000000000, -1.100000000000000311 ) ) ;
#2099 = CARTESIAN_POINT ( 'NONE',  ( -1.174999999999999822, 0.07573593128807146191, -1.175000000000000044 ) ) ;
#2100 = MECHANICAL_DESIGN_GEOMETRIC_PRESENTATION_REPRESENTATION (  '', ( #2609 ), #1003 ) ;
#2101 = VERTEX_POINT ( 'NONE', #874 ) ;
#2102 = LINE ( 'NONE', #991, #12 ) ;
#2103 = CARTESIAN_POINT ( 'NONE',  ( -1.524999999999999911, 0.1499999999999999667, 1.099999999999999867 ) ) ;
#2104 = DIRECTION ( 'NONE',  ( 0.000000000000000000, -0.000000000000000000, 1.000000000000000000 ) ) ;
#2105 = STYLED_ITEM ( 'NONE', ( #914 ), #2219 ) ;
#2106 = MANIFOLD_SOLID_BREP ( 'LPattern2[3]', #1325 ) ;
#2107 = ORIENTED_EDGE ( 'NONE', *, *, #1512, .F. ) ;
#2108 = DIRECTION ( 'NONE',  ( -0.000000000000000000, -1.000000000000000000, -0.000000000000000000 ) ) ;
#2109 = PRESENTATION_STYLE_ASSIGNMENT (( #2481 ) ) ;
#2110 = CARTESIAN_POINT ( 'NONE',  ( 1.525000000000000355, 5.513351365237940449, 1.524999999999999911 ) ) ;
#2111 = EDGE_CURVE ( 'NONE', #2198, #2500, #290, .T. ) ;
#2112 = ORIENTED_EDGE ( 'NONE', *, *, #2547, .F. ) ;
#2113 = DIRECTION ( 'NONE',  ( 0.000000000000000000, 0.000000000000000000, 1.000000000000000000 ) ) ;
#2114 = ADVANCED_FACE ( 'NONE', ( #229 ), #2285, .T. ) ;
#2115 = LINE ( 'NONE', #3069, #1081 ) ;
#2116 = CARTESIAN_POINT ( 'NONE',  ( 1.524999999999999911, 0.1499999999999999944, -0.4500000000000002887 ) ) ;
#2117 = ORIENTED_EDGE ( 'NONE', *, *, #49, .T. ) ;
#2118 = EDGE_CURVE ( 'NONE', #1847, #656, #2419, .T. ) ;
#2119 = CARTESIAN_POINT ( 'NONE',  ( 1.524999999999999911, 0.1499999999999999667, 0.4499999999999997891 ) ) ;
#2120 = LINE ( 'NONE', #2942, #3117 ) ;
#2121 = EDGE_CURVE ( 'NONE', #82, #65, #1355, .T. ) ;
#2122 = LINE ( 'NONE', #597, #19 ) ;
#2123 = CARTESIAN_POINT ( 'NONE',  ( 1.524999999999999911, 0.1499999999999999944, 0.4499999999999997891 ) ) ;
#2124 = LINE ( 'NONE', #2866, #2087 ) ;
#2125 = MANIFOLD_SOLID_BREP ( 'LPattern2[2]', #3000 ) ;
#2126 = CARTESIAN_POINT ( 'NONE',  ( 1.074999999999999956, 0.6647815070493501288, -0.8499999999999997558 ) ) ;
#2127 = DIRECTION ( 'NONE',  ( 1.000000000000000000, 0.000000000000000000, 0.000000000000000000 ) ) ;
#2128 = FACE_OUTER_BOUND ( 'NONE', #1567, .T. ) ;
#2129 = CARTESIAN_POINT ( 'NONE',  ( -1.524999999999999911, 0.1499999999999999944, -0.2000000000000002054 ) ) ;
#2130 = DIRECTION ( 'NONE',  ( 0.000000000000000000, 0.000000000000000000, -1.000000000000000000 ) ) ;
#2131 = AXIS2_PLACEMENT_3D ( 'NONE', #1983, #1447, #1795 ) ;
#2132 = ADVANCED_FACE ( 'NONE', ( #3004 ), #2746, .F. ) ;
#2133 = LINE ( 'NONE', #325, #3089 ) ;
#2134 = AXIS2_PLACEMENT_3D ( 'NONE', #540, #2546, #2770 ) ;
#2135 = DIRECTION ( 'NONE',  ( 1.000000000000000000, 0.000000000000000000, -9.637352644315598694E-16 ) ) ;
#2136 = DIRECTION ( 'NONE',  ( -1.000000000000000000, -0.000000000000000000, -0.000000000000000000 ) ) ;
#2137 = VECTOR ( 'NONE', #905, 1000.000000000000000 ) ;
#2138 = EDGE_CURVE ( 'NONE', #1116, #1532, #911, .T. ) ;
#2139 = PLANE ( 'NONE',  #1341 ) ;
#2140 = CARTESIAN_POINT ( 'NONE',  ( 0.7500000000000000000, 0.1499999999999999667, 1.125000000000000222 ) ) ;
#2141 = FACE_OUTER_BOUND ( 'NONE', #1820, .T. ) ;
#2142 = DIRECTION ( 'NONE',  ( 0.000000000000000000, -1.000000000000000000, 0.000000000000000000 ) ) ;
#2143 = EDGE_CURVE ( 'NONE', #2257, #2533, #940, .T. ) ;
#2144 = PLANE ( 'NONE',  #3090 ) ;
#2145 = LINE ( 'NONE', #480, #45 ) ;
#2146 = EDGE_CURVE ( 'NONE', #152, #445, #966, .T. ) ;
#2147 = FACE_OUTER_BOUND ( 'NONE', #1743, .T. ) ;
#2148 = CARTESIAN_POINT ( 'NONE',  ( 1.074999999999999956, 0.000000000000000000, -0.4500000000000002887 ) ) ;
#2149 = DIRECTION ( 'NONE',  ( 1.000000000000000000, -0.000000000000000000, 1.927470528863119542E-16 ) ) ;
#2150 = LINE ( 'NONE', #395, #96 ) ;
#2151 = EDGE_LOOP ( 'NONE', ( #830, #1836, #2837, #835 ) ) ;
#2152 = CARTESIAN_POINT ( 'NONE',  ( 1.074999999999999956, 0.000000000000000000, -0.1999999999999997613 ) ) ;
#2153 = CARTESIAN_POINT ( 'NONE',  ( -1.524999999999999689, 0.5999999999999998668, 1.525000000000000133 ) ) ;
#2154 = VECTOR ( 'NONE', #634, 1000.000000000000000 ) ;
#2155 = CARTESIAN_POINT ( 'NONE',  ( 1.074999999999999956, 0.1499999999999999667, 0.4500000000000001776 ) ) ;
#2156 = EDGE_LOOP ( 'NONE', ( #1739, #1866, #1489, #1549 ) ) ;
#2157 = MECHANICAL_DESIGN_GEOMETRIC_PRESENTATION_REPRESENTATION (  '', ( #2880 ), #2960 ) ;
#2158 = DIRECTION ( 'NONE',  ( 0.000000000000000000, -1.000000000000000000, -0.000000000000000000 ) ) ;
#2159 = DIRECTION ( 'NONE',  ( 0.000000000000000000, 0.000000000000000000, -1.000000000000000000 ) ) ;
#2160 = CARTESIAN_POINT ( 'NONE',  ( 1.074999999999999956, 0.000000000000000000, -0.8499999999999997558 ) ) ;
#2161 = LINE ( 'NONE', #1179, #63 ) ;
#2162 = EDGE_LOOP ( 'NONE', ( #2787, #663, #2602, #667 ) ) ;
#2163 = PRESENTATION_LAYER_ASSIGNMENT (  '', '', ( #278 ) ) ;
#2164 = VECTOR ( 'NONE', #165, 1000.000000000000000 ) ;
#2165 = CARTESIAN_POINT ( 'NONE',  ( -1.524999999999999911, 0.6647815070493501288, -1.100000000000000311 ) ) ;
#2166 = CARTESIAN_POINT ( 'NONE',  ( -1.074999999999999956, 0.1499999999999999944, 0.4500000000000001776 ) ) ;
#2167 = CARTESIAN_POINT ( 'NONE',  ( -1.074999999999999956, 0.1499999999999999944, -0.8499999999999997558 ) ) ;
#2168 = ORIENTED_EDGE ( 'NONE', *, *, #779, .T. ) ;
#2169 = EDGE_CURVE ( 'NONE', #2588, #1978, #2013, .T. ) ;
#2170 = CARTESIAN_POINT ( 'NONE',  ( 0.000000000000000000, 0.1499999999999999944, 1.949999999999999956 ) ) ;
#2171 = LINE ( 'NONE', #1140, #68 ) ;
#2172 = VERTEX_POINT ( 'NONE', #834 ) ;
#2173 = CARTESIAN_POINT ( 'NONE',  ( -1.174999999999999822, 0.4999999999999998890, -1.175000000000000044 ) ) ;
#2174 = DIRECTION ( 'NONE',  ( 0.000000000000000000, 0.000000000000000000, 1.000000000000000000 ) ) ;
#2175 = EDGE_CURVE ( 'NONE', #445, #2198, #918, .T. ) ;
#2176 = LINE ( 'NONE', #74, #41 ) ;
#2177 = DIRECTION ( 'NONE',  ( 0.000000000000000000, -1.000000000000000000, 0.000000000000000000 ) ) ;
#2178 = EDGE_LOOP ( 'NONE', ( #635, #2821, #1546, #1541 ) ) ;
#2179 = DIRECTION ( 'NONE',  ( 1.000000000000000000, 0.000000000000000000, 0.000000000000000000 ) ) ;
#2180 = DIRECTION ( 'NONE',  ( 0.000000000000000000, 0.000000000000000000, -1.000000000000000000 ) ) ;
#2181 = VECTOR ( 'NONE', #1053, 1000.000000000000000 ) ;
#2182 = EDGE_LOOP ( 'NONE', ( #1732, #728, #428, #1557 ) ) ;
#2183 = FACE_OUTER_BOUND ( 'NONE', #1427, .T. ) ;
#2184 = PRODUCT_DEFINITION_SHAPE ( 'NONE', 'NONE',  #672 ) ;
#2185 = DIRECTION ( 'NONE',  ( -1.000000000000000000, 0.000000000000000000, -9.637352644315598694E-16 ) ) ;
#2186 = DIRECTION ( 'NONE',  ( -0.000000000000000000, 1.000000000000000000, 0.000000000000000000 ) ) ;
#2187 = CARTESIAN_POINT ( 'NONE',  ( -1.074999999999999956, 0.6647815070493501288, -0.1999999999999997613 ) ) ;
#2188 = EDGE_LOOP ( 'NONE', ( #610, #572, #1572, #2637 ) ) ;
#2189 = CARTESIAN_POINT ( 'NONE',  ( 1.524999999999999911, 0.6647815070493501288, 0.4499999999999997891 ) ) ;
#2190 =( LENGTH_UNIT ( ) NAMED_UNIT ( * ) SI_UNIT ( .MILLI., .METRE. ) );
#2191 = PRESENTATION_LAYER_ASSIGNMENT (  '', '', ( #2609 ) ) ;
#2192 = FACE_OUTER_BOUND ( 'NONE', #2592, .T. ) ;
#2193 = ORIENTED_EDGE ( 'NONE', *, *, #2468, .F. ) ;
#2194 = CARTESIAN_POINT ( 'NONE',  ( -1.524999999999999911, 0.1499999999999999944, -1.100000000000000311 ) ) ;
#2195 = FACE_OUTER_BOUND ( 'NONE', #2178, .T. ) ;
#2196 = AXIS2_PLACEMENT_3D ( 'NONE', #2069, #2487, #233 ) ;
#2197 = CARTESIAN_POINT ( 'NONE',  ( 0.7500000000000000000, 0.1499999999999999667, 1.125000000000000222 ) ) ;
#2198 = VERTEX_POINT ( 'NONE', #2773 ) ;
#2199 = CARTESIAN_POINT ( 'NONE',  ( -1.074999999999999956, 0.1499999999999999944, -0.1999999999999997613 ) ) ;
#2200 = VECTOR ( 'NONE', #2874, 1000.000000000000000 ) ;
#2201 = AXIS2_PLACEMENT_3D ( 'NONE', #2212, #2648, #2927 ) ;
#2202 = ORIENTED_EDGE ( 'NONE', *, *, #2373, .F. ) ;
#2203 = LINE ( 'NONE', #2334, #2164 ) ;
#2204 = CARTESIAN_POINT ( 'NONE',  ( -1.524999999999999911, 0.000000000000000000, 1.099999999999999867 ) ) ;
#2205 = ORIENTED_EDGE ( 'NONE', *, *, #598, .T. ) ;
#2206 = EDGE_CURVE ( 'NONE', #2050, #2378, #2024, .T. ) ;
#2207 = PLANE ( 'NONE',  #2762 ) ;
#2208 = PLANE ( 'NONE',  #1397 ) ;
#2209 = ADVANCED_FACE ( 'NONE', ( #895 ), #1461, .T. ) ;
#2210 = LINE ( 'NONE', #3086, #109 ) ;
#2211 = ORIENTED_EDGE ( 'NONE', *, *, #2039, .F. ) ;
#2212 = CARTESIAN_POINT ( 'NONE',  ( 1.074999999999999956, 0.1499999999999999944, 0.4500000000000001776 ) ) ;
#2213 = EDGE_CURVE ( 'NONE', #2903, #1786, #1982, .T. ) ;
#2214 = DIRECTION ( 'NONE',  ( -0.000000000000000000, -1.000000000000000000, -0.000000000000000000 ) ) ;
#2215 = EDGE_CURVE ( 'NONE', #802, #1728, #3009, .T. ) ;
#2216 = CIRCLE ( 'NONE', #1825, 0.1499999999999999667 ) ;
#2217 = DIRECTION ( 'NONE',  ( -1.000000000000000000, 0.000000000000000000, 9.637352644315598694E-16 ) ) ;
#2218 = ORIENTED_EDGE ( 'NONE', *, *, #543, .F. ) ;
#2219 = MANIFOLD_SOLID_BREP ( 'LPattern2[4]', #2774 ) ;
#2220 = CARTESIAN_POINT ( 'NONE',  ( -1.074999999999999956, 0.1499999999999999944, -0.4500000000000002887 ) ) ;
#2221 = DIRECTION ( 'NONE',  ( 0.000000000000000000, 0.000000000000000000, 1.000000000000000000 ) ) ;
#2222 = VECTOR ( 'NONE', #2891, 1000.000000000000000 ) ;
#2223 = VERTEX_POINT ( 'NONE', #2505 ) ;
#2224 = VECTOR ( 'NONE', #2540, 1000.000000000000000 ) ;
#2225 = CARTESIAN_POINT ( 'NONE',  ( 0.000000000000000000, 0.1499999999999999944, 0.000000000000000000 ) ) ;
#2226 = ORIENTED_EDGE ( 'NONE', *, *, #188, .F. ) ;
#2227 = AXIS2_PLACEMENT_3D ( 'NONE', #685, #1867, #2372 ) ;
#2228 = DIRECTION ( 'NONE',  ( 0.000000000000000000, 0.000000000000000000, 1.000000000000000000 ) ) ;
#2229 = CARTESIAN_POINT ( 'NONE',  ( -1.074999999999999956, 0.000000000000000000, 0.4500000000000001776 ) ) ;
#2230 = LINE ( 'NONE', #1350, #1133 ) ;
#2231 = DIRECTION ( 'NONE',  ( -0.000000000000000000, -1.000000000000000000, -0.000000000000000000 ) ) ;
#2232 = EDGE_LOOP ( 'NONE', ( #2736, #2645, #2634, #660 ) ) ;
#2233 = STYLED_ITEM ( 'NONE', ( #318 ), #2125 ) ;
#2234 = ADVANCED_FACE ( 'NONE', ( #1924 ), #3032, .F. ) ;
#2235 = LINE ( 'NONE', #155, #1130 ) ;
#2236 = CARTESIAN_POINT ( 'NONE',  ( 1.524999999999999911, 0.1499999999999999667, -0.8500000000000001998 ) ) ;
#2237 = ORIENTED_EDGE ( 'NONE', *, *, #2408, .T. ) ;
#2238 = EDGE_CURVE ( 'NONE', #757, #123, #3044, .T. ) ;
#2239 = CARTESIAN_POINT ( 'NONE',  ( 1.074999999999999956, 0.1499999999999999944, -0.1999999999999997613 ) ) ;
#2240 = FACE_OUTER_BOUND ( 'NONE', #1868, .T. ) ;
#2241 = ORIENTED_EDGE ( 'NONE', *, *, #352, .T. ) ;
#2242 = DIRECTION ( 'NONE',  ( 0.000000000000000000, -1.000000000000000000, 0.000000000000000000 ) ) ;
#2243 = EDGE_CURVE ( 'NONE', #2521, #542, #956, .T. ) ;
#2244 = LINE ( 'NONE', #1211, #1215 ) ;
#2245 = DIRECTION ( 'NONE',  ( -0.000000000000000000, -1.000000000000000000, -0.000000000000000000 ) ) ;
#2246 = CARTESIAN_POINT ( 'NONE',  ( 1.060108790874717178E-15, 0.05000000000000000278, 1.100000000000001421 ) ) ;
#2247 = VERTEX_POINT ( 'NONE', #1483 ) ;
#2248 = DIRECTION ( 'NONE',  ( -1.000000000000000000, 0.000000000000000000, -1.445602896647339163E-16 ) ) ;
#2249 = PLANE ( 'NONE',  #3113 ) ;
#2250 = LINE ( 'NONE', #1874, #2318 ) ;
#2251 = EDGE_CURVE ( 'NONE', #1786, #1740, #899, .T. ) ;
#2252 = DIRECTION ( 'NONE',  ( 0.000000000000000000, 0.000000000000000000, -1.000000000000000000 ) ) ;
#2253 = EDGE_LOOP ( 'NONE', ( #2833, #495, #1588, #592 ) ) ;
#2254 = CARTESIAN_POINT ( 'NONE',  ( -1.174999999999999822, 0.4999999999999998890, -1.025000000000000133 ) ) ;
#2255 = LINE ( 'NONE', #907, #151 ) ;
#2256 = DIRECTION ( 'NONE',  ( 0.000000000000000000, 0.000000000000000000, -1.000000000000000000 ) ) ;
#2257 = VERTEX_POINT ( 'NONE', #1827 ) ;
#2258 = DIRECTION ( 'NONE',  ( 0.000000000000000000, -1.000000000000000000, 0.000000000000000000 ) ) ;
#2259 = SURFACE_SIDE_STYLE ('',( #3126 ) ) ;
#2260 = VECTOR ( 'NONE', #28, 1000.000000000000000 ) ;
#2261 = VERTEX_POINT ( 'NONE', #1049 ) ;
#2262 = CARTESIAN_POINT ( 'NONE',  ( -1.524999999999999911, 0.6647815070493501288, 0.8499999999999996447 ) ) ;
#2263 = VECTOR ( 'NONE', #2651, 1000.000000000000000 ) ;
#2264 = AXIS2_PLACEMENT_3D ( 'NONE', #1984, #2287, #99 ) ;
#2265 = CARTESIAN_POINT ( 'NONE',  ( -1.524999999999999911, 0.1499999999999999667, -0.2000000000000002054 ) ) ;
#2266 = PRODUCT ( 'AP7361C-33FGE-7', 'AP7361C-33FGE-7', '', ( #2035 ) ) ;
#2267 = DIRECTION ( 'NONE',  ( 1.000000000000000000, 0.000000000000000000, -0.000000000000000000 ) ) ;
#2268 = FACE_OUTER_BOUND ( 'NONE', #1026, .T. ) ;
#2269 = DIRECTION ( 'NONE',  ( -1.000000000000000000, 0.000000000000000000, 9.637352644315598694E-16 ) ) ;
#2270 = EDGE_CURVE ( 'NONE', #982, #1992, #1936, .T. ) ;
#2271 = CARTESIAN_POINT ( 'NONE',  ( -1.524999999999999911, 0.04999999999999999584, 1.099999999999999867 ) ) ;
#2272 = VECTOR ( 'NONE', #819, 1000.000000000000000 ) ;
#2273 = CARTESIAN_POINT ( 'NONE',  ( 1.074999999999999956, 0.1499999999999999667, -0.1999999999999997613 ) ) ;
#2274 = EDGE_CURVE ( 'NONE', #2628, #1808, #1966, .T. ) ;
#2275 = CARTESIAN_POINT ( 'NONE',  ( 1.524999999999999911, 0.1499999999999999667, -0.4500000000000002887 ) ) ;
#2276 = PLANE ( 'NONE',  #2134 ) ;
#2277 = LINE ( 'NONE', #1638, #197 ) ;
#2278 = EDGE_CURVE ( 'NONE', #746, #2959, #3050, .T. ) ;
#2279 = CARTESIAN_POINT ( 'NONE',  ( 0.000000000000000000, 0.1499999999999999944, 1.300000000000000044 ) ) ;
#2280 = VECTOR ( 'NONE', #2248, 1000.000000000000000 ) ;
#2281 = UNCERTAINTY_MEASURE_WITH_UNIT (LENGTH_MEASURE( 1.000000000000000082E-05 ), #810, 'distance_accuracy_value', 'NONE');
#2282 = PLANE ( 'NONE',  #845 ) ;
#2283 = EDGE_CURVE ( 'NONE', #2548, #586, #3023, .T. ) ;
#2284 = DIRECTION ( 'NONE',  ( 1.000000000000000000, 0.000000000000000000, -0.000000000000000000 ) ) ;
#2285 = PLANE ( 'NONE',  #884 ) ;
#2286 = LINE ( 'NONE', #1332, #222 ) ;
#2287 = DIRECTION ( 'NONE',  ( 0.000000000000000000, -0.000000000000000000, 1.000000000000000000 ) ) ;
#2288 = DIRECTION ( 'NONE',  ( 0.000000000000000000, -1.000000000000000000, 0.000000000000000000 ) ) ;
#2289 = ADVANCED_FACE ( 'NONE', ( #985 ), #716, .T. ) ;
#2290 = DIRECTION ( 'NONE',  ( 1.000000000000000000, 0.000000000000000000, -0.000000000000000000 ) ) ;
#2291 = CARTESIAN_POINT ( 'NONE',  ( 1.074999999999999956, 0.6647815070493501288, -0.1999999999999997613 ) ) ;
#2292 = VECTOR ( 'NONE', #2174, 1000.000000000000000 ) ;
#2293 = SURFACE_STYLE_USAGE ( .BOTH. , #2061 ) ;
#2294 = AXIS2_PLACEMENT_3D ( 'NONE', #1027, #107, #1302 ) ;
#2295 = LINE ( 'NONE', #2437, #1205 ) ;
#2296 = DIRECTION ( 'NONE',  ( -1.000000000000000000, 0.000000000000000000, 0.000000000000000000 ) ) ;
#2297 = CARTESIAN_POINT ( 'NONE',  ( 1.524999999999999911, 0.6647815070493501288, -0.8500000000000001998 ) ) ;
#2298 = AXIS2_PLACEMENT_3D ( 'NONE', #1361, #213, #1221 ) ;
#2299 = CARTESIAN_POINT ( 'NONE',  ( -1.524999999999999911, 0.1499999999999999667, -1.100000000000000311 ) ) ;
#2300 = VECTOR ( 'NONE', #2579, 1000.000000000000000 ) ;
#2301 = CARTESIAN_POINT ( 'NONE',  ( -1.074999999999999956, 0.1499999999999999667, -0.1999999999999997613 ) ) ;
#2302 = DIRECTION ( 'NONE',  ( 1.927470528863119542E-16, 0.000000000000000000, -1.000000000000000000 ) ) ;
#2303 = COLOUR_RGB ( '',0.7921568627450980005, 0.8196078431372548767, 0.9333333333333333481 ) ;
#2304 = ADVANCED_FACE ( 'NONE', ( #2009 ), #2881, .F. ) ;
#2305 = EDGE_CURVE ( 'NONE', #77, #1824, #963, .T. ) ;
#2306 = FACE_OUTER_BOUND ( 'NONE', #131, .T. ) ;
#2307 = DIRECTION ( 'NONE',  ( -0.000000000000000000, -0.000000000000000000, 1.000000000000000000 ) ) ;
#2308 = FACE_OUTER_BOUND ( 'NONE', #2614, .T. ) ;
#2309 = EDGE_CURVE ( 'NONE', #1719, #1318, #2030, .T. ) ;
#2310 = EDGE_CURVE ( 'NONE', #2729, #288, #974, .T. ) ;
#2311 = DIRECTION ( 'NONE',  ( -0.000000000000000000, -0.000000000000000000, 1.000000000000000000 ) ) ;
#2312 = LINE ( 'NONE', #2413, #1253 ) ;
#2313 = DIRECTION ( 'NONE',  ( -0.000000000000000000, -1.000000000000000000, -0.000000000000000000 ) ) ;
#2314 = EDGE_CURVE ( 'NONE', #889, #457, #3066, .T. ) ;
#2315 = LINE ( 'NONE', #1717, #237 ) ;
#2316 = CARTESIAN_POINT ( 'NONE',  ( 0.7500000000000000000, 0.1499999999999999667, 1.125000000000000222 ) ) ;
#2317 = DIRECTION ( 'NONE',  ( 0.000000000000000000, 0.000000000000000000, -1.000000000000000000 ) ) ;
#2318 = VECTOR ( 'NONE', #2127, 1000.000000000000000 ) ;
#2319 = PLANE ( 'NONE',  #2363 ) ;
#2320 = DIRECTION ( 'NONE',  ( -0.000000000000000000, 0.000000000000000000, 1.000000000000000000 ) ) ;
#2321 = VECTOR ( 'NONE', #1574, 1000.000000000000000 ) ;
#2322 = FACE_OUTER_BOUND ( 'NONE', #2544, .T. ) ;
#2323 = AXIS2_PLACEMENT_3D ( 'NONE', #2053, #1801, #323 ) ;
#2324 = VECTOR ( 'NONE', #13, 1000.000000000000000 ) ;
#2325 = ADVANCED_FACE ( 'NONE', ( #2986 ), #1382, .F. ) ;
#2326 = PLANE ( 'NONE',  #1794 ) ;
#2327 = LINE ( 'NONE', #977, #1242 ) ;
#2328 = AXIS2_PLACEMENT_3D ( 'NONE', #214, #739, #778 ) ;
#2329 = VECTOR ( 'NONE', #1363, 1000.000000000000000 ) ;
#2330 = FILL_AREA_STYLE ('',( #161 ) ) ;
#2331 = VECTOR ( 'NONE', #429, 1000.000000000000000 ) ;
#2332 =( LENGTH_UNIT ( ) NAMED_UNIT ( * ) SI_UNIT ( .MILLI., .METRE. ) );
#2333 = CARTESIAN_POINT ( 'NONE',  ( 1.524999999999999911, 0.1499999999999999944, 1.099999999999999867 ) ) ;
#2334 = CARTESIAN_POINT ( 'NONE',  ( 1.074999999999999956, 0.1499999999999999944, 1.100000000000000311 ) ) ;
#2335 = AXIS2_PLACEMENT_3D ( 'NONE', #293, #2064, #1787 ) ;
#2336 = DIRECTION ( 'NONE',  ( 0.000000000000000000, -1.000000000000000000, 0.000000000000000000 ) ) ;
#2337 = MANIFOLD_SOLID_BREP ( 'Cut-Extrude5', #740 ) ;
#2338 = CARTESIAN_POINT ( 'NONE',  ( -1.524999999999999911, 0.000000000000000000, -0.2000000000000002054 ) ) ;
#2339 = LINE ( 'NONE', #1016, #2331 ) ;
#2340 = CARTESIAN_POINT ( 'NONE',  ( 1.524999999999999911, 0.6647815070493501288, 1.099999999999999867 ) ) ;
#2341 = EDGE_CURVE ( 'NONE', #1797, #281, #1265, .T. ) ;
#2342 = VECTOR ( 'NONE', #591, 1000.000000000000000 ) ;
#2343 = LINE ( 'NONE', #390, #210 ) ;
#2344 = EDGE_CURVE ( 'NONE', #1197, #3030, #2361, .T. ) ;
#2345 = CARTESIAN_POINT ( 'NONE',  ( 0.7500000000000004441, 0.1499999999999999667, -1.124999999999999556 ) ) ;
#2346 = DIRECTION ( 'NONE',  ( 0.000000000000000000, 0.000000000000000000, 1.000000000000000000 ) ) ;
#2347 = DIRECTION ( 'NONE',  ( 0.000000000000000000, 1.000000000000000000, 0.000000000000000000 ) ) ;
#2348 = EDGE_CURVE ( 'NONE', #2839, #530, #257, .T. ) ;
#2349 = ORIENTED_EDGE ( 'NONE', *, *, #2935, .F. ) ;
#2350 = FACE_OUTER_BOUND ( 'NONE', #1340, .T. ) ;
#2351 = ADVANCED_FACE ( 'NONE', ( #2388 ), #2900, .T. ) ;
#2352 = DIRECTION ( 'NONE',  ( -1.000000000000000000, 0.000000000000000000, 0.000000000000000000 ) ) ;
#2353 = CARTESIAN_POINT ( 'NONE',  ( -1.074999999999999956, 0.04999999999999999584, 0.8499999999999996447 ) ) ;
#2354 = CARTESIAN_POINT ( 'NONE',  ( 0.000000000000000000, 0.05000000000000000278, 0.8499999999999996447 ) ) ;
#2355 = EDGE_LOOP ( 'NONE', ( #2893, #1293, #1898, #2823 ) ) ;
#2356 = VECTOR ( 'NONE', #1225, 1000.000000000000000 ) ;
#2357 = CARTESIAN_POINT ( 'NONE',  ( -1.074999999999999956, 0.04999999999999999584, 0.4500000000000001776 ) ) ;
#2358 = DIRECTION ( 'NONE',  ( -1.000000000000000000, 0.000000000000000000, 9.637352644315598694E-16 ) ) ;
#2359 = LINE ( 'NONE', #504, #268 ) ;
#2360 = ORIENTED_EDGE ( 'NONE', *, *, #20, .T. ) ;
#2361 = LINE ( 'NONE', #372, #2329 ) ;
#2362 = CARTESIAN_POINT ( 'NONE',  ( -1.074999999999999956, 0.1499999999999999944, -1.100000000000000311 ) ) ;
#2363 = AXIS2_PLACEMENT_3D ( 'NONE', #442, #2095, #2606 ) ;
#2364 = FACE_OUTER_BOUND ( 'NONE', #2151, .T. ) ;
#2365 = ORIENTED_EDGE ( 'NONE', *, *, #502, .T. ) ;
#2366 = AXIS2_PLACEMENT_3D ( 'NONE', #181, #949, #1168 ) ;
#2367 = CARTESIAN_POINT ( 'NONE',  ( -0.7499999999999997780, 0.1499999999999999667, 1.125000000000000222 ) ) ;
#2368 = DIRECTION ( 'NONE',  ( 0.000000000000000000, 0.000000000000000000, -1.000000000000000000 ) ) ;
#2369 = LINE ( 'NONE', #1148, #259 ) ;
#2370 = VERTEX_POINT ( 'NONE', #430 ) ;
#2371 = LINE ( 'NONE', #1272, #1271 ) ;
#2372 = DIRECTION ( 'NONE',  ( 0.000000000000000000, 0.000000000000000000, -1.000000000000000000 ) ) ;
#2373 = EDGE_CURVE ( 'NONE', #2370, #474, #193, .T. ) ;
#2374 = EDGE_LOOP ( 'NONE', ( #2543, #2781, #2858, #1776 ) ) ;
#2375 = CARTESIAN_POINT ( 'NONE',  ( 1.074999999999999956, 0.1499999999999999667, -0.4500000000000002887 ) ) ;
#2376 = CARTESIAN_POINT ( 'NONE',  ( -1.524999999999999911, 0.1499999999999999944, 0.1999999999999996503 ) ) ;
#2377 = EDGE_CURVE ( 'NONE', #3052, #2766, #1278, .T. ) ;
#2378 = VERTEX_POINT ( 'NONE', #2409 ) ;
#2379 = CARTESIAN_POINT ( 'NONE',  ( 1.074999999999999956, 0.1499999999999999944, 1.100000000000000311 ) ) ;
#2380 = LINE ( 'NONE', #2846, #2391 ) ;
#2381 = EDGE_CURVE ( 'NONE', #872, #2612, #1243, .T. ) ;
#2382 = EDGE_LOOP ( 'NONE', ( #2624, #625, #607, #2647 ) ) ;
#2383 = LINE ( 'NONE', #783, #1334 ) ;
#2384 = DIRECTION ( 'NONE',  ( 7.109522442527898271E-17, 0.000000000000000000, 1.000000000000000000 ) ) ;
#2385 = DIRECTION ( 'NONE',  ( 0.000000000000000000, -0.000000000000000000, -1.000000000000000000 ) ) ;
#2386 = CARTESIAN_POINT ( 'NONE',  ( 1.074999999999999956, 0.1499999999999999667, 1.100000000000000311 ) ) ;
#2387 = ORIENTED_EDGE ( 'NONE', *, *, #322, .T. ) ;
#2388 = FACE_OUTER_BOUND ( 'NONE', #1891, .T. ) ;
#2389 =( NAMED_UNIT ( * ) SI_UNIT ( $, .STERADIAN. ) SOLID_ANGLE_UNIT ( ) );
#2390 = ADVANCED_FACE ( 'NONE', ( #2394 ), #1889, .F. ) ;
#2391 = VECTOR ( 'NONE', #1366, 1000.000000000000000 ) ;
#2392 = DIRECTION ( 'NONE',  ( -0.000000000000000000, 1.000000000000000000, -0.000000000000000000 ) ) ;
#2393 = ORIENTED_EDGE ( 'NONE', *, *, #1409, .T. ) ;
#2394 = FACE_OUTER_BOUND ( 'NONE', #1811, .T. ) ;
#2395 = CARTESIAN_POINT ( 'NONE',  ( -1.524999999999999911, 5.513351365237940449, -1.524999999999999245 ) ) ;
#2396 = VECTOR ( 'NONE', #763, 1000.000000000000000 ) ;
#2397 = AXIS2_PLACEMENT_3D ( 'NONE', #2379, #3, #1315 ) ;
#2398 = FACE_OUTER_BOUND ( 'NONE', #3011, .T. ) ;
#2399 = CARTESIAN_POINT ( 'NONE',  ( 1.074999999999999956, 0.1499999999999999667, 0.1999999999999996503 ) ) ;
#2400 = DIRECTION ( 'NONE',  ( -1.000000000000000000, 0.000000000000000000, 0.000000000000000000 ) ) ;
#2401 = ADVANCED_FACE ( 'NONE', ( #218 ), #2208, .F. ) ;
#2402 = LINE ( 'NONE', #2605, #364 ) ;
#2403 = AXIS2_PLACEMENT_3D ( 'NONE', #1892, #1579, #1191 ) ;
#2404 = DIRECTION ( 'NONE',  ( -0.000000000000000000, -0.000000000000000000, 1.000000000000000000 ) ) ;
#2405 = CARTESIAN_POINT ( 'NONE',  ( 1.525000000000000355, 0.05000000000000000278, 1.524999999999999911 ) ) ;
#2406 = LINE ( 'NONE', #1295, #2342 ) ;
#2407 = LINE ( 'NONE', #1991, #1359 ) ;
#2408 = EDGE_CURVE ( 'NONE', #1484, #2223, #224, .T. ) ;
#2409 = CARTESIAN_POINT ( 'NONE',  ( 1.525000000000000133, 0.05000000000000000278, -0.2000000000000003164 ) ) ;
#2410 = VECTOR ( 'NONE', #294, 1000.000000000000000 ) ;
#2411 = CARTESIAN_POINT ( 'NONE',  ( -1.074999999999999956, 0.1499999999999999944, 0.4500000000000001776 ) ) ;
#2412 = LINE ( 'NONE', #1946, #1404 ) ;
#2413 = CARTESIAN_POINT ( 'NONE',  ( 1.626303258728256158E-16, 0.05000000000000000278, -1.124999999999999778 ) ) ;
#2414 = ADVANCED_FACE ( 'NONE', ( #1306 ), #2249, .T. ) ;
#2415 = EDGE_CURVE ( 'NONE', #1728, #3052, #262, .T. ) ;
#2416 = SURFACE_STYLE_FILL_AREA ( #2583 ) ;
#2417 = VECTOR ( 'NONE', #1724, 1000.000000000000000 ) ;
#2418 = DIRECTION ( 'NONE',  ( 0.000000000000000000, -1.000000000000000000, 0.000000000000000000 ) ) ;
#2419 = LINE ( 'NONE', #2490, #302 ) ;
#2420 = LINE ( 'NONE', #533, #327 ) ;
#2421 = DIRECTION ( 'NONE',  ( 9.637352644315598694E-16, 0.000000000000000000, -1.000000000000000000 ) ) ;
#2422 = CARTESIAN_POINT ( 'NONE',  ( -1.074999999999999956, 0.6647815070493501288, -0.1999999999999997613 ) ) ;
#2423 = DIRECTION ( 'NONE',  ( 0.000000000000000000, -1.000000000000000000, 0.000000000000000000 ) ) ;
#2424 = FACE_OUTER_BOUND ( 'NONE', #2765, .T. ) ;
#2425 = PLANE ( 'NONE',  #3045 ) ;
#2426 = LINE ( 'NONE', #2273, #1422 ) ;
#2427 = DIRECTION ( 'NONE',  ( 0.000000000000000000, -1.000000000000000000, 0.000000000000000000 ) ) ;
#2428 = AXIS2_PLACEMENT_3D ( 'NONE', #356, #2104, #855 ) ;
#2429 = FACE_OUTER_BOUND ( 'NONE', #1763, .T. ) ;
#2430 = ADVANCED_FACE ( 'NONE', ( #1247 ), #317, .F. ) ;
#2431 = DIRECTION ( 'NONE',  ( -0.000000000000000000, -1.000000000000000000, -0.000000000000000000 ) ) ;
#2432 = PRESENTATION_LAYER_ASSIGNMENT (  '', '', ( #2768 ) ) ;
#2433 = VECTOR ( 'NONE', #2049, 1000.000000000000000 ) ;
#2434 = DIRECTION ( 'NONE',  ( 0.000000000000000000, 0.000000000000000000, 1.000000000000000000 ) ) ;
#2435 = DIRECTION ( 'NONE',  ( 0.000000000000000000, -1.000000000000000000, 0.000000000000000000 ) ) ;
#2436 = EDGE_CURVE ( 'NONE', #1505, #1727, #1312, .T. ) ;
#2437 = CARTESIAN_POINT ( 'NONE',  ( 1.525000000000000355, 0.05000000000000000278, 1.524999999999999911 ) ) ;
#2438 = VECTOR ( 'NONE', #3002, 1000.000000000000000 ) ;
#2439 = CARTESIAN_POINT ( 'NONE',  ( -1.524999999999999911, 0.1499999999999999667, -0.4500000000000002887 ) ) ;
#2440 = ADVANCED_FACE ( 'NONE', ( #2350 ), #822, .T. ) ;
#2441 = CARTESIAN_POINT ( 'NONE',  ( -1.074999999999999956, 0.1499999999999999667, 0.4500000000000001776 ) ) ;
#2442 = EDGE_CURVE ( 'NONE', #1930, #2378, #2371, .T. ) ;
#2443 = VECTOR ( 'NONE', #1556, 1000.000000000000000 ) ;
#2444 = CARTESIAN_POINT ( 'NONE',  ( 1.524999999999999911, 0.1499999999999999944, -1.100000000000000311 ) ) ;
#2445 = LINE ( 'NONE', #1213, #320 ) ;
#2446 = APPLICATION_CONTEXT ( 'automotive_design' ) ;
#2447 = FILL_AREA_STYLE_COLOUR ( '', #3034 ) ;
#2448 = CARTESIAN_POINT ( 'NONE',  ( 1.524999999999999911, 0.05000000000000000278, -1.525000000000000133 ) ) ;
#2449 = VECTOR ( 'NONE', #1195, 1000.000000000000000 ) ;
#2450 = CARTESIAN_POINT ( 'NONE',  ( 1.524999999999999911, 0.000000000000000000, 0.1999999999999996503 ) ) ;
#2451 = CARTESIAN_POINT ( 'NONE',  ( 1.074999999999999956, 0.6647815070493501288, -1.100000000000000311 ) ) ;
#2452 = MANIFOLD_SOLID_BREP ( 'LPattern2[6]', #824 ) ;
#2453 = AXIS2_PLACEMENT_3D ( 'NONE', #2654, #1748, #2217 ) ;
#2454 = CARTESIAN_POINT ( 'NONE',  ( 1.524999999999999911, 0.1499999999999999944, 0.4499999999999997891 ) ) ;
#2455 = FACE_OUTER_BOUND ( 'NONE', #2679, .T. ) ;
#2456 = CARTESIAN_POINT ( 'NONE',  ( 1.074999999999999956, 0.1499999999999999944, -0.8499999999999997558 ) ) ;
#2457 = VECTOR ( 'NONE', #61, 1000.000000000000000 ) ;
#2458 =( GEOMETRIC_REPRESENTATION_CONTEXT ( 3 ) GLOBAL_UNCERTAINTY_ASSIGNED_CONTEXT ( ( #284 ) ) GLOBAL_UNIT_ASSIGNED_CONTEXT ( ( #1091, #177, #1865 ) ) REPRESENTATION_CONTEXT ( 'NONE', 'WORKASPACE' ) );
#2459 = ADVANCED_FACE ( 'NONE', ( #277 ), #482, .F. ) ;
#2460 = DIRECTION ( 'NONE',  ( 0.000000000000000000, 0.000000000000000000, -1.000000000000000000 ) ) ;
#2461 = LINE ( 'NONE', #3121, #345 ) ;
#2462 =( NAMED_UNIT ( * ) SI_UNIT ( $, .STERADIAN. ) SOLID_ANGLE_UNIT ( ) );
#2463 = AXIS2_PLACEMENT_3D ( 'NONE', #1932, #451, #1682 ) ;
#2464 = DIRECTION ( 'NONE',  ( -0.000000000000000000, -1.000000000000000000, -0.000000000000000000 ) ) ;
#2465 = PLANE ( 'NONE',  #1165 ) ;
#2466 = CARTESIAN_POINT ( 'NONE',  ( -1.074999999999999956, 0.6647815070493501288, 1.100000000000000311 ) ) ;
#2467 = LINE ( 'NONE', #2395, #1375 ) ;
#2468 = EDGE_CURVE ( 'NONE', #1143, #455, #1326, .T. ) ;
#2469 = CARTESIAN_POINT ( 'NONE',  ( -1.524999999999999911, 0.6647815070493501288, -0.8500000000000001998 ) ) ;
#2470 = CARTESIAN_POINT ( 'NONE',  ( -1.524999999999999911, 0.1499999999999999944, -0.2000000000000002054 ) ) ;
#2471 = DIRECTION ( 'NONE',  ( 1.000000000000000000, 0.000000000000000000, 0.000000000000000000 ) ) ;
#2472 = CARTESIAN_POINT ( 'NONE',  ( -0.7499999999999997780, 0.1499999999999999667, 1.125000000000000222 ) ) ;
#2473 = VECTOR ( 'NONE', #2177, 1000.000000000000000 ) ;
#2474 = DIRECTION ( 'NONE',  ( 0.000000000000000000, -0.000000000000000000, 1.000000000000000000 ) ) ;
#2475 = EDGE_CURVE ( 'NONE', #3092, #2771, #2383, .T. ) ;
#2476 = CARTESIAN_POINT ( 'NONE',  ( 1.927470528863107462E-16, 0.05000000000000000278, -0.1999999999999987343 ) ) ;
#2477 = VECTOR ( 'NONE', #1498, 1000.000000000000000 ) ;
#2478 = CARTESIAN_POINT ( 'NONE',  ( 0.7500000000000004441, 0.05000000000000012768, -1.124999999999999556 ) ) ;
#2479 = CIRCLE ( 'NONE', #137, 0.1499999999999999667 ) ;
#2480 = DIRECTION ( 'NONE',  ( 0.000000000000000000, -0.000000000000000000, -1.000000000000000000 ) ) ;
#2481 = SURFACE_STYLE_USAGE ( .BOTH. , #1886 ) ;
#2482 = ORIENTED_EDGE ( 'NONE', *, *, #1611, .F. ) ;
#2483 = DIRECTION ( 'NONE',  ( 9.637352644315598694E-16, 0.000000000000000000, -1.000000000000000000 ) ) ;
#2484 = LINE ( 'NONE', #2476, #2433 ) ;
#2485 = CARTESIAN_POINT ( 'NONE',  ( 1.074999999999999956, 0.000000000000000000, 0.8499999999999996447 ) ) ;
#2486 = VECTOR ( 'NONE', #1379, 1000.000000000000000 ) ;
#2487 = DIRECTION ( 'NONE',  ( -0.000000000000000000, 1.000000000000000000, 0.000000000000000000 ) ) ;
#2488 = FACE_OUTER_BOUND ( 'NONE', #1880, .T. ) ;
#2489 = DIRECTION ( 'NONE',  ( -1.445602896647339656E-16, 0.000000000000000000, 1.000000000000000000 ) ) ;
#2490 = CARTESIAN_POINT ( 'NONE',  ( 0.7500000000000000000, 0.1499999999999999667, 1.125000000000000222 ) ) ;
#2491 = CARTESIAN_POINT ( 'NONE',  ( -1.524999999999999911, 0.1499999999999999944, 0.8499999999999996447 ) ) ;
#2492 = AXIS2_PLACEMENT_3D ( 'NONE', #25, #2149, #426 ) ;
#2493 = ORIENTED_EDGE ( 'NONE', *, *, #1919, .T. ) ;
#2494 = LINE ( 'NONE', #1004, #1522 ) ;
#2495 = ORIENTED_EDGE ( 'NONE', *, *, #2504, .T. ) ;
#2496 = DIRECTION ( 'NONE',  ( 0.000000000000000000, 0.000000000000000000, 1.000000000000000000 ) ) ;
#2497 = ORIENTED_EDGE ( 'NONE', *, *, #3094, .T. ) ;
#2498 = EDGE_CURVE ( 'NONE', #1193, #2920, #2315, .T. ) ;
#2499 = VECTOR ( 'NONE', #2179, 1000.000000000000000 ) ;
#2500 = VERTEX_POINT ( 'NONE', #1742 ) ;
#2501 = CARTESIAN_POINT ( 'NONE',  ( -1.074999999999999956, 0.1499999999999999944, 1.100000000000000311 ) ) ;
#2502 = FILL_AREA_STYLE_COLOUR ( '', #3106 ) ;
#2503 = VERTEX_POINT ( 'NONE', #2971 ) ;
#2504 = EDGE_CURVE ( 'NONE', #828, #2641, #292, .T. ) ;
#2505 = CARTESIAN_POINT ( 'NONE',  ( -1.524999999999999689, 0.05000000000000000278, 0.1999999999999996503 ) ) ;
#2506 = LINE ( 'NONE', #1796, #1470 ) ;
#2507 = VERTEX_POINT ( 'NONE', #2439 ) ;
#2508 = ADVANCED_FACE ( 'NONE', ( #199 ), #1054, .F. ) ;
#2509 = CARTESIAN_POINT ( 'NONE',  ( -1.074999999999999956, 0.6647815070493501288, 1.100000000000000311 ) ) ;
#2510 = PLANE ( 'NONE',  #921 ) ;
#2511 = VECTOR ( 'NONE', #2346, 1000.000000000000000 ) ;
#2512 = DIRECTION ( 'NONE',  ( -1.000000000000000000, 0.000000000000000000, 0.000000000000000000 ) ) ;
#2513 = FACE_OUTER_BOUND ( 'NONE', #1905, .T. ) ;
#2514 = EDGE_CURVE ( 'NONE', #2611, #937, #2343, .T. ) ;
#2515 = ORIENTED_EDGE ( 'NONE', *, *, #1877, .F. ) ;
#2516 = DIRECTION ( 'NONE',  ( 0.000000000000000000, -1.000000000000000000, 0.000000000000000000 ) ) ;
#2517 = DIRECTION ( 'NONE',  ( 0.000000000000000000, 1.000000000000000000, 0.000000000000000000 ) ) ;
#2518 = VECTOR ( 'NONE', #2135, 1000.000000000000000 ) ;
#2519 = CARTESIAN_POINT ( 'NONE',  ( -1.524999999999999911, 0.000000000000000000, 0.8499999999999996447 ) ) ;
#2520 = CARTESIAN_POINT ( 'NONE',  ( -1.174999999999999822, 0.5999999999999999778, -1.175000000000000044 ) ) ;
#2521 = VERTEX_POINT ( 'NONE', #910 ) ;
#2522 = ORIENTED_EDGE ( 'NONE', *, *, #697, .T. ) ;
#2523 = CIRCLE ( 'NONE', #2802, 0.1499999999999999667 ) ;
#2524 = ORIENTED_EDGE ( 'NONE', *, *, #590, .T. ) ;
#2525 = CARTESIAN_POINT ( 'NONE',  ( -1.524999999999999911, 0.6647815070493501288, -0.8500000000000001998 ) ) ;
#2526 = LINE ( 'NONE', #2594, #2518 ) ;
#2527 =( NAMED_UNIT ( * ) PLANE_ANGLE_UNIT ( ) SI_UNIT ( $, .RADIAN. ) );
#2528 = COLOUR_RGB ( '',0.7921568627450980005, 0.8196078431372548767, 0.9333333333333333481 ) ;
#2529 = MECHANICAL_DESIGN_GEOMETRIC_PRESENTATION_REPRESENTATION (  '', ( #727 ), #1132 ) ;
#2530 = ADVANCED_FACE ( 'NONE', ( #1284 ), #2809, .T. ) ;
#2531 = EDGE_LOOP ( 'NONE', ( #2978, #2205, #701, #1908 ) ) ;
#2532 = CARTESIAN_POINT ( 'NONE',  ( -0.5499999999999994893, 0.7156854249492380360, -1.124999999999999778 ) ) ;
#2533 = VERTEX_POINT ( 'NONE', #1834 ) ;
#2534 = EDGE_CURVE ( 'NONE', #802, #2722, #2461, .T. ) ;
#2535 = ORIENTED_EDGE ( 'NONE', *, *, #1877, .T. ) ;
#2536 = CARTESIAN_POINT ( 'NONE',  ( -1.524999999999999911, 0.000000000000000000, 1.099999999999999867 ) ) ;
#2537 = FILL_AREA_STYLE ('',( #1536 ) ) ;
#2538 = VECTOR ( 'NONE', #194, 1000.000000000000000 ) ;
#2539 = FACE_OUTER_BOUND ( 'NONE', #761, .T. ) ;
#2540 = DIRECTION ( 'NONE',  ( 0.000000000000000000, 0.000000000000000000, 1.000000000000000000 ) ) ;
#2541 = ORIENTED_EDGE ( 'NONE', *, *, #460, .F. ) ;
#2542 = EDGE_CURVE ( 'NONE', #1625, #1680, #374, .T. ) ;
#2543 = ORIENTED_EDGE ( 'NONE', *, *, #2930, .T. ) ;
#2544 = EDGE_LOOP ( 'NONE', ( #546, #1706, #1615, #1605 ) ) ;
#2545 = DIRECTION ( 'NONE',  ( -0.000000000000000000, -1.000000000000000000, -0.000000000000000000 ) ) ;
#2546 = DIRECTION ( 'NONE',  ( -0.000000000000000000, 0.000000000000000000, 1.000000000000000000 ) ) ;
#2547 = EDGE_CURVE ( 'NONE', #1625, #2370, #2402, .T. ) ;
#2548 = VERTEX_POINT ( 'NONE', #1313 ) ;
#2549 = LINE ( 'NONE', #2441, #1535 ) ;
#2550 = VERTEX_POINT ( 'NONE', #2299 ) ;
#2551 = CARTESIAN_POINT ( 'NONE',  ( -1.074999999999999956, 0.6647815070493501288, -0.4500000000000002887 ) ) ;
#2552 = ORIENTED_EDGE ( 'NONE', *, *, #3060, .F. ) ;
#2553 = CARTESIAN_POINT ( 'NONE',  ( -1.074999999999999956, 0.1499999999999999667, 0.4500000000000001776 ) ) ;
#2554 = ADVANCED_FACE ( 'NONE', ( #1413 ), #3101, .F. ) ;
#2555 = VERTEX_POINT ( 'NONE', #204 ) ;
#2556 = DIRECTION ( 'NONE',  ( 0.000000000000000000, -1.000000000000000000, 0.000000000000000000 ) ) ;
#2557 = ORIENTED_EDGE ( 'NONE', *, *, #2860, .F. ) ;
#2558 = CARTESIAN_POINT ( 'NONE',  ( -1.074999999999999956, 0.000000000000000000, -0.4500000000000002887 ) ) ;
#2559 = ORIENTED_EDGE ( 'NONE', *, *, #1249, .T. ) ;
#2560 = FACE_OUTER_BOUND ( 'NONE', #2968, .T. ) ;
#2561 = CARTESIAN_POINT ( 'NONE',  ( 1.074999999999999956, 0.6647815070493501288, -0.1999999999999997613 ) ) ;
#2562 = ORIENTED_EDGE ( 'NONE', *, *, #2082, .F. ) ;
#2563 = ORIENTED_EDGE ( 'NONE', *, *, #2082, .T. ) ;
#2564 = VERTEX_POINT ( 'NONE', #1851 ) ;
#2565 = LINE ( 'NONE', #2399, #2499 ) ;
#2566 = EDGE_LOOP ( 'NONE', ( #1862, #270, #2945, #1767 ) ) ;
#2567 = CARTESIAN_POINT ( 'NONE',  ( 1.525000000000000355, 5.513351365237940449, 1.524999999999999911 ) ) ;
#2568 = DIRECTION ( 'NONE',  ( 0.000000000000000000, 0.000000000000000000, -1.000000000000000000 ) ) ;
#2569 = AXIS2_PLACEMENT_3D ( 'NONE', #901, #2347, #1280 ) ;
#2570 = VERTEX_POINT ( 'NONE', #613 ) ;
#2571 = ORIENTED_EDGE ( 'NONE', *, *, #606, .T. ) ;
#2572 = CARTESIAN_POINT ( 'NONE',  ( 1.525000000000000355, 0.5999999999999998668, 1.524999999999999911 ) ) ;
#2573 = FACE_OUTER_BOUND ( 'NONE', #2835, .T. ) ;
#2574 = ADVANCED_FACE ( 'NONE', ( #309 ), #1119, .T. ) ;
#2575 = EDGE_LOOP ( 'NONE', ( #2033, #1939, #875, #595 ) ) ;
#2576 = EDGE_LOOP ( 'NONE', ( #2797, #1749, #2778, #648, #1521, #1697, #709, #708, #110, #291, #1850, #934, #922, #2785, #953, #260, #930, #2237, #2976, #1934 ) ) ;
#2577 = AXIS2_PLACEMENT_3D ( 'NONE', #2567, #1162, #384 ) ;
#2578 = ORIENTED_EDGE ( 'NONE', *, *, #981, .F. ) ;
#2579 = DIRECTION ( 'NONE',  ( -1.000000000000000000, 0.000000000000000000, -9.637352644315598694E-16 ) ) ;
#2580 = VECTOR ( 'NONE', #242, 1000.000000000000000 ) ;
#2581 = ORIENTED_EDGE ( 'NONE', *, *, #1762, .T. ) ;
#2582 = CARTESIAN_POINT ( 'NONE',  ( -1.074999999999999956, 0.000000000000000000, 0.1999999999999996503 ) ) ;
#2583 = FILL_AREA_STYLE ('',( #817 ) ) ;
#2584 = CARTESIAN_POINT ( 'NONE',  ( -1.074999999999999956, 0.000000000000000000, -0.8499999999999997558 ) ) ;
#2585 = ORIENTED_EDGE ( 'NONE', *, *, #1219, .F. ) ;
#2586 = EDGE_CURVE ( 'NONE', #1005, #2223, #330, .T. ) ;
#2587 = DIRECTION ( 'NONE',  ( -0.000000000000000000, -1.000000000000000000, -0.000000000000000000 ) ) ;
#2588 = VERTEX_POINT ( 'NONE', #2536 ) ;
#2589 = ORIENTED_EDGE ( 'NONE', *, *, #3132, .F. ) ;
#2590 = PRESENTATION_STYLE_ASSIGNMENT (( #784 ) ) ;
#2591 = EDGE_CURVE ( 'NONE', #2901, #118, #2479, .T. ) ;
#2592 = EDGE_LOOP ( 'NONE', ( #2936, #6, #682, #1664 ) ) ;
#2593 = CARTESIAN_POINT ( 'NONE',  ( -1.524999999999999911, 0.6647815070493501288, 0.1999999999999996503 ) ) ;
#2594 = CARTESIAN_POINT ( 'NONE',  ( 1.074999999999999956, 0.1499999999999999944, 1.100000000000000311 ) ) ;
#2595 = DIRECTION ( 'NONE',  ( -1.000000000000000000, 0.000000000000000000, 9.637352644315598694E-16 ) ) ;
#2596 = EDGE_CURVE ( 'NONE', #3075, #2247, #378, .T. ) ;
#2597 = ORIENTED_EDGE ( 'NONE', *, *, #2514, .T. ) ;
#2598 = DIRECTION ( 'NONE',  ( 1.000000000000000000, 0.000000000000000000, -9.637352644315598694E-16 ) ) ;
#2599 = FACE_OUTER_BOUND ( 'NONE', #2162, .T. ) ;
#2600 = ORIENTED_EDGE ( 'NONE', *, *, #1525, .T. ) ;
#2601 =( NAMED_UNIT ( * ) SI_UNIT ( $, .STERADIAN. ) SOLID_ANGLE_UNIT ( ) );
#2602 = ORIENTED_EDGE ( 'NONE', *, *, #121, .F. ) ;
#2603 = PLANE ( 'NONE',  #1201 ) ;
#2604 = ORIENTED_EDGE ( 'NONE', *, *, #220, .T. ) ;
#2605 = CARTESIAN_POINT ( 'NONE',  ( 1.074999999999999956, 0.6647815070493501288, 0.4500000000000001776 ) ) ;
#2606 = DIRECTION ( 'NONE',  ( 0.000000000000000000, 0.000000000000000000, -1.000000000000000000 ) ) ;
#2607 = CARTESIAN_POINT ( 'NONE',  ( -1.074999999999999956, 0.1499999999999999944, 0.4500000000000001776 ) ) ;
#2608 = ORIENTED_EDGE ( 'NONE', *, *, #2673, .T. ) ;
#2609 = STYLED_ITEM ( 'NONE', ( #227 ), #2452 ) ;
#2610 = DIRECTION ( 'NONE',  ( -1.000000000000000000, 0.000000000000000000, 0.000000000000000000 ) ) ;
#2611 = VERTEX_POINT ( 'NONE', #2116 ) ;
#2612 = VERTEX_POINT ( 'NONE', #2887 ) ;
#2613 = PRESENTATION_LAYER_ASSIGNMENT (  '', '', ( #2105 ) ) ;
#2614 = EDGE_LOOP ( 'NONE', ( #523, #695 ) ) ;
#2615 = CARTESIAN_POINT ( 'NONE',  ( -1.074999999999999956, 0.1499999999999999944, -1.100000000000000311 ) ) ;
#2616 = ORIENTED_EDGE ( 'NONE', *, *, #125, .F. ) ;
#2617 = CARTESIAN_POINT ( 'NONE',  ( 1.074999999999999956, 0.05000000000000000278, 0.000000000000000000 ) ) ;
#2618 = ORIENTED_EDGE ( 'NONE', *, *, #2085, .F. ) ;
#2619 = MECHANICAL_DESIGN_GEOMETRIC_PRESENTATION_REPRESENTATION (  '', ( #807 ), #735 ) ;
#2620 = CARTESIAN_POINT ( 'NONE',  ( 1.524999999999999911, 0.1499999999999999667, -0.8500000000000001998 ) ) ;
#2621 = ORIENTED_EDGE ( 'NONE', *, *, #2514, .F. ) ;
#2622 = CARTESIAN_POINT ( 'NONE',  ( 1.524999999999999911, 0.1499999999999999667, -0.2000000000000002054 ) ) ;
#2623 = ORIENTED_EDGE ( 'NONE', *, *, #178, .F. ) ;
#2624 = ORIENTED_EDGE ( 'NONE', *, *, #296, .F. ) ;
#2625 = CARTESIAN_POINT ( 'NONE',  ( -1.074999999999999956, 0.1499999999999999944, -0.4500000000000002887 ) ) ;
#2626 = EDGE_CURVE ( 'NONE', #2755, #3092, #304, .T. ) ;
#2627 = CARTESIAN_POINT ( 'NONE',  ( -1.074999999999999956, 0.05000000000000000278, 0.000000000000000000 ) ) ;
#2628 = VERTEX_POINT ( 'NONE', #1918 ) ;
#2629 = LINE ( 'NONE', #2367, #2486 ) ;
#2630 =( LENGTH_UNIT ( ) NAMED_UNIT ( * ) SI_UNIT ( .MILLI., .METRE. ) );
#2631 = ORIENTED_EDGE ( 'NONE', *, *, #598, .F. ) ;
#2632 = VERTEX_POINT ( 'NONE', #2338 ) ;
#2633 = EDGE_CURVE ( 'NONE', #2632, #469, #371, .T. ) ;
#2634 = ORIENTED_EDGE ( 'NONE', *, *, #1475, .F. ) ;
#2635 = VERTEX_POINT ( 'NONE', #2129 ) ;
#2636 = ORIENTED_EDGE ( 'NONE', *, *, #1964, .F. ) ;
#2637 = ORIENTED_EDGE ( 'NONE', *, *, #2005, .T. ) ;
#2638 = DIRECTION ( 'NONE',  ( 0.000000000000000000, -1.000000000000000000, 0.000000000000000000 ) ) ;
#2639 = CARTESIAN_POINT ( 'NONE',  ( 1.074999999999999956, 0.1499999999999999944, -0.1999999999999997613 ) ) ;
#2640 = DIRECTION ( 'NONE',  ( 0.000000000000000000, 0.000000000000000000, -1.000000000000000000 ) ) ;
#2641 = VERTEX_POINT ( 'NONE', #2582 ) ;
#2642 = CARTESIAN_POINT ( 'NONE',  ( -1.074999999999999956, 0.1499999999999999944, -0.8499999999999997558 ) ) ;
#2643 = EDGE_LOOP ( 'NONE', ( #645, #3134, #2649, #1530 ) ) ;
#2644 = CARTESIAN_POINT ( 'NONE',  ( 1.524999999999999911, 0.6647815070493501288, 0.8499999999999996447 ) ) ;
#2645 = ORIENTED_EDGE ( 'NONE', *, *, #2278, .F. ) ;
#2646 = ADVANCED_FACE ( 'NONE', ( #2424 ), #363, .F. ) ;
#2647 = ORIENTED_EDGE ( 'NONE', *, *, #2215, .F. ) ;
#2648 = DIRECTION ( 'NONE',  ( 1.000000000000000000, 0.000000000000000000, 0.000000000000000000 ) ) ;
#2649 = ORIENTED_EDGE ( 'NONE', *, *, #3008, .T. ) ;
#2650 = LINE ( 'NONE', #2593, #1606 ) ;
#2651 = DIRECTION ( 'NONE',  ( 1.000000000000000000, 0.000000000000000000, 0.000000000000000000 ) ) ;
#2652 = ORIENTED_EDGE ( 'NONE', *, *, #2046, .T. ) ;
#2653 = VERTEX_POINT ( 'NONE', #696 ) ;
#2654 = CARTESIAN_POINT ( 'NONE',  ( 1.074999999999999956, 0.6647815070493501288, 0.4500000000000001776 ) ) ;
#2655 = STYLED_ITEM ( 'NONE', ( #2590 ), #3003 ) ;
#2656 = PLANE ( 'NONE',  #1259 ) ;
#2657 = ORIENTED_EDGE ( 'NONE', *, *, #2121, .T. ) ;
#2658 = LINE ( 'NONE', #577, #664 ) ;
#2659 = CARTESIAN_POINT ( 'NONE',  ( 0.7500000000000000000, 2.854163456597992088, 1.125000000000000222 ) ) ;
#2660 = ORIENTED_EDGE ( 'NONE', *, *, #355, .F. ) ;
#2661 = ORIENTED_EDGE ( 'NONE', *, *, #1385, .F. ) ;
#2662 = AXIS2_PLACEMENT_3D ( 'NONE', #149, #927, #361 ) ;
#2663 = ORIENTED_EDGE ( 'NONE', *, *, #947, .F. ) ;
#2664 = VECTOR ( 'NONE', #1654, 1000.000000000000000 ) ;
#2665 = ADVANCED_FACE ( 'NONE', ( #1354 ), #1388, .T. ) ;
#2666 = ORIENTED_EDGE ( 'NONE', *, *, #1863, .F. ) ;
#2667 = ORIENTED_EDGE ( 'NONE', *, *, #1956, .T. ) ;
#2668 = CARTESIAN_POINT ( 'NONE',  ( -0.7499999999999997780, 0.1499999999999999667, 1.125000000000000222 ) ) ;
#2669 = DIRECTION ( 'NONE',  ( 2.843808977011159309E-16, -0.000000000000000000, 1.000000000000000000 ) ) ;
#2670 = DIRECTION ( 'NONE',  ( 0.000000000000000000, 1.000000000000000000, 0.000000000000000000 ) ) ;
#2671 = DIRECTION ( 'NONE',  ( 0.000000000000000000, 1.000000000000000000, 0.000000000000000000 ) ) ;
#2672 = ORIENTED_EDGE ( 'NONE', *, *, #153, .F. ) ;
#2673 = EDGE_CURVE ( 'NONE', #1561, #1501, #2445, .T. ) ;
#2674 = VECTOR ( 'NONE', #941, 1000.000000000000000 ) ;
#2675 =( NAMED_UNIT ( * ) PLANE_ANGLE_UNIT ( ) SI_UNIT ( $, .RADIAN. ) );
#2676 = VERTEX_POINT ( 'NONE', #412 ) ;
#2677 = DIRECTION ( 'NONE',  ( 0.000000000000000000, -1.000000000000000000, 0.000000000000000000 ) ) ;
#2678 = ORIENTED_EDGE ( 'NONE', *, *, #3024, .F. ) ;
#2679 = EDGE_LOOP ( 'NONE', ( #2727, #2482, #449, #440 ) ) ;
#2680 = VECTOR ( 'NONE', #862, 1000.000000000000000 ) ;
#2681 = DIRECTION ( 'NONE',  ( -1.000000000000000000, 0.000000000000000000, 0.000000000000000000 ) ) ;
#2682 = EDGE_CURVE ( 'NONE', #2749, #1, #2407, .T. ) ;
#2683 = ORIENTED_EDGE ( 'NONE', *, *, #1277, .F. ) ;
#2684 = ORIENTED_EDGE ( 'NONE', *, *, #1178, .F. ) ;
#2685 = CARTESIAN_POINT ( 'NONE',  ( 1.074999999999999956, 0.1499999999999999944, 0.1999999999999996503 ) ) ;
#2686 = ORIENTED_EDGE ( 'NONE', *, *, #2243, .F. ) ;
#2687 = LINE ( 'NONE', #2333, #558 ) ;
#2688 = DIRECTION ( 'NONE',  ( 0.000000000000000000, 0.000000000000000000, 1.000000000000000000 ) ) ;
#2689 = ORIENTED_EDGE ( 'NONE', *, *, #986, .F. ) ;
#2690 = EDGE_CURVE ( 'NONE', #1529, #1160, #354, .T. ) ;
#2691 = ORIENTED_EDGE ( 'NONE', *, *, #1263, .F. ) ;
#2692 = ORIENTED_EDGE ( 'NONE', *, *, #254, .T. ) ;
#2693 = VECTOR ( 'NONE', #476, 1000.000000000000000 ) ;
#2694 = ORIENTED_EDGE ( 'NONE', *, *, #2309, .T. ) ;
#2695 = ORIENTED_EDGE ( 'NONE', *, *, #1087, .F. ) ;
#2696 = PLANE ( 'NONE',  #1504 ) ;
#2697 = DIRECTION ( 'NONE',  ( 0.000000000000000000, 0.000000000000000000, -1.000000000000000000 ) ) ;
#2698 = ORIENTED_EDGE ( 'NONE', *, *, #1111, .T. ) ;
#2699 = FACE_OUTER_BOUND ( 'NONE', #2232, .T. ) ;
#2700 =( LENGTH_UNIT ( ) NAMED_UNIT ( * ) SI_UNIT ( .MILLI., .METRE. ) );
#2701 = ADVANCED_FACE ( 'NONE', ( #1408 ), #463, .F. ) ;
#2702 = EDGE_LOOP ( 'NONE', ( #2631, #1699, #2691, #603 ) ) ;
#2703 = FILL_AREA_STYLE ('',( #39 ) ) ;
#2704 = ORIENTED_EDGE ( 'NONE', *, *, #1402, .F. ) ;
#2705 = ORIENTED_EDGE ( 'NONE', *, *, #346, .F. ) ;
#2706 = LINE ( 'NONE', #1626, #1738 ) ;
#2707 = ORIENTED_EDGE ( 'NONE', *, *, #1840, .T. ) ;
#2708 = MECHANICAL_DESIGN_GEOMETRIC_PRESENTATION_REPRESENTATION (  '', ( #278 ), #438 ) ;
#2709 = ORIENTED_EDGE ( 'NONE', *, *, #3124, .F. ) ;
#2710 = CARTESIAN_POINT ( 'NONE',  ( -1.074999999999999956, 0.6647815070493501288, -0.8499999999999997558 ) ) ;
#2711 = ORIENTED_EDGE ( 'NONE', *, *, #2138, .F. ) ;
#2712 = LINE ( 'NONE', #2246, #2680 ) ;
#2713 = CARTESIAN_POINT ( 'NONE',  ( -1.524999999999999911, 0.1499999999999999944, -0.8500000000000001998 ) ) ;
#2714 = ORIENTED_EDGE ( 'NONE', *, *, #1307, .T. ) ;
#2715 = ADVANCED_FACE ( 'NONE', ( #2398 ), #1059, .F. ) ;
#2716 = ORIENTED_EDGE ( 'NONE', *, *, #2085, .T. ) ;
#2717 = AXIS2_PLACEMENT_3D ( 'NONE', #1096, #2804, #2434 ) ;
#2718 = DIRECTION ( 'NONE',  ( 0.000000000000000000, -1.000000000000000000, 0.000000000000000000 ) ) ;
#2719 = ORIENTED_EDGE ( 'NONE', *, *, #2143, .T. ) ;
#2720 = LINE ( 'NONE', #72, #2693 ) ;
#2721 = VERTEX_POINT ( 'NONE', #2625 ) ;
#2722 = VERTEX_POINT ( 'NONE', #770 ) ;
#2723 = FILL_AREA_STYLE_COLOUR ( '', #782 ) ;
#2724 = DIRECTION ( 'NONE',  ( 0.000000000000000000, 0.000000000000000000, 1.000000000000000000 ) ) ;
#2725 = EDGE_CURVE ( 'NONE', #1561, #77, #1387, .T. ) ;
#2726 = DIRECTION ( 'NONE',  ( -1.000000000000000000, -0.000000000000000000, -0.000000000000000000 ) ) ;
#2727 = ORIENTED_EDGE ( 'NONE', *, *, #1648, .F. ) ;
#2728 = VECTOR ( 'NONE', #1183, 1000.000000000000000 ) ;
#2729 = VERTEX_POINT ( 'NONE', #488 ) ;
#2730 = DIRECTION ( 'NONE',  ( -0.000000000000000000, -1.000000000000000000, -0.000000000000000000 ) ) ;
#2731 = ORIENTED_EDGE ( 'NONE', *, *, #1381, .F. ) ;
#2732 = EDGE_CURVE ( 'NONE', #123, #2729, #324, .T. ) ;
#2733 = ORIENTED_EDGE ( 'NONE', *, *, #328, .F. ) ;
#2734 = VECTOR ( 'NONE', #1812, 1000.000000000000000 ) ;
#2735 = ORIENTED_EDGE ( 'NONE', *, *, #2984, .T. ) ;
#2736 = ORIENTED_EDGE ( 'NONE', *, *, #157, .F. ) ;
#2737 = CARTESIAN_POINT ( 'NONE',  ( 1.074999999999999956, 0.1499999999999999667, -1.100000000000000311 ) ) ;
#2738 = EDGE_CURVE ( 'NONE', #2101, #2172, #300, .T. ) ;
#2739 = ORIENTED_EDGE ( 'NONE', *, *, #2005, .F. ) ;
#2740 = VECTOR ( 'NONE', #1737, 1000.000000000000000 ) ;
#2741 = SHAPE_DEFINITION_REPRESENTATION ( #2184, #263 ) ;
#2742 = CARTESIAN_POINT ( 'NONE',  ( 1.074999999999999956, 0.1499999999999999944, -0.1999999999999997613 ) ) ;
#2743 = PLANE ( 'NONE',  #2062 ) ;
#2744 = ORIENTED_EDGE ( 'NONE', *, *, #2175, .F. ) ;
#2745 = ORIENTED_EDGE ( 'NONE', *, *, #1551, .T. ) ;
#2746 = PLANE ( 'NONE',  #1462 ) ;
#2747 = ORIENTED_EDGE ( 'NONE', *, *, #2348, .T. ) ;
#2748 = VECTOR ( 'NONE', #2864, 1000.000000000000000 ) ;
#2749 = VERTEX_POINT ( 'NONE', #1025 ) ;
#2750 = ADVANCED_FACE ( 'NONE', ( #1410 ), #261, .T. ) ;
#2751 = ORIENTED_EDGE ( 'NONE', *, *, #933, .T. ) ;
#2752 = PLANE ( 'NONE',  #1904 ) ;
#2753 = CARTESIAN_POINT ( 'NONE',  ( 1.074999999999999956, 0.6647815070493501288, 1.100000000000000311 ) ) ;
#2754 = AXIS2_PLACEMENT_3D ( 'NONE', #1398, #3095, #179 ) ;
#2755 = VERTEX_POINT ( 'NONE', #2236 ) ;
#2756 = LINE ( 'NONE', #113, #1600 ) ;
#2757 = CARTESIAN_POINT ( 'NONE',  ( 1.074999999999999956, 0.1499999999999999944, -0.8499999999999997558 ) ) ;
#2758 = ORIENTED_EDGE ( 'NONE', *, *, #1910, .T. ) ;
#2759 = DIRECTION ( 'NONE',  ( 0.000000000000000000, 1.000000000000000000, 0.000000000000000000 ) ) ;
#2760 = ORIENTED_EDGE ( 'NONE', *, *, #1346, .F. ) ;
#2761 = CARTESIAN_POINT ( 'NONE',  ( 1.524999999999999911, 0.05000000000000000278, -1.525000000000000133 ) ) ;
#2762 = AXIS2_PLACEMENT_3D ( 'NONE', #1792, #2671, #1741 ) ;
#2763 = ORIENTED_EDGE ( 'NONE', *, *, #1141, .T. ) ;
#2764 = LINE ( 'NONE', #1711, #2790 ) ;
#2765 = EDGE_LOOP ( 'NONE', ( #56, #677, #2908, #693 ) ) ;
#2766 = VERTEX_POINT ( 'NONE', #2444 ) ;
#2767 = ORIENTED_EDGE ( 'NONE', *, *, #497, .T. ) ;
#2768 = STYLED_ITEM ( 'NONE', ( #700 ), #556 ) ;
#2769 = LINE ( 'NONE', #1220, #1635 ) ;
#2770 = DIRECTION ( 'NONE',  ( 1.000000000000000000, 0.000000000000000000, 0.000000000000000000 ) ) ;
#2771 = VERTEX_POINT ( 'NONE', #2737 ) ;
#2772 = ORIENTED_EDGE ( 'NONE', *, *, #1029, .T. ) ;
#2773 = CARTESIAN_POINT ( 'NONE',  ( 1.074999999999999956, 0.000000000000000000, 1.100000000000000311 ) ) ;
#2774 = CLOSED_SHELL ( 'NONE', ( #2351, #3026, #400, #1241, #869, #1954 ) ) ;
#2775 = LINE ( 'NONE', #475, #2748 ) ;
#2776 = EDGE_CURVE ( 'NONE', #2838, #1143, #2467, .T. ) ;
#2777 = ORIENTED_EDGE ( 'NONE', *, *, #146, .F. ) ;
#2778 = ORIENTED_EDGE ( 'NONE', *, *, #411, .F. ) ;
#2779 = PLANE ( 'NONE',  #526 ) ;
#2780 = CARTESIAN_POINT ( 'NONE',  ( 1.524999999999999911, 0.000000000000000000, -0.8500000000000001998 ) ) ;
#2781 = ORIENTED_EDGE ( 'NONE', *, *, #791, .F. ) ;
#2782 = FACE_OUTER_BOUND ( 'NONE', #798, .T. ) ;
#2783 = FILL_AREA_STYLE_COLOUR ( '', #2303 ) ;
#2784 = DIRECTION ( 'NONE',  ( 1.927470528863119542E-16, 0.000000000000000000, -1.000000000000000000 ) ) ;
#2785 = ORIENTED_EDGE ( 'NONE', *, *, #382, .T. ) ;
#2786 = EDGE_CURVE ( 'NONE', #2611, #1288, #1371, .T. ) ;
#2787 = ORIENTED_EDGE ( 'NONE', *, *, #2725, .F. ) ;
#2788 = EDGE_CURVE ( 'NONE', #732, #2073, #350, .T. ) ;
#2789 = ORIENTED_EDGE ( 'NONE', *, *, #2786, .T. ) ;
#2790 = VECTOR ( 'NONE', #425, 1000.000000000000000 ) ;
#2791 = EDGE_LOOP ( 'NONE', ( #1804, #964 ) ) ;
#2792 = ORIENTED_EDGE ( 'NONE', *, *, #2870, .T. ) ;
#2793 = ORIENTED_EDGE ( 'NONE', *, *, #600, .T. ) ;
#2794 = LINE ( 'NONE', #402, #2728 ) ;
#2795 = DIRECTION ( 'NONE',  ( 0.000000000000000000, 0.000000000000000000, -1.000000000000000000 ) ) ;
#2796 = VERTEX_POINT ( 'NONE', #282 ) ;
#2797 = ORIENTED_EDGE ( 'NONE', *, *, #244, .T. ) ;
#2798 = CARTESIAN_POINT ( 'NONE',  ( 0.000000000000000000, 0.1499999999999999944, 1.300000000000000044 ) ) ;
#2799 = ORIENTED_EDGE ( 'NONE', *, *, #975, .F. ) ;
#2800 = FACE_OUTER_BOUND ( 'NONE', #1920, .T. ) ;
#2801 = ORIENTED_EDGE ( 'NONE', *, *, #377, .F. ) ;
#2802 = AXIS2_PLACEMENT_3D ( 'NONE', #1419, #2517, #415 ) ;
#2803 = EDGE_LOOP ( 'NONE', ( #642, #1573, #1652, #2636 ) ) ;
#2804 = DIRECTION ( 'NONE',  ( 0.000000000000000000, 1.000000000000000000, 0.000000000000000000 ) ) ;
#2805 = CARTESIAN_POINT ( 'NONE',  ( 0.7500000000000000000, 0.1499999999999999667, 1.125000000000000222 ) ) ;
#2806 = CARTESIAN_POINT ( 'NONE',  ( 8.191749747668245972E-16, 0.05000000000000000278, -0.8499999999999986455 ) ) ;
#2807 = VERTEX_POINT ( 'NONE', #1477 ) ;
#2808 = LINE ( 'NONE', #1884, #1809 ) ;
#2809 = PLANE ( 'NONE',  #1328 ) ;
#2810 = ORIENTED_EDGE ( 'NONE', *, *, #2032, .F. ) ;
#2811 = DIRECTION ( 'NONE',  ( 0.000000000000000000, 0.000000000000000000, -1.000000000000000000 ) ) ;
#2812 = ORIENTED_EDGE ( 'NONE', *, *, #1807, .F. ) ;
#2813 = SURFACE_SIDE_STYLE ('',( #280 ) ) ;
#2814 =( GEOMETRIC_REPRESENTATION_CONTEXT ( 3 ) GLOBAL_UNCERTAINTY_ASSIGNED_CONTEXT ( ( #2281 ) ) GLOBAL_UNIT_ASSIGNED_CONTEXT ( ( #810, #129, #573 ) ) REPRESENTATION_CONTEXT ( 'NONE', 'WORKASPACE' ) );
#2815 = CARTESIAN_POINT ( 'NONE',  ( 0.000000000000000000, 0.1499999999999999944, 1.300000000000000044 ) ) ;
#2816 = ORIENTED_EDGE ( 'NONE', *, *, #2283, .T. ) ;
#2817 = LINE ( 'NONE', #1115, #721 ) ;
#2818 = EDGE_LOOP ( 'NONE', ( #638, #623, #1637, #626 ) ) ;
#2819 = ORIENTED_EDGE ( 'NONE', *, *, #1017, .T. ) ;
#2820 = AXIS2_PLACEMENT_3D ( 'NONE', #2220, #2688, #47 ) ;
#2821 = ORIENTED_EDGE ( 'NONE', *, *, #2725, .T. ) ;
#2822 = VECTOR ( 'NONE', #250, 1000.000000000000000 ) ;
#2823 = ORIENTED_EDGE ( 'NONE', *, *, #1023, .T. ) ;
#2824 = ORIENTED_EDGE ( 'NONE', *, *, #813, .T. ) ;
#2825 = EDGE_CURVE ( 'NONE', #1808, #889, #2412, .T. ) ;
#2826 =( NAMED_UNIT ( * ) SI_UNIT ( $, .STERADIAN. ) SOLID_ANGLE_UNIT ( ) );
#2827 = EDGE_LOOP ( 'NONE', ( #912, #881, #843, #1925, #51 ) ) ;
#2828 = VECTOR ( 'NONE', #1976, 1000.000000000000000 ) ;
#2829 = ORIENTED_EDGE ( 'NONE', *, *, #1023, .F. ) ;
#2830 = CARTESIAN_POINT ( 'NONE',  ( -1.074999999999999956, 0.1499999999999999944, -0.1999999999999997613 ) ) ;
#2831 = PLANE ( 'NONE',  #108 ) ;
#2832 = EDGE_CURVE ( 'NONE', #1571, #1465, #1377, .T. ) ;
#2833 = ORIENTED_EDGE ( 'NONE', *, *, #2118, .F. ) ;
#2834 = CARTESIAN_POINT ( 'NONE',  ( 1.074999999999999956, 0.1499999999999999667, -0.8499999999999997558 ) ) ;
#2835 = EDGE_LOOP ( 'NONE', ( #2705, #1591, #2608, #1760 ) ) ;
#2836 = DIRECTION ( 'NONE',  ( 1.000000000000000000, 0.000000000000000000, -0.000000000000000000 ) ) ;
#2837 = ORIENTED_EDGE ( 'NONE', *, *, #141, .F. ) ;
#2838 = VERTEX_POINT ( 'NONE', #726 ) ;
#2839 = VERTEX_POINT ( 'NONE', #1405 ) ;
#2840 = VECTOR ( 'NONE', #2917, 1000.000000000000000 ) ;
#2841 = CARTESIAN_POINT ( 'NONE',  ( 1.524999999999999911, 0.1499999999999999667, -1.100000000000000311 ) ) ;
#2842 = CARTESIAN_POINT ( 'NONE',  ( 1.074999999999999956, 0.1499999999999999667, 0.8499999999999996447 ) ) ;
#2843 = EDGE_LOOP ( 'NONE', ( #2585, #1707, #1641, #1550 ) ) ;
#2844 = CARTESIAN_POINT ( 'NONE',  ( -1.524999999999999911, 0.000000000000000000, -0.8500000000000001998 ) ) ;
#2845 = ORIENTED_EDGE ( 'NONE', *, *, #890, .T. ) ;
#2846 = CARTESIAN_POINT ( 'NONE',  ( -0.7499999999999997780, 0.1499999999999999667, 1.125000000000000222 ) ) ;
#2847 = VERTEX_POINT ( 'NONE', #1696 ) ;
#2848 = PLANE ( 'NONE',  #1951 ) ;
#2849 = DIRECTION ( 'NONE',  ( 0.000000000000000000, -1.000000000000000000, 0.000000000000000000 ) ) ;
#2850 = DIRECTION ( 'NONE',  ( -0.000000000000000000, -1.000000000000000000, -0.000000000000000000 ) ) ;
#2851 = DIRECTION ( 'NONE',  ( -1.000000000000000000, 0.000000000000000000, -9.637352644315598694E-16 ) ) ;
#2852 = ORIENTED_EDGE ( 'NONE', *, *, #857, .F. ) ;
#2853 = EDGE_CURVE ( 'NONE', #1288, #530, #1417, .T. ) ;
#2854 = VECTOR ( 'NONE', #2404, 1000.000000000000000 ) ;
#2855 = DIRECTION ( 'NONE',  ( 0.000000000000000000, -0.000000000000000000, 1.000000000000000000 ) ) ;
#2856 = VERTEX_POINT ( 'NONE', #1002 ) ;
#2857 = DIRECTION ( 'NONE',  ( 0.000000000000000000, 1.000000000000000000, 0.000000000000000000 ) ) ;
#2858 = ORIENTED_EDGE ( 'NONE', *, *, #943, .T. ) ;
#2859 = VECTOR ( 'NONE', #1378, 1000.000000000000000 ) ;
#2860 = EDGE_CURVE ( 'NONE', #105, #2920, #1357, .T. ) ;
#2861 = VERTEX_POINT ( 'NONE', #2197 ) ;
#2862 = ADVANCED_FACE ( 'NONE', ( #2455 ), #3028, .T. ) ;
#2863 = LINE ( 'NONE', #3128, #1782 ) ;
#2864 = DIRECTION ( 'NONE',  ( -1.000000000000000000, -0.000000000000000000, -0.000000000000000000 ) ) ;
#2865 = CARTESIAN_POINT ( 'NONE',  ( -0.7499999999999994449, 0.1499999999999999667, -0.9249999999999997113 ) ) ;
#2866 = CARTESIAN_POINT ( 'NONE',  ( 1.524999999999999911, 0.1499999999999999944, 0.1999999999999996503 ) ) ;
#2867 = EDGE_CURVE ( 'NONE', #1900, #1930, #313, .T. ) ;
#2868 = EDGE_LOOP ( 'NONE', ( #1602, #1568, #2772, #2816 ) ) ;
#2869 = CARTESIAN_POINT ( 'NONE',  ( 1.074999999999999956, 0.04999999999999999584, -0.4500000000000002887 ) ) ;
#2870 = EDGE_CURVE ( 'NONE', #781, #1532, #1421, .T. ) ;
#2871 = DIRECTION ( 'NONE',  ( -1.000000000000000000, 0.000000000000000000, 9.637352644315598694E-16 ) ) ;
#2872 = ORIENTED_EDGE ( 'NONE', *, *, #2270, .F. ) ;
#2873 = FACE_OUTER_BOUND ( 'NONE', #537, .T. ) ;
#2874 = DIRECTION ( 'NONE',  ( -0.000000000000000000, -0.000000000000000000, 1.000000000000000000 ) ) ;
#2875 = VERTEX_POINT ( 'NONE', #850 ) ;
#2876 = LINE ( 'NONE', #2990, #795 ) ;
#2877 = ORIENTED_EDGE ( 'NONE', *, *, #2169, .T. ) ;
#2878 = DIRECTION ( 'NONE',  ( -0.000000000000000000, -1.000000000000000000, -0.000000000000000000 ) ) ;
#2879 = CARTESIAN_POINT ( 'NONE',  ( 0.000000000000000000, 0.05000000000000000278, 1.125000000000000222 ) ) ;
#2880 = STYLED_ITEM ( 'NONE', ( #1282 ), #2106 ) ;
#2881 = PLANE ( 'NONE',  #1094 ) ;
#2882 = ORIENTED_EDGE ( 'NONE', *, *, #1439, .F. ) ;
#2883 = LINE ( 'NONE', #2152, #707 ) ;
#2884 = DIRECTION ( 'NONE',  ( 0.000000000000000000, 0.000000000000000000, 1.000000000000000000 ) ) ;
#2885 = PRESENTATION_LAYER_ASSIGNMENT (  '', '', ( #807 ) ) ;
#2886 = ORIENTED_EDGE ( 'NONE', *, *, #2596, .F. ) ;
#2887 = CARTESIAN_POINT ( 'NONE',  ( 1.524999999999999911, 0.000000000000000000, 0.8499999999999996447 ) ) ;
#2888 = CARTESIAN_POINT ( 'NONE',  ( 1.074999999999999956, 0.6647815070493501288, -0.4500000000000002887 ) ) ;
#2889 = DIRECTION ( 'NONE',  ( -1.000000000000000000, 0.000000000000000000, -0.000000000000000000 ) ) ;
#2890 = EDGE_CURVE ( 'NONE', #1318, #1116, #2420, .T. ) ;
#2891 = DIRECTION ( 'NONE',  ( 0.000000000000000000, 1.000000000000000000, 0.000000000000000000 ) ) ;
#2892 = VERTEX_POINT ( 'NONE', #2478 ) ;
#2893 = ORIENTED_EDGE ( 'NONE', *, *, #76, .T. ) ;
#2894 = ADVANCED_FACE ( 'NONE', ( #342 ), #1296, .F. ) ;
#2895 = EDGE_CURVE ( 'NONE', #2653, #1768, #2426, .T. ) ;
#2896 = ORIENTED_EDGE ( 'NONE', *, *, #705, .F. ) ;
#2897 = LINE ( 'NONE', #34, #2822 ) ;
#2898 = CARTESIAN_POINT ( 'NONE',  ( -1.074999999999999956, 0.04999999999999999584, 1.100000000000000311 ) ) ;
#2899 = ORIENTED_EDGE ( 'NONE', *, *, #1409, .F. ) ;
#2900 = PLANE ( 'NONE',  #2227 ) ;
#2901 = VERTEX_POINT ( 'NONE', #2254 ) ;
#2902 = DIRECTION ( 'NONE',  ( 0.000000000000000000, 0.000000000000000000, 1.000000000000000000 ) ) ;
#2903 = VERTEX_POINT ( 'NONE', #527 ) ;
#2904 = CARTESIAN_POINT ( 'NONE',  ( -1.074999999999999956, 0.1499999999999999667, 0.1999999999999996503 ) ) ;
#2905 = EDGE_LOOP ( 'NONE', ( #478, #563, #1660, #630 ) ) ;
#2906 = CIRCLE ( 'NONE', #774, 0.1999999999999999833 ) ;
#2907 = CARTESIAN_POINT ( 'NONE',  ( -0.7499999999999994449, 0.1499999999999999667, -1.124999999999999778 ) ) ;
#2908 = ORIENTED_EDGE ( 'NONE', *, *, #20, .F. ) ;
#2909 = AXIS2_PLACEMENT_3D ( 'NONE', #2907, #789, #2256 ) ;
#2910 = DIRECTION ( 'NONE',  ( 7.109522442527898271E-17, 0.000000000000000000, 1.000000000000000000 ) ) ;
#2911 = CLOSED_SHELL ( 'NONE', ( #2862, #2390, #2401, #1633, #1308, #1972 ) ) ;
#2912 = LINE ( 'NONE', #3046, #848 ) ;
#2913 = VERTEX_POINT ( 'NONE', #846 ) ;
#2914 = VERTEX_POINT ( 'NONE', #1495 ) ;
#2915 = AXIS2_PLACEMENT_3D ( 'NONE', #1386, #2336, #1117 ) ;
#2916 = FACE_OUTER_BOUND ( 'NONE', #1791, .T. ) ;
#2917 = DIRECTION ( 'NONE',  ( -0.000000000000000000, -1.000000000000000000, -0.000000000000000000 ) ) ;
#2918 = DIRECTION ( 'NONE',  ( 1.000000000000000000, 0.000000000000000000, 0.000000000000000000 ) ) ;
#2919 = DIRECTION ( 'NONE',  ( -0.000000000000000000, -1.000000000000000000, -0.000000000000000000 ) ) ;
#2920 = VERTEX_POINT ( 'NONE', #2271 ) ;
#2921 = DIRECTION ( 'NONE',  ( 0.000000000000000000, -1.000000000000000000, 0.000000000000000000 ) ) ;
#2922 = DIRECTION ( 'NONE',  ( -0.000000000000000000, -1.000000000000000000, -0.000000000000000000 ) ) ;
#2923 = ADVANCED_FACE ( 'NONE', ( #2429 ), #1517, .T. ) ;
#2924 = EDGE_LOOP ( 'NONE', ( #1022, #2695, #2107, #2709 ) ) ;
#2925 = LINE ( 'NONE', #2340, #1958 ) ;
#2926 = EDGE_CURVE ( 'NONE', #77, #2503, #337, .T. ) ;
#2927 = DIRECTION ( 'NONE',  ( 0.000000000000000000, 0.000000000000000000, -1.000000000000000000 ) ) ;
#2928 = ORIENTED_EDGE ( 'NONE', *, *, #1910, .F. ) ;
#2929 = EDGE_LOOP ( 'NONE', ( #725, #2578, #669, #1670 ) ) ;
#2930 = EDGE_CURVE ( 'NONE', #1055, #1484, #2484, .T. ) ;
#2931 = EDGE_LOOP ( 'NONE', ( #999, #2689, #2666, #588 ) ) ;
#2932 = PLANE ( 'NONE',  #2019 ) ;
#2933 = VERTEX_POINT ( 'NONE', #2026 ) ;
#2934 = LINE ( 'NONE', #567, #931 ) ;
#2935 = EDGE_CURVE ( 'NONE', #2903, #1746, #340, .T. ) ;
#2936 = ORIENTED_EDGE ( 'NONE', *, *, #2283, .F. ) ;
#2937 = EDGE_CURVE ( 'NONE', #2749, #2796, #434, .T. ) ;
#2938 = EDGE_LOOP ( 'NONE', ( #2896, #388, #2616, #2552 ) ) ;
#2939 = LINE ( 'NONE', #159, #827 ) ;
#2940 = DIRECTION ( 'NONE',  ( 0.000000000000000000, -1.000000000000000000, 0.000000000000000000 ) ) ;
#2941 = DIRECTION ( 'NONE',  ( 1.000000000000000000, 0.000000000000000000, -2.843808977011159309E-16 ) ) ;
#2942 = CARTESIAN_POINT ( 'NONE',  ( 1.524999999999999911, 0.1499999999999999944, 0.8499999999999996447 ) ) ;
#2943 = ORIENTED_EDGE ( 'NONE', *, *, #2408, .F. ) ;
#2944 = DIRECTION ( 'NONE',  ( 0.000000000000000000, 0.000000000000000000, -1.000000000000000000 ) ) ;
#2945 = ORIENTED_EDGE ( 'NONE', *, *, #1770, .F. ) ;
#2946 = CARTESIAN_POINT ( 'NONE',  ( -1.524999999999999911, 0.5999999999999998668, -1.524999999999999245 ) ) ;
#2947 = VECTOR ( 'NONE', #2313, 1000.000000000000000 ) ;
#2948 = ORIENTED_EDGE ( 'NONE', *, *, #1277, .T. ) ;
#2949 = CARTESIAN_POINT ( 'NONE',  ( 1.074999999999999956, 0.1499999999999999944, 0.4500000000000001776 ) ) ;
#2950 = ADVANCED_FACE ( 'NONE', ( #2573 ), #120, .F. ) ;
#2951 = EDGE_LOOP ( 'NONE', ( #1700, #1672, #1704, #3131 ) ) ;
#2952 = DIRECTION ( 'NONE',  ( 9.637352644315598694E-16, 0.000000000000000000, -1.000000000000000000 ) ) ;
#2953 = AXIS2_PLACEMENT_3D ( 'NONE', #483, #299, #2252 ) ;
#2954 = ORIENTED_EDGE ( 'NONE', *, *, #1956, .F. ) ;
#2955 = DIRECTION ( 'NONE',  ( 1.000000000000000000, 0.000000000000000000, 0.000000000000000000 ) ) ;
#2956 = ORIENTED_EDGE ( 'NONE', *, *, #851, .F. ) ;
#2957 = VECTOR ( 'NONE', #2545, 1000.000000000000000 ) ;
#2958 = VECTOR ( 'NONE', #970, 1000.000000000000000 ) ;
#2959 = VERTEX_POINT ( 'NONE', #1816 ) ;
#2960 =( GEOMETRIC_REPRESENTATION_CONTEXT ( 3 ) GLOBAL_UNCERTAINTY_ASSIGNED_CONTEXT ( ( #1793 ) ) GLOBAL_UNIT_ASSIGNED_CONTEXT ( ( #351, #1560, #3074 ) ) REPRESENTATION_CONTEXT ( 'NONE', 'WORKASPACE' ) );
#2961 = VERTEX_POINT ( 'NONE', #2491 ) ;
#2962 = ADVANCED_FACE ( 'NONE', ( #2488 ), #1290, .T. ) ;
#2963 = FACE_OUTER_BOUND ( 'NONE', #508, .T. ) ;
#2964 = CARTESIAN_POINT ( 'NONE',  ( -1.074999999999999956, 0.000000000000000000, -0.1999999999999997613 ) ) ;
#2965 = DIRECTION ( 'NONE',  ( 0.000000000000000000, 0.000000000000000000, 1.000000000000000000 ) ) ;
#2966 = PLANE ( 'NONE',  #1734 ) ;
#2967 = VECTOR ( 'NONE', #196, 1000.000000000000000 ) ;
#2968 = EDGE_LOOP ( 'NONE', ( #2038, #531, #1064, #1623, #3125 ) ) ;
#2969 = CARTESIAN_POINT ( 'NONE',  ( -1.074999999999999956, 0.1499999999999999667, 0.4500000000000001776 ) ) ;
#2970 = EDGE_CURVE ( 'NONE', #1768, #448, #2506, .T. ) ;
#2971 = CARTESIAN_POINT ( 'NONE',  ( -1.524999999999999911, 0.1499999999999999667, -0.8500000000000001998 ) ) ;
#2972 = ORIENTED_EDGE ( 'NONE', *, *, #248, .F. ) ;
#2973 = DIRECTION ( 'NONE',  ( 0.000000000000000000, -1.000000000000000000, 0.000000000000000000 ) ) ;
#2974 = VECTOR ( 'NONE', #1210, 1000.000000000000000 ) ;
#2975 = PRESENTATION_STYLE_ASSIGNMENT (( #1147 ) ) ;
#2976 = ORIENTED_EDGE ( 'NONE', *, *, #2586, .F. ) ;
#2977 = EDGE_CURVE ( 'NONE', #1887, #1673, #2549, .T. ) ;
#2978 = ORIENTED_EDGE ( 'NONE', *, *, #785, .T. ) ;
#2979 = DIRECTION ( 'NONE',  ( -0.000000000000000000, -1.000000000000000000, -0.000000000000000000 ) ) ;
#2980 = ORIENTED_EDGE ( 'NONE', *, *, #2930, .F. ) ;
#2981 = ADVANCED_FACE ( 'NONE', ( #1493 ), #525, .T. ) ;
#2982 =( NAMED_UNIT ( * ) PLANE_ANGLE_UNIT ( ) SI_UNIT ( $, .RADIAN. ) );
#2983 = ORIENTED_EDGE ( 'NONE', *, *, #76, .F. ) ;
#2984 = EDGE_CURVE ( 'NONE', #2838, #1719, #471, .T. ) ;
#2985 = VECTOR ( 'NONE', #407, 1000.000000000000000 ) ;
#2986 = FACE_OUTER_BOUND ( 'NONE', #443, .T. ) ;
#2987 = SURFACE_SIDE_STYLE ('',( #3037 ) ) ;
#2988 = ORIENTED_EDGE ( 'NONE', *, *, #382, .F. ) ;
#2989 = LINE ( 'NONE', #719, #1942 ) ;
#2990 = CARTESIAN_POINT ( 'NONE',  ( 1.074999999999999956, 0.6647815070493501288, -1.100000000000000311 ) ) ;
#2991 = DIRECTION ( 'NONE',  ( 0.000000000000000000, -1.000000000000000000, 0.000000000000000000 ) ) ;
#2992 = DIRECTION ( 'NONE',  ( -0.000000000000000000, -0.000000000000000000, 1.000000000000000000 ) ) ;
#2993 = CARTESIAN_POINT ( 'NONE',  ( 1.074999999999999956, 0.1499999999999999944, -0.8499999999999997558 ) ) ;
#2994 = ORIENTED_EDGE ( 'NONE', *, *, #2373, .T. ) ;
#2995 = ADVANCED_FACE ( 'NONE', ( #2599 ), #2996, .F. ) ;
#2996 = PLANE ( 'NONE',  #1685 ) ;
#2997 = VECTOR ( 'NONE', #1431, 1000.000000000000000 ) ;
#2998 = DIRECTION ( 'NONE',  ( 0.000000000000000000, 0.000000000000000000, -1.000000000000000000 ) ) ;
#2999 = VECTOR ( 'NONE', #2242, 1000.000000000000000 ) ;
#3000 = CLOSED_SHELL ( 'NONE', ( #111, #207, #2701, #3048, #1281, #2234 ) ) ;
#3001 = AXIS2_PLACEMENT_3D ( 'NONE', #831, #1805, #2955 ) ;
#3002 = DIRECTION ( 'NONE',  ( 1.000000000000000000, 0.000000000000000000, -9.637352644315598694E-16 ) ) ;
#3003 = MANIFOLD_SOLID_BREP ( 'Boss-Extrude6', #715 ) ;
#3004 = FACE_OUTER_BOUND ( 'NONE', #2011, .T. ) ;
#3005 = DIRECTION ( 'NONE',  ( 0.000000000000000000, 0.000000000000000000, 1.000000000000000000 ) ) ;
#3006 = CARTESIAN_POINT ( 'NONE',  ( 0.000000000000000000, 0.05000000000000000278, 0.000000000000000000 ) ) ;
#3007 = EDGE_LOOP ( 'NONE', ( #1684, #2571, #2028, #706 ) ) ;
#3008 = EDGE_CURVE ( 'NONE', #1520, #288, #427, .T. ) ;
#3009 = LINE ( 'NONE', #2017, #1975 ) ;
#3010 =( LENGTH_UNIT ( ) NAMED_UNIT ( * ) SI_UNIT ( .MILLI., .METRE. ) );
#3011 = EDGE_LOOP ( 'NONE', ( #687, #1454, #2824, #1647 ) ) ;
#3012 =( NAMED_UNIT ( * ) PLANE_ANGLE_UNIT ( ) SI_UNIT ( $, .RADIAN. ) );
#3013 = DIRECTION ( 'NONE',  ( -0.000000000000000000, -0.000000000000000000, 1.000000000000000000 ) ) ;
#3014 = CARTESIAN_POINT ( 'NONE',  ( 1.524999999999999911, 0.1499999999999999667, -0.2000000000000002054 ) ) ;
#3015 = VECTOR ( 'NONE', #1167, 1000.000000000000000 ) ;
#3016 = EDGE_CURVE ( 'NONE', #1728, #766, #453, .T. ) ;
#3017 = CARTESIAN_POINT ( 'NONE',  ( 1.524999999999999911, 0.1499999999999999944, 0.1999999999999996503 ) ) ;
#3018 = CARTESIAN_POINT ( 'NONE',  ( -1.524999999999999911, 0.05000000000000000278, -1.524999999999999245 ) ) ;
#3019 = EDGE_LOOP ( 'NONE', ( #86, #856, #1139, #1126 ) ) ;
#3020 = DIRECTION ( 'NONE',  ( 0.000000000000000000, 0.000000000000000000, 1.000000000000000000 ) ) ;
#3021 = FACE_OUTER_BOUND ( 'NONE', #755, .T. ) ;
#3022 = PLANE ( 'NONE',  #1423 ) ;
#3023 = LINE ( 'NONE', #1631, #3072 ) ;
#3024 = EDGE_CURVE ( 'NONE', #3052, #1565, #466, .T. ) ;
#3025 = ORIENTED_EDGE ( 'NONE', *, *, #823, .F. ) ;
#3026 = ADVANCED_FACE ( 'NONE', ( #1485 ), #2319, .F. ) ;
#3027 = FACE_OUTER_BOUND ( 'NONE', #2905, .T. ) ;
#3028 = PLANE ( 'NONE',  #2323 ) ;
#3029 = DIRECTION ( 'NONE',  ( 0.000000000000000000, -1.000000000000000000, 0.000000000000000000 ) ) ;
#3030 = VERTEX_POINT ( 'NONE', #1701 ) ;
#3031 = VECTOR ( 'NONE', #1527, 1000.000000000000000 ) ;
#3032 = PLANE ( 'NONE',  #1577 ) ;
#3033 = ORIENTED_EDGE ( 'NONE', *, *, #1658, .F. ) ;
#3034 = COLOUR_RGB ( '',1.000000000000000000, 1.000000000000000000, 1.000000000000000000 ) ;
#3035 = CARTESIAN_POINT ( 'NONE',  ( -0.7499999999999997780, 0.000000000000000000, 1.125000000000000222 ) ) ;
#3036 = CARTESIAN_POINT ( 'NONE',  ( -1.074999999999999956, 0.1499999999999999667, 1.100000000000000311 ) ) ;
#3037 = SURFACE_STYLE_FILL_AREA ( #1304 ) ;
#3038 = ORIENTED_EDGE ( 'NONE', *, *, #115, .T. ) ;
#3039 = DIRECTION ( 'NONE',  ( -9.637352644315598694E-16, 0.000000000000000000, -1.000000000000000000 ) ) ;
#3040 = VECTOR ( 'NONE', #2431, 1000.000000000000000 ) ;
#3041 = VECTOR ( 'NONE', #329, 1000.000000000000000 ) ;
#3042 = AXIS2_PLACEMENT_3D ( 'NONE', #1352, #376, #639 ) ;
#3043 = ORIENTED_EDGE ( 'NONE', *, *, #244, .F. ) ;
#3044 = CIRCLE ( 'NONE', #1818, 0.2000000000000000944 ) ;
#3045 = AXIS2_PLACEMENT_3D ( 'NONE', #2411, #1692, #1986 ) ;
#3046 = CARTESIAN_POINT ( 'NONE',  ( 0.000000000000000000, 0.05000000000000000278, -0.4500000000000002887 ) ) ;
#3047 = ORIENTED_EDGE ( 'NONE', *, *, #2251, .T. ) ;
#3048 = ADVANCED_FACE ( 'NONE', ( #2539 ), #2656, .F. ) ;
#3049 = FACE_OUTER_BOUND ( 'NONE', #1957, .T. ) ;
#3050 = LINE ( 'NONE', #2844, #3015 ) ;
#3051 = EDGE_CURVE ( 'NONE', #2920, #481, #447, .T. ) ;
#3052 = VERTEX_POINT ( 'NONE', #135 ) ;
#3053 = LINE ( 'NONE', #919, #2074 ) ;
#3054 = DIRECTION ( 'NONE',  ( 0.000000000000000000, 0.000000000000000000, -1.000000000000000000 ) ) ;
#3055 = DIRECTION ( 'NONE',  ( 0.000000000000000000, 0.000000000000000000, -1.000000000000000000 ) ) ;
#3056 = VECTOR ( 'NONE', #1604, 1000.000000000000000 ) ;
#3057 = CARTESIAN_POINT ( 'NONE',  ( -1.074999999999999956, 0.04999999999999999584, 0.1999999999999996503 ) ) ;
#3058 = DIRECTION ( 'NONE',  ( -0.000000000000000000, -1.000000000000000000, -0.000000000000000000 ) ) ;
#3059 = ORIENTED_EDGE ( 'NONE', *, *, #1837, .F. ) ;
#3060 = EDGE_CURVE ( 'NONE', #847, #487, #441, .T. ) ;
#3061 = VECTOR ( 'NONE', #983, 1000.000000000000000 ) ;
#3062 = VECTOR ( 'NONE', #858, 1000.000000000000000 ) ;
#3063 = EDGE_CURVE ( 'NONE', #2861, #380, #2494, .T. ) ;
#3064 = DIRECTION ( 'NONE',  ( -9.637352644315598694E-16, 0.000000000000000000, -1.000000000000000000 ) ) ;
#3065 = ORIENTED_EDGE ( 'NONE', *, *, #2138, .T. ) ;
#3066 = LINE ( 'NONE', #993, #2958 ) ;
#3067 = ADVANCED_FACE ( 'NONE', ( #2560 ), #2932, .T. ) ;
#3068 = DIRECTION ( 'NONE',  ( -1.000000000000000000, 0.000000000000000000, 2.843808977011159309E-16 ) ) ;
#3069 = CARTESIAN_POINT ( 'NONE',  ( -1.074999999999999956, 0.1499999999999999944, 1.100000000000000311 ) ) ;
#3070 = EDGE_LOOP ( 'NONE', ( #266, #722, #814, #786 ) ) ;
#3071 = LINE ( 'NONE', #308, #2022 ) ;
#3072 = VECTOR ( 'NONE', #2136, 1000.000000000000000 ) ;
#3073 = FILL_AREA_STYLE_COLOUR ( '', #980 ) ;
#3074 =( NAMED_UNIT ( * ) SI_UNIT ( $, .STERADIAN. ) SOLID_ANGLE_UNIT ( ) );
#3075 = VERTEX_POINT ( 'NONE', #30 ) ;
#3076 =( GEOMETRIC_REPRESENTATION_CONTEXT ( 3 ) GLOBAL_UNCERTAINTY_ASSIGNED_CONTEXT ( ( #906 ) ) GLOBAL_UNIT_ASSIGNED_CONTEXT ( ( #729, #3083, #1852 ) ) REPRESENTATION_CONTEXT ( 'NONE', 'WORKASPACE' ) );
#3077 = FACE_OUTER_BOUND ( 'NONE', #2575, .T. ) ;
#3078 = DIRECTION ( 'NONE',  ( 0.000000000000000000, 0.000000000000000000, -1.000000000000000000 ) ) ;
#3079 = VECTOR ( 'NONE', #310, 1000.000000000000000 ) ;
#3080 = CARTESIAN_POINT ( 'NONE',  ( 1.074999999999999956, 0.6647815070493501288, 1.100000000000000311 ) ) ;
#3081 = DIRECTION ( 'NONE',  ( 1.000000000000000000, -0.000000000000000000, 9.637352644315598694E-16 ) ) ;
#3082 = ORIENTED_EDGE ( 'NONE', *, *, #1151, .T. ) ;
#3083 =( NAMED_UNIT ( * ) PLANE_ANGLE_UNIT ( ) SI_UNIT ( $, .RADIAN. ) );
#3084 = MECHANICAL_DESIGN_GEOMETRIC_PRESENTATION_REPRESENTATION (  '', ( #1292 ), #2458 ) ;
#3085 = VECTOR ( 'NONE', #1396, 1000.000000000000000 ) ;
#3086 = CARTESIAN_POINT ( 'NONE',  ( 1.074999999999999956, 0.1499999999999999944, 0.1999999999999996503 ) ) ;
#3087 = ORIENTED_EDGE ( 'NONE', *, *, #2274, .F. ) ;
#3088 = LINE ( 'NONE', #2199, #3115 ) ;
#3089 = VECTOR ( 'NONE', #1078, 1000.000000000000000 ) ;
#3090 = AXIS2_PLACEMENT_3D ( 'NONE', #2362, #3091, #341 ) ;
#3091 = DIRECTION ( 'NONE',  ( 0.000000000000000000, 0.000000000000000000, 1.000000000000000000 ) ) ;
#3092 = VERTEX_POINT ( 'NONE', #871 ) ;
#3093 = FACE_OUTER_BOUND ( 'NONE', #2182, .T. ) ;
#3094 = EDGE_CURVE ( 'NONE', #2564, #1055, #1452, .T. ) ;
#3095 = DIRECTION ( 'NONE',  ( 1.000000000000000000, -0.000000000000000000, 0.000000000000000000 ) ) ;
#3096 = ORIENTED_EDGE ( 'NONE', *, *, #938, .T. ) ;
#3097 = VECTOR ( 'NONE', #2480, 1000.000000000000000 ) ;
#3098 = CARTESIAN_POINT ( 'NONE',  ( 1.524999999999999911, 0.1499999999999999944, -1.100000000000000311 ) ) ;
#3099 = VECTOR ( 'NONE', #1503, 1000.000000000000000 ) ;
#3100 = EDGE_CURVE ( 'NONE', #1774, #736, #1528, .T. ) ;
#3101 = PLANE ( 'NONE',  #62 ) ;
#3102 = ORIENTED_EDGE ( 'NONE', *, *, #1118, .F. ) ;
#3103 = VECTOR ( 'NONE', #1204, 1000.000000000000000 ) ;
#3104 = ORIENTED_EDGE ( 'NONE', *, *, #788, .F. ) ;
#3105 = VECTOR ( 'NONE', #2307, 1000.000000000000000 ) ;
#3106 = COLOUR_RGB ( '',0.7921568627450980005, 0.8196078431372548767, 0.9333333333333333481 ) ;
#3107 = ADVANCED_FACE ( 'NONE', ( #381 ), #1216, .F. ) ;
#3108 = PLANE ( 'NONE',  #583 ) ;
#3109 = ORIENTED_EDGE ( 'NONE', *, *, #49, .F. ) ;
#3110 = VECTOR ( 'NONE', #66, 1000.000000000000000 ) ;
#3111 = VECTOR ( 'NONE', #2640, 1000.000000000000000 ) ;
#3112 = DIRECTION ( 'NONE',  ( -1.445602896647339656E-16, 0.000000000000000000, 1.000000000000000000 ) ) ;
#3113 = AXIS2_PLACEMENT_3D ( 'NONE', #1469, #119, #2489 ) ;
#3114 = ORIENTED_EDGE ( 'NONE', *, *, #1381, .T. ) ;
#3115 = VECTOR ( 'NONE', #2418, 1000.000000000000000 ) ;
#3116 = UNCERTAINTY_MEASURE_WITH_UNIT (LENGTH_MEASURE( 1.000000000000000082E-05 ), #2332, 'distance_accuracy_value', 'NONE');
#3117 = VECTOR ( 'NONE', #36, 1000.000000000000000 ) ;
#3118 = CARTESIAN_POINT ( 'NONE',  ( 1.524999999999999911, 0.1499999999999999944, 0.4499999999999997891 ) ) ;
#3119 = ADVANCED_FACE ( 'NONE', ( #2513 ), #1645, .T. ) ;
#3120 = AXIS2_PLACEMENT_3D ( 'NONE', #969, #713, #1977 ) ;
#3121 = CARTESIAN_POINT ( 'NONE',  ( 1.074999999999999956, 0.1499999999999999944, -1.100000000000000311 ) ) ;
#3122 = ORIENTED_EDGE ( 'NONE', *, *, #215, .F. ) ;
#3123 = VECTOR ( 'NONE', #195, 1000.000000000000000 ) ;
#3124 = EDGE_CURVE ( 'NONE', #1680, #1333, #2565, .T. ) ;
#3125 = ORIENTED_EDGE ( 'NONE', *, *, #3132, .T. ) ;
#3126 = SURFACE_STYLE_FILL_AREA ( #793 ) ;
#3127 = VECTOR ( 'NONE', #1412, 1000.000000000000000 ) ;
#3128 = CARTESIAN_POINT ( 'NONE',  ( 1.524999999999999911, 0.1499999999999999944, 1.099999999999999867 ) ) ;
#3129 = PLANE ( 'NONE',  #1300 ) ;
#3130 = CARTESIAN_POINT ( 'NONE',  ( 0.7500000000000004441, 2.854163456597992088, -1.124999999999999556 ) ) ;
#3131 = ORIENTED_EDGE ( 'NONE', *, *, #328, .T. ) ;
#3132 = EDGE_CURVE ( 'NONE', #457, #2847, #1476, .T. ) ;
#3133 = CARTESIAN_POINT ( 'NONE',  ( -1.074999999999999956, 0.1499999999999999944, -0.8499999999999997558 ) ) ;
#3134 = ORIENTED_EDGE ( 'NONE', *, *, #16, .T. ) ;
#3135 = DIRECTION ( 'NONE',  ( -0.000000000000000000, 0.000000000000000000, 1.000000000000000000 ) ) ;
#3136 = DIRECTION ( 'NONE',  ( 1.000000000000000000, -0.000000000000000000, 0.000000000000000000 ) ) ;
#3137 = EDGE_CURVE ( 'NONE', #2796, #2749, #2523, .T. ) ;
#3138 = CARTESIAN_POINT ( 'NONE',  ( 1.074999999999999956, 0.000000000000000000, 0.1999999999999996503 ) ) ;
ENDSEC;
END-ISO-10303-21;
