ISO-10303-21;
HEADER;
FILE_DESCRIPTION(('CAx-IF Rec.Pracs.---Model Styling and Organization---1.5---2016-08-15','CAx-IF Rec.Pracs.---Geometric and Assembly Validation Properties---4.4---2016-08-17','CAx-IF Rec.Pracs.---User Defined Attributes---1.5---2016-08-15','CAx-IF Rec.Pracs.---External References---2.1---2005-01-19'),'2;1');
FILE_NAME('20496337.step','2026-05-07T11:51:22',('Unspecified'),('Unspecified'),'CAD Exchanger 3.10.2 (cadexchanger.com)','Unspecified','');
FILE_SCHEMA(('AUTOMOTIVE_DESIGN { 1 0 10303 214 1 1 1 1 }'));
ENDSEC;
DATA;
#1=APPLICATION_CONTEXT('core data for automotive mechanical design processes');
#2=APPLICATION_PROTOCOL_DEFINITION('international standard','automotive_design',2000,#1);
#3=PRODUCT_CONTEXT('',#1,'mechanical');
#4=PRODUCT('1','1',$,(#3));
#5=PRODUCT_DEFINITION_FORMATION('',$,#4);
#6=PRODUCT_DEFINITION_CONTEXT('part definition',#1,'design');
#7=PRODUCT_DEFINITION('design',$,#5,#6);
#8=PRODUCT_DEFINITION_SHAPE('',$,#7);
#9=MANIFOLD_SOLID_BREP('1',#10);
#10=CLOSED_SHELL('',(#11,#74,#143,#189,#220,#253,#293,#340,#419,#457,#495,#531,#568,#601,#632,#665,#700,#746,#784,#822,#860,#900,#950,#981,#1056,#1087,#1121,#1311,#1352,#1405,#1461,#1516,#1651,#1708,#1746,#1778,#1818,#1857,#1921,#1963,#2021,#2045,#2093,#2386,#2411,#2570,#2594,#2629,#2646,#2663,#2675,#2713,#2744,#2816,#2866,#2914,#2994,#3033,#3096,#3129,#3151,#3199,#3231,#3255,#3285,#3324,#3363,#3396,#3427,#3458,#3496,#3529,#3570,#3602,#3867,#3900,#3931,#3964,#3986,#4176,#4209,#4250,#4282,#4356,#4389,#4411,#4433,#4466,#4497,#4528,#4560,#4634,#4667,#4689,#4722,#4744,#4782,#4815,#4856,#4897,#4930,#4961,#4994,#5016,#5062,#5095,#5126,#5157,#5179,#5218,#5281,#5314,#5336,#5416,#5467,#5497,#5537,#5576,#5607,#5645,#5708,#5750,#5782,#5821,#6176,#6207,#6266,#6334,#6376,#6407,#6440,#6483,#6512,#6536,#6560,#6584,#6608,#6632,#6656,#6680,#6704,#6749,#6789,#6820,#6851,#6883,#6923,#6954,#6987,#7018,#7051,#7082,#7115,#7146,#7179,#7210,#7243,#7273,#7322,#7343,#7368,#7385,#7397,#7419,#7436,#7453,#7470,#7487,#7504,#7521,#7538,#7556,#7579,#7596,#7613,#7625,#7649,#7673,#7691,#7716,#7741,#7766,#7790,#7807,#7845,#7870,#7886,#8014,#8048,#8147,#8173,#8215,#8255,#8288,#8319,#8352,#8383,#8416,#8447,#8471,#8496,#8541,#8586,#8627,#8665,#8721,#8753,#8799,#8831,#8877,#8909,#8955,#8977,#8986,#9002,#9034,#9058,#9082,#9107,#9131,#9156,#9180,#9220,#9260,#9269,#9286,#9303,#9330,#9367,#9414,#9439,#9462,#9486,#9503,#9521,#9538,#9560,#9607,#9624,#9641,#9653,#9670,#9682,#9722,#9751,#9776,#9794,#9812,#9836,#9862,#9904,#9941,#10057,#10081,#10105,#10147,#10186,#10196,#10220,#10252,#10302,#10327,#10353,#10370,#10401,#10435,#10459,#10607,#10640,#10691,#10742,#10770,#10812,#10824,#10855,#10879,#10903,#10920,#10951,#10975,#10999,#11016,#11040,#11062,#11079,#11091,#11114,#11131,#11149,#11166,#11178,#11195,#11212,#11229,#11241,#11258,#11275,#11292,#11304,#11316,#11349,#11400,#11451,#11508,#11562,#11580,#11600,#11612,#11628,#11646,#11665,#11683,#11696,#11729,#11770,#11782,#11800,#11824,#11849,#11873,#11898,#11922,#11947,#11971,#11989,#12044,#12056,#12076,#12087,#12099,#12110,#12128,#12145,#12162,#12174,#12207,#12224,#12243,#12286,#12304,#12316,#12344,#12353,#12365,#12377,#12430,#12454,#12466,#12483,#12502,#12519,#12551,#12568,#12599,#12617,#12648,#12666,#12698,#12715,#12739,#12764,#12788,#12797,#12806,#12815,#12825,#12835,#12845,#12855,#12867,#12879,#12901,#12919,#12942,#12968,#12985,#13001,#13024,#13041,#13059,#13080,#13097,#13118,#13146,#13163,#13181,#13202,#13222,#13235,#13262,#13279,#13296,#13313,#13332,#13381,#13395,#13417,#13429,#13441,#13460,#13478,#13495,#13512,#13545,#13565,#13592,#13609,#13626,#13639,#13662,#13684,#13703,#13717,#13730,#13742,#13757,#13769,#13787,#13799,#13811,#13825,#13847,#13865,#13882,#13900,#13912,#13927,#13952,#13976,#14000,#14015));
#11=ADVANCED_FACE('',(#12),#69,.F.);
#12=FACE_BOUND('',#13,.T.);
#13=EDGE_LOOP('',(#14,#23,#43,#61,#62));
#14=ORIENTED_EDGE('',*,*,#15,.F.);
#15=EDGE_CURVE('',#16,#18,#20,.T.);
#16=VERTEX_POINT('',#17);
#17=CARTESIAN_POINT('',(2.45,0.95,-0.4));
#18=VERTEX_POINT('',#19);
#19=CARTESIAN_POINT('',(2.45,1.2,-0.4));
#20=B_SPLINE_CURVE_WITH_KNOTS('',1,(#21,#22),.UNSPECIFIED.,.F.,.U.,(2,2),(-0.257055551,-0.007055551),.PIECEWISE_BEZIER_KNOTS.);
#21=CARTESIAN_POINT('',(2.45,0.95,-0.4));
#22=CARTESIAN_POINT('',(2.45,1.2,-0.4));
#23=ORIENTED_EDGE('',*,*,#24,.T.);
#24=EDGE_CURVE('',#16,#25,#27,.F.);
#25=VERTEX_POINT('',#26);
#26=CARTESIAN_POINT('',(2.15,0.95,-0.4));
#27=B_SPLINE_CURVE_WITH_KNOTS('',2,(#28,#29,#30,#31,#32,#33,#34,#35,#36,#37,#38,#39,#40,#41,#42),.UNSPECIFIED.,.F.,.U.,(3,2,2,2,2,2,2,3),(0.0,0.25,0.375,0.5,0.625,0.75,0.875,1.0),.UNSPECIFIED.);
#28=CARTESIAN_POINT('',(2.15,0.95,-0.4));
#29=CARTESIAN_POINT('',(2.15,0.957652892,-0.338776861));
#30=CARTESIAN_POINT('',(2.193933983,0.963258252,-0.293933983));
#31=CARTESIAN_POINT('',(2.214608211,0.965895994,-0.272832051));
#32=CARTESIAN_POINT('',(2.244785794,0.967433531,-0.260531755));
#33=CARTESIAN_POINT('',(2.27003587,0.968720013,-0.250239896));
#34=CARTESIAN_POINT('',(2.3,0.96875,-0.25));
#35=CARTESIAN_POINT('',(2.327359161,0.96877738,-0.24978096));
#36=CARTESIAN_POINT('',(2.355214206,0.967433531,-0.260531755));
#37=CARTESIAN_POINT('',(2.382930017,0.966096399,-0.271228811));
#38=CARTESIAN_POINT('',(2.406066017,0.963258252,-0.293933983));
#39=CARTESIAN_POINT('',(2.427149343,0.960671912,-0.314624704));
#40=CARTESIAN_POINT('',(2.439468245,0.956901776,-0.344785794));
#41=CARTESIAN_POINT('',(2.45,0.953678587,-0.370571306));
#42=CARTESIAN_POINT('',(2.45,0.95,-0.4));
#43=ORIENTED_EDGE('',*,*,#44,.T.);
#44=EDGE_CURVE('',#25,#16,#45,.F.);
#45=B_SPLINE_CURVE_WITH_KNOTS('',2,(#46,#47,#48,#49,#50,#51,#52,#53,#54,#55,#56,#57,#58,#59,#60),.UNSPECIFIED.,.F.,.U.,(3,2,2,2,2,2,2,3),(0.0,0.25,0.375,0.5,0.625,0.75,0.875,1.0),.UNSPECIFIED.);
#46=CARTESIAN_POINT('',(2.45,0.95,-0.4));
#47=CARTESIAN_POINT('',(2.45,0.942347108,-0.461223139));
#48=CARTESIAN_POINT('',(2.406066017,0.936741748,-0.506066017));
#49=CARTESIAN_POINT('',(2.385391789,0.934104006,-0.527167949));
#50=CARTESIAN_POINT('',(2.355214206,0.932566469,-0.539468245));
#51=CARTESIAN_POINT('',(2.32996413,0.931279987,-0.549760104));
#52=CARTESIAN_POINT('',(2.3,0.93125,-0.55));
#53=CARTESIAN_POINT('',(2.272640839,0.93122262,-0.55021904));
#54=CARTESIAN_POINT('',(2.244785794,0.932566469,-0.539468245));
#55=CARTESIAN_POINT('',(2.217069983,0.933903601,-0.528771189));
#56=CARTESIAN_POINT('',(2.193933983,0.936741748,-0.506066017));
#57=CARTESIAN_POINT('',(2.172850657,0.939328088,-0.485375296));
#58=CARTESIAN_POINT('',(2.160531755,0.943098224,-0.455214206));
#59=CARTESIAN_POINT('',(2.15,0.946321413,-0.429428694));
#60=CARTESIAN_POINT('',(2.15,0.95,-0.4));
#61=ORIENTED_EDGE('',*,*,#15,.T.);
#62=ORIENTED_EDGE('',*,*,#63,.T.);
#63=EDGE_CURVE('',#18,#18,#64,.F.);
#64=CIRCLE('',#65,0.15);
#65=AXIS2_PLACEMENT_3D('',#66,#67,#68);
#66=CARTESIAN_POINT('',(2.3,1.2,-0.4));
#67=DIRECTION('',(0.0,-1.0,0.0));
#68=DIRECTION('',(1.0,0.0,0.0));
#69=CYLINDRICAL_SURFACE('',#70,0.15);
#70=AXIS2_PLACEMENT_3D('',#71,#72,#73);
#71=CARTESIAN_POINT('',(2.3,1.207055551,-0.4));
#72=DIRECTION('',(0.0,1.0,0.0));
#73=DIRECTION('',(-1.0,0.0,0.0));
#74=ADVANCED_FACE('',(#75),#138,.T.);
#75=FACE_BOUND('',#76,.T.);
#76=EDGE_LOOP('',(#77,#87,#96,#111,#119,#131));
#77=ORIENTED_EDGE('',*,*,#78,.T.);
#78=EDGE_CURVE('',#79,#81,#83,.F.);
#79=VERTEX_POINT('',#80);
#80=CARTESIAN_POINT('',(0.5,2.0,-1.8));
#81=VERTEX_POINT('',#82);
#82=CARTESIAN_POINT('',(0.5,2.0,-1.45));
#83=LINE('',#84,#85);
#84=CARTESIAN_POINT('',(0.5,2.0,-1.45));
#85=VECTOR('',#86,1.0);
#86=DIRECTION('',(0.0,0.0,-1.0));
#87=ORIENTED_EDGE('',*,*,#88,.T.);
#88=EDGE_CURVE('',#81,#89,#91,.T.);
#89=VERTEX_POINT('',#90);
#90=CARTESIAN_POINT('',(0.55,2.132287566,-1.45));
#91=CIRCLE('',#92,0.2);
#92=AXIS2_PLACEMENT_3D('',#93,#94,#95);
#93=CARTESIAN_POINT('',(0.7,2.0,-1.45));
#94=DIRECTION('',(0.0,0.0,-1.0));
#95=DIRECTION('',(-1.0,0.0,0.0));
#96=ORIENTED_EDGE('',*,*,#97,.T.);
#97=EDGE_CURVE('',#89,#98,#100,.T.);
#98=VERTEX_POINT('',#99);
#99=CARTESIAN_POINT('',(0.7,2.2,-1.3));
#100=B_SPLINE_CURVE_WITH_KNOTS('',3,(#101,#102,#103,#104,#105,#106,#107,#108,#109,#110),.UNSPECIFIED.,.F.,.U.,(4,1,1,1,1,1,1,4),(0.0,0.139798722,0.267375819,0.38634661,0.501148026,0.741055338,0.869783206,1.0),.UNSPECIFIED.);
#101=CARTESIAN_POINT('',(0.55,2.132287566,-1.45));
#102=CARTESIAN_POINT('',(0.558286676,2.14076481,-1.449593324));
#103=CARTESIAN_POINT('',(0.574135583,2.156978194,-1.448815525));
#104=CARTESIAN_POINT('',(0.601127099,2.174650348,-1.441635755));
#105=CARTESIAN_POINT('',(0.626804936,2.186756755,-1.429781386));
#106=CARTESIAN_POINT('',(0.658536716,2.196743722,-1.406915412));
#107=CARTESIAN_POINT('',(0.683723567,2.19965163,-1.373079849));
#108=CARTESIAN_POINT('',(0.697869163,2.200017964,-1.332951274));
#109=CARTESIAN_POINT('',(0.699287004,2.200006011,-1.311025782));
#110=CARTESIAN_POINT('',(0.7,2.2,-1.3));
#111=ORIENTED_EDGE('',*,*,#112,.T.);
#112=EDGE_CURVE('',#98,#113,#115,.F.);
#113=VERTEX_POINT('',#114);
#114=CARTESIAN_POINT('',(0.7,2.2,-1.838196601));
#115=LINE('',#116,#117);
#116=CARTESIAN_POINT('',(0.7,2.2,-1.838196601));
#117=VECTOR('',#118,1.0);
#118=DIRECTION('',(0.0,0.0,1.0));
#119=ORIENTED_EDGE('',*,*,#120,.T.);
#120=EDGE_CURVE('',#113,#121,#123,.F.);
#121=VERTEX_POINT('',#122);
#122=CARTESIAN_POINT('',(0.6,2.173205081,-1.8));
#123=B_SPLINE_CURVE_WITH_KNOTS('',3,(#124,#125,#126,#127,#128,#129,#130),.UNSPECIFIED.,.F.,.U.,(4,1,1,1,4),(0.0,0.248319891,0.496338215,0.736458942,1.0),.UNSPECIFIED.);
#124=CARTESIAN_POINT('',(0.6,2.173205081,-1.8));
#125=CARTESIAN_POINT('',(0.608378167,2.177588048,-1.800384437));
#126=CARTESIAN_POINT('',(0.625124326,2.18634866,-1.801152843));
#127=CARTESIAN_POINT('',(0.651227915,2.194514281,-1.808242613));
#128=CARTESIAN_POINT('',(0.677115787,2.199260405,-1.81998818));
#129=CARTESIAN_POINT('',(0.692139068,2.199745942,-1.831941845));
#130=CARTESIAN_POINT('',(0.7,2.2,-1.838196601));
#131=ORIENTED_EDGE('',*,*,#132,.T.);
#132=EDGE_CURVE('',#121,#79,#133,.T.);
#133=CIRCLE('',#134,0.2);
#134=AXIS2_PLACEMENT_3D('',#135,#136,#137);
#135=CARTESIAN_POINT('',(0.7,2.0,-1.8));
#136=DIRECTION('',(0.0,0.0,1.0));
#137=DIRECTION('',(-0.5,0.866025404,0.0));
#138=CYLINDRICAL_SURFACE('',#139,0.2);
#139=AXIS2_PLACEMENT_3D('',#140,#141,#142);
#140=CARTESIAN_POINT('',(0.7,2.0,-1.289236068));
#141=DIRECTION('',(0.0,0.0,1.0));
#142=DIRECTION('',(-1.0,0.0,0.0));
#143=ADVANCED_FACE('',(#144),#184,.F.);
#144=FACE_BOUND('',#145,.T.);
#145=EDGE_LOOP('',(#146,#157,#165,#178));
#146=ORIENTED_EDGE('',*,*,#147,.T.);
#147=EDGE_CURVE('',#148,#150,#152,.T.);
#148=VERTEX_POINT('',#149);
#149=CARTESIAN_POINT('',(0.7,2.1,-1.45));
#150=VERTEX_POINT('',#151);
#151=CARTESIAN_POINT('',(0.6,2.0,-1.45));
#152=CIRCLE('',#153,0.1);
#153=AXIS2_PLACEMENT_3D('',#154,#155,#156);
#154=CARTESIAN_POINT('',(0.7,2.0,-1.45));
#155=DIRECTION('',(0.0,0.0,1.0));
#156=DIRECTION('',(0.0,1.0,0.0));
#157=ORIENTED_EDGE('',*,*,#158,.T.);
#158=EDGE_CURVE('',#150,#159,#161,.T.);
#159=VERTEX_POINT('',#160);
#160=CARTESIAN_POINT('',(0.6,2.0,-1.8));
#161=LINE('',#162,#163);
#162=CARTESIAN_POINT('',(0.6,2.0,-1.45));
#163=VECTOR('',#164,1.0);
#164=DIRECTION('',(0.0,0.0,-1.0));
#165=ORIENTED_EDGE('',*,*,#166,.T.);
#166=EDGE_CURVE('',#159,#167,#169,.F.);
#167=VERTEX_POINT('',#168);
#168=CARTESIAN_POINT('',(0.7,2.1,-1.838196601));
#169=B_SPLINE_CURVE_WITH_KNOTS('',3,(#170,#171,#172,#173,#174,#175,#176,#177),.UNSPECIFIED.,.F.,.U.,(4,1,1,1,1,4),(0.0,0.180634814,0.345162233,0.504071219,0.749962357,1.0),.UNSPECIFIED.);
#170=CARTESIAN_POINT('',(0.7,2.1,-1.838196601));
#171=CARTESIAN_POINT('',(0.692162952,2.099499731,-1.831964648));
#172=CARTESIAN_POINT('',(0.677187693,2.098543802,-1.820056452));
#173=CARTESIAN_POINT('',(0.652682453,2.089339546,-1.808930072));
#174=CARTESIAN_POINT('',(0.627630179,2.071477731,-1.801752018));
#175=CARTESIAN_POINT('',(0.604423367,2.041559671,-1.799821861));
#176=CARTESIAN_POINT('',(0.601482651,2.013930228,-1.79994029));
#177=CARTESIAN_POINT('',(0.6,2.0,-1.8));
#178=ORIENTED_EDGE('',*,*,#179,.T.);
#179=EDGE_CURVE('',#167,#148,#180,.T.);
#180=LINE('',#181,#182);
#181=CARTESIAN_POINT('',(0.7,2.1,-1.838196601));
#182=VECTOR('',#183,1.0);
#183=DIRECTION('',(0.0,0.0,1.0));
#184=CYLINDRICAL_SURFACE('',#185,0.1);
#185=AXIS2_PLACEMENT_3D('',#186,#187,#188);
#186=CARTESIAN_POINT('',(0.7,2.0,-1.845960533));
#187=DIRECTION('',(0.0,0.0,-1.0));
#188=DIRECTION('',(0.0,1.0,0.0));
#189=ADVANCED_FACE('',(#190),#215,.F.);
#190=FACE_BOUND('',#191,.T.);
#191=EDGE_LOOP('',(#192,#203,#209));
#192=ORIENTED_EDGE('',*,*,#193,.T.);
#193=EDGE_CURVE('',#194,#196,#198,.F.);
#194=VERTEX_POINT('',#195);
#195=CARTESIAN_POINT('',(0.7,2.1,-1.3));
#196=VERTEX_POINT('',#197);
#197=CARTESIAN_POINT('',(0.55,2.1,-1.45));
#198=CIRCLE('',#199,0.15);
#199=AXIS2_PLACEMENT_3D('',#200,#201,#202);
#200=CARTESIAN_POINT('',(0.55,2.1,-1.3));
#201=DIRECTION('',(0.0,-1.0,0.0));
#202=DIRECTION('',(0.0,0.0,-1.0));
#203=ORIENTED_EDGE('',*,*,#204,.T.);
#204=EDGE_CURVE('',#196,#148,#205,.T.);
#205=LINE('',#206,#207);
#206=CARTESIAN_POINT('',(0.55,2.1,-1.45));
#207=VECTOR('',#208,1.0);
#208=DIRECTION('',(1.0,0.0,0.0));
#209=ORIENTED_EDGE('',*,*,#210,.T.);
#210=EDGE_CURVE('',#148,#194,#211,.T.);
#211=LINE('',#212,#213);
#212=CARTESIAN_POINT('',(0.7,2.1,-1.45));
#213=VECTOR('',#214,1.0);
#214=DIRECTION('',(0.0,0.0,1.0));
#215=PLANE('',#216);
#216=AXIS2_PLACEMENT_3D('',#217,#218,#219);
#217=CARTESIAN_POINT('',(2.3,2.1,-1.45));
#218=DIRECTION('',(0.0,1.0,0.0));
#219=DIRECTION('',(1.0,0.0,0.0));
#220=ADVANCED_FACE('',(#221),#248,.F.);
#221=FACE_BOUND('',#222,.T.);
#222=EDGE_LOOP('',(#223,#233,#242));
#223=ORIENTED_EDGE('',*,*,#224,.T.);
#224=EDGE_CURVE('',#225,#227,#229,.T.);
#225=VERTEX_POINT('',#226);
#226=CARTESIAN_POINT('',(0.7,2.1,-0.45));
#227=VERTEX_POINT('',#228);
#228=CARTESIAN_POINT('',(0.55,2.1,-0.45));
#229=LINE('',#230,#231);
#230=CARTESIAN_POINT('',(0.7,2.1,-0.45));
#231=VECTOR('',#232,1.0);
#232=DIRECTION('',(-1.0,0.0,0.0));
#233=ORIENTED_EDGE('',*,*,#234,.T.);
#234=EDGE_CURVE('',#227,#235,#237,.F.);
#235=VERTEX_POINT('',#236);
#236=CARTESIAN_POINT('',(0.7,2.1,-0.6));
#237=CIRCLE('',#238,0.15);
#238=AXIS2_PLACEMENT_3D('',#239,#240,#241);
#239=CARTESIAN_POINT('',(0.55,2.1,-0.6));
#240=DIRECTION('',(0.0,-1.0,0.0));
#241=DIRECTION('',(1.0,0.0,0.0));
#242=ORIENTED_EDGE('',*,*,#243,.T.);
#243=EDGE_CURVE('',#235,#225,#244,.T.);
#244=LINE('',#245,#246);
#245=CARTESIAN_POINT('',(0.7,2.1,-0.6));
#246=VECTOR('',#247,1.0);
#247=DIRECTION('',(0.0,0.0,1.0));
#248=PLANE('',#249);
#249=AXIS2_PLACEMENT_3D('',#250,#251,#252);
#250=CARTESIAN_POINT('',(2.3,2.1,-1.45));
#251=DIRECTION('',(0.0,1.0,0.0));
#252=DIRECTION('',(1.0,0.0,0.0));
#253=ADVANCED_FACE('',(#254),#288,.F.);
#254=FACE_BOUND('',#255,.T.);
#255=EDGE_LOOP('',(#256,#267,#275,#282));
#256=ORIENTED_EDGE('',*,*,#257,.T.);
#257=EDGE_CURVE('',#258,#260,#262,.T.);
#258=VERTEX_POINT('',#259);
#259=CARTESIAN_POINT('',(0.7,2.1,-0.05));
#260=VERTEX_POINT('',#261);
#261=CARTESIAN_POINT('',(0.6,2.0,-0.05));
#262=CIRCLE('',#263,0.1);
#263=AXIS2_PLACEMENT_3D('',#264,#265,#266);
#264=CARTESIAN_POINT('',(0.7,2.0,-0.05));
#265=DIRECTION('',(0.0,0.0,1.0));
#266=DIRECTION('',(0.0,1.0,0.0));
#267=ORIENTED_EDGE('',*,*,#268,.T.);
#268=EDGE_CURVE('',#260,#269,#271,.T.);
#269=VERTEX_POINT('',#270);
#270=CARTESIAN_POINT('',(0.6,2.0,-0.45));
#271=LINE('',#272,#273);
#272=CARTESIAN_POINT('',(0.6,2.0,-0.05));
#273=VECTOR('',#274,1.0);
#274=DIRECTION('',(0.0,0.0,-1.0));
#275=ORIENTED_EDGE('',*,*,#276,.T.);
#276=EDGE_CURVE('',#269,#225,#277,.T.);
#277=CIRCLE('',#278,0.1);
#278=AXIS2_PLACEMENT_3D('',#279,#280,#281);
#279=CARTESIAN_POINT('',(0.7,2.0,-0.45));
#280=DIRECTION('',(0.0,0.0,-1.0));
#281=DIRECTION('',(-1.0,0.0,0.0));
#282=ORIENTED_EDGE('',*,*,#283,.T.);
#283=EDGE_CURVE('',#225,#258,#284,.T.);
#284=LINE('',#285,#286);
#285=CARTESIAN_POINT('',(0.7,2.1,-0.45));
#286=VECTOR('',#287,1.0);
#287=DIRECTION('',(0.0,0.0,1.0));
#288=CYLINDRICAL_SURFACE('',#289,0.1);
#289=AXIS2_PLACEMENT_3D('',#290,#291,#292);
#290=CARTESIAN_POINT('',(0.7,2.0,-0.458));
#291=DIRECTION('',(0.0,0.0,-1.0));
#292=DIRECTION('',(0.0,1.0,0.0));
#293=ADVANCED_FACE('',(#294),#335,.T.);
#294=FACE_BOUND('',#295,.T.);
#295=EDGE_LOOP('',(#296,#304,#312,#320,#329));
#296=ORIENTED_EDGE('',*,*,#297,.T.);
#297=EDGE_CURVE('',#258,#298,#300,.T.);
#298=VERTEX_POINT('',#299);
#299=CARTESIAN_POINT('',(0.7,2.1,0.0));
#300=LINE('',#301,#302);
#301=CARTESIAN_POINT('',(0.7,2.1,-0.05));
#302=VECTOR('',#303,1.0);
#303=DIRECTION('',(0.0,0.0,1.0));
#304=ORIENTED_EDGE('',*,*,#305,.T.);
#305=EDGE_CURVE('',#298,#306,#308,.T.);
#306=VERTEX_POINT('',#307);
#307=CARTESIAN_POINT('',(1.4,2.1,0.0));
#308=LINE('',#309,#310);
#309=CARTESIAN_POINT('',(0.7,2.1,0.0));
#310=VECTOR('',#311,1.0);
#311=DIRECTION('',(1.0,0.0,0.0));
#312=ORIENTED_EDGE('',*,*,#313,.T.);
#313=EDGE_CURVE('',#306,#314,#316,.T.);
#314=VERTEX_POINT('',#315);
#315=CARTESIAN_POINT('',(1.4,2.1,-0.161803399));
#316=LINE('',#317,#318);
#317=CARTESIAN_POINT('',(1.4,2.1,0.0));
#318=VECTOR('',#319,1.0);
#319=DIRECTION('',(0.0,0.0,-1.0));
#320=ORIENTED_EDGE('',*,*,#321,.T.);
#321=EDGE_CURVE('',#314,#322,#324,.T.);
#322=VERTEX_POINT('',#323);
#323=CARTESIAN_POINT('',(1.15,2.1,-0.05));
#324=CIRCLE('',#325,0.15);
#325=AXIS2_PLACEMENT_3D('',#326,#327,#328);
#326=CARTESIAN_POINT('',(1.3,2.1,-0.05));
#327=DIRECTION('',(0.0,1.0,0.0));
#328=DIRECTION('',(0.666666667,0.0,-0.745355992));
#329=ORIENTED_EDGE('',*,*,#330,.T.);
#330=EDGE_CURVE('',#322,#258,#331,.F.);
#331=LINE('',#332,#333);
#332=CARTESIAN_POINT('',(0.7,2.1,-0.05));
#333=VECTOR('',#334,1.0);
#334=DIRECTION('',(1.0,0.0,0.0));
#335=PLANE('',#336);
#336=AXIS2_PLACEMENT_3D('',#337,#338,#339);
#337=CARTESIAN_POINT('',(0.75,2.1,-1.375));
#338=DIRECTION('',(0.0,1.0,0.0));
#339=DIRECTION('',(1.0,0.0,0.0));
#340=ADVANCED_FACE('',(#341),#414,.T.);
#341=FACE_BOUND('',#342,.T.);
#342=EDGE_LOOP('',(#343,#353,#361,#369,#377,#385,#393,#401,#407,#408));
#343=ORIENTED_EDGE('',*,*,#344,.T.);
#344=EDGE_CURVE('',#345,#347,#349,.T.);
#345=VERTEX_POINT('',#346);
#346=CARTESIAN_POINT('',(0.6,2.0,0.0));
#347=VERTEX_POINT('',#348);
#348=CARTESIAN_POINT('',(0.6,1.0,-4.102487581E-13));
#349=LINE('',#350,#351);
#350=CARTESIAN_POINT('',(0.6,2.0,0.0));
#351=VECTOR('',#352,1.0);
#352=DIRECTION('',(0.0,-1.0,0.0));
#353=ORIENTED_EDGE('',*,*,#354,.T.);
#354=EDGE_CURVE('',#347,#355,#357,.T.);
#355=VERTEX_POINT('',#356);
#356=CARTESIAN_POINT('',(4.0,1.0,-8.180305391E-13));
#357=LINE('',#358,#359);
#358=CARTESIAN_POINT('',(0.6,1.0,0.0));
#359=VECTOR('',#360,1.0);
#360=DIRECTION('',(1.0,0.0,0.0));
#361=ORIENTED_EDGE('',*,*,#362,.T.);
#362=EDGE_CURVE('',#355,#363,#365,.T.);
#363=VERTEX_POINT('',#364);
#364=CARTESIAN_POINT('',(4.0,2.0,0.0));
#365=LINE('',#366,#367);
#366=CARTESIAN_POINT('',(4.0,1.0,0.0));
#367=VECTOR('',#368,1.0);
#368=DIRECTION('',(0.0,1.0,0.0));
#369=ORIENTED_EDGE('',*,*,#370,.T.);
#370=EDGE_CURVE('',#363,#371,#373,.F.);
#371=VERTEX_POINT('',#372);
#372=CARTESIAN_POINT('',(3.9,2.1,0.0));
#373=LINE('',#374,#375);
#374=CARTESIAN_POINT('',(3.9,2.1,0.0));
#375=VECTOR('',#376,1.0);
#376=DIRECTION('',(0.707106781,-0.707106781,0.0));
#377=ORIENTED_EDGE('',*,*,#378,.T.);
#378=EDGE_CURVE('',#371,#379,#381,.F.);
#379=VERTEX_POINT('',#380);
#380=CARTESIAN_POINT('',(3.2,2.1,0.0));
#381=LINE('',#382,#383);
#382=CARTESIAN_POINT('',(3.2,2.1,0.0));
#383=VECTOR('',#384,1.0);
#384=DIRECTION('',(1.0,0.0,0.0));
#385=ORIENTED_EDGE('',*,*,#386,.T.);
#386=EDGE_CURVE('',#379,#387,#389,.T.);
#387=VERTEX_POINT('',#388);
#388=CARTESIAN_POINT('',(3.2,1.45,0.0));
#389=LINE('',#390,#391);
#390=CARTESIAN_POINT('',(3.2,2.1,0.0));
#391=VECTOR('',#392,1.0);
#392=DIRECTION('',(0.0,-1.0,0.0));
#393=ORIENTED_EDGE('',*,*,#394,.T.);
#394=EDGE_CURVE('',#387,#395,#397,.F.);
#395=VERTEX_POINT('',#396);
#396=CARTESIAN_POINT('',(1.4,1.45,0.0));
#397=LINE('',#398,#399);
#398=CARTESIAN_POINT('',(1.4,1.45,0.0));
#399=VECTOR('',#400,1.0);
#400=DIRECTION('',(1.0,0.0,0.0));
#401=ORIENTED_EDGE('',*,*,#402,.T.);
#402=EDGE_CURVE('',#395,#306,#403,.F.);
#403=LINE('',#404,#405);
#404=CARTESIAN_POINT('',(1.4,2.1,0.0));
#405=VECTOR('',#406,1.0);
#406=DIRECTION('',(0.0,-1.0,0.0));
#407=ORIENTED_EDGE('',*,*,#305,.F.);
#408=ORIENTED_EDGE('',*,*,#409,.T.);
#409=EDGE_CURVE('',#298,#345,#410,.F.);
#410=LINE('',#411,#412);
#411=CARTESIAN_POINT('',(0.6,2.0,0.0));
#412=VECTOR('',#413,1.0);
#413=DIRECTION('',(0.707106781,0.707106781,0.0));
#414=PLANE('',#415);
#415=AXIS2_PLACEMENT_3D('',#416,#417,#418);
#416=CARTESIAN_POINT('',(2.3,1.55,0.0));
#417=DIRECTION('',(0.0,0.0,1.0));
#418=DIRECTION('',(1.0,0.0,0.0));
#419=ADVANCED_FACE('',(#420),#452,.F.);
#420=FACE_BOUND('',#421,.T.);
#421=EDGE_LOOP('',(#422,#430,#438,#446));
#422=ORIENTED_EDGE('',*,*,#423,.T.);
#423=EDGE_CURVE('',#424,#269,#426,.F.);
#424=VERTEX_POINT('',#425);
#425=CARTESIAN_POINT('',(0.6,1.4,-0.45));
#426=LINE('',#427,#428);
#427=CARTESIAN_POINT('',(0.6,2.0,-0.45));
#428=VECTOR('',#429,1.0);
#429=DIRECTION('',(0.0,-1.0,0.0));
#430=ORIENTED_EDGE('',*,*,#431,.T.);
#431=EDGE_CURVE('',#269,#432,#434,.F.);
#432=VERTEX_POINT('',#433);
#433=CARTESIAN_POINT('',(0.6,2.0,-0.5));
#434=LINE('',#435,#436);
#435=CARTESIAN_POINT('',(0.6,2.0,-0.5));
#436=VECTOR('',#437,1.0);
#437=DIRECTION('',(0.0,0.0,1.0));
#438=ORIENTED_EDGE('',*,*,#439,.T.);
#439=EDGE_CURVE('',#432,#440,#442,.T.);
#440=VERTEX_POINT('',#441);
#441=CARTESIAN_POINT('',(0.6,1.4,-0.5));
#442=LINE('',#443,#444);
#443=CARTESIAN_POINT('',(0.6,2.0,-0.5));
#444=VECTOR('',#445,1.0);
#445=DIRECTION('',(0.0,-1.0,0.0));
#446=ORIENTED_EDGE('',*,*,#447,.T.);
#447=EDGE_CURVE('',#440,#424,#448,.T.);
#448=LINE('',#449,#450);
#449=CARTESIAN_POINT('',(0.6,1.4,-0.5));
#450=VECTOR('',#451,1.0);
#451=DIRECTION('',(0.0,0.0,1.0));
#452=PLANE('',#453);
#453=AXIS2_PLACEMENT_3D('',#454,#455,#456);
#454=CARTESIAN_POINT('',(0.6,1.45,-1.025));
#455=DIRECTION('',(1.0,0.0,0.0));
#456=DIRECTION('',(0.0,1.0,0.0));
#457=ADVANCED_FACE('',(#458),#490,.F.);
#458=FACE_BOUND('',#459,.T.);
#459=EDGE_LOOP('',(#460,#470,#478,#484));
#460=ORIENTED_EDGE('',*,*,#461,.T.);
#461=EDGE_CURVE('',#462,#464,#466,.T.);
#462=VERTEX_POINT('',#463);
#463=CARTESIAN_POINT('',(0.6,2.0,-1.4));
#464=VERTEX_POINT('',#465);
#465=CARTESIAN_POINT('',(0.45,1.6,-1.4));
#466=LINE('',#467,#468);
#467=CARTESIAN_POINT('',(0.6,2.0,-1.4));
#468=VECTOR('',#469,1.0);
#469=DIRECTION('',(-0.351123442,-0.936329178,0.0));
#470=ORIENTED_EDGE('',*,*,#471,.T.);
#471=EDGE_CURVE('',#464,#472,#474,.T.);
#472=VERTEX_POINT('',#473);
#473=CARTESIAN_POINT('',(0.45,1.6,-0.5));
#474=LINE('',#475,#476);
#475=CARTESIAN_POINT('',(0.45,1.6,-1.4));
#476=VECTOR('',#477,1.0);
#477=DIRECTION('',(0.0,0.0,1.0));
#478=ORIENTED_EDGE('',*,*,#479,.T.);
#479=EDGE_CURVE('',#472,#432,#480,.T.);
#480=LINE('',#481,#482);
#481=CARTESIAN_POINT('',(0.45,1.6,-0.5));
#482=VECTOR('',#483,1.0);
#483=DIRECTION('',(0.351123442,0.936329178,0.0));
#484=ORIENTED_EDGE('',*,*,#485,.T.);
#485=EDGE_CURVE('',#432,#462,#486,.F.);
#486=LINE('',#487,#488);
#487=CARTESIAN_POINT('',(0.6,2.0,-1.4));
#488=VECTOR('',#489,1.0);
#489=DIRECTION('',(0.0,0.0,1.0));
#490=PLANE('',#491);
#491=AXIS2_PLACEMENT_3D('',#492,#493,#494);
#492=CARTESIAN_POINT('',(0.525,1.8,-0.95));
#493=DIRECTION('',(0.936329178,-0.351123442,0.0));
#494=DIRECTION('',(0.0,0.0,-1.0));
#495=ADVANCED_FACE('',(#496),#526,.F.);
#496=FACE_BOUND('',#497,.T.);
#497=EDGE_LOOP('',(#498,#508,#514,#520));
#498=ORIENTED_EDGE('',*,*,#499,.T.);
#499=EDGE_CURVE('',#500,#502,#504,.T.);
#500=VERTEX_POINT('',#501);
#501=CARTESIAN_POINT('',(0.6,1.4,-1.45));
#502=VERTEX_POINT('',#503);
#503=CARTESIAN_POINT('',(0.6,1.4,-1.4));
#504=LINE('',#505,#506);
#505=CARTESIAN_POINT('',(0.6,1.4,-1.45));
#506=VECTOR('',#507,1.0);
#507=DIRECTION('',(0.0,0.0,1.0));
#508=ORIENTED_EDGE('',*,*,#509,.T.);
#509=EDGE_CURVE('',#502,#462,#510,.T.);
#510=LINE('',#511,#512);
#511=CARTESIAN_POINT('',(0.6,1.4,-1.4));
#512=VECTOR('',#513,1.0);
#513=DIRECTION('',(0.0,1.0,0.0));
#514=ORIENTED_EDGE('',*,*,#515,.T.);
#515=EDGE_CURVE('',#462,#150,#516,.F.);
#516=LINE('',#517,#518);
#517=CARTESIAN_POINT('',(0.6,2.0,-1.45));
#518=VECTOR('',#519,1.0);
#519=DIRECTION('',(0.0,0.0,1.0));
#520=ORIENTED_EDGE('',*,*,#521,.T.);
#521=EDGE_CURVE('',#150,#500,#522,.T.);
#522=LINE('',#523,#524);
#523=CARTESIAN_POINT('',(0.6,2.0,-1.45));
#524=VECTOR('',#525,1.0);
#525=DIRECTION('',(0.0,-1.0,0.0));
#526=PLANE('',#527);
#527=AXIS2_PLACEMENT_3D('',#528,#529,#530);
#528=CARTESIAN_POINT('',(0.6,1.45,-1.025));
#529=DIRECTION('',(1.0,0.0,0.0));
#530=DIRECTION('',(0.0,1.0,0.0));
#531=ADVANCED_FACE('',(#532),#563,.F.);
#532=FACE_BOUND('',#533,.T.);
#533=EDGE_LOOP('',(#534,#544,#550,#551,#557));
#534=ORIENTED_EDGE('',*,*,#535,.T.);
#535=EDGE_CURVE('',#536,#538,#540,.T.);
#536=VERTEX_POINT('',#537);
#537=CARTESIAN_POINT('',(0.6,1.25,-1.8));
#538=VERTEX_POINT('',#539);
#539=CARTESIAN_POINT('',(0.5,1.25,-1.8));
#540=LINE('',#541,#542);
#541=CARTESIAN_POINT('',(0.6,1.25,-1.8));
#542=VECTOR('',#543,1.0);
#543=DIRECTION('',(-1.0,0.0,0.0));
#544=ORIENTED_EDGE('',*,*,#545,.T.);
#545=EDGE_CURVE('',#538,#79,#546,.T.);
#546=LINE('',#547,#548);
#547=CARTESIAN_POINT('',(0.5,1.25,-1.8));
#548=VECTOR('',#549,1.0);
#549=DIRECTION('',(0.0,1.0,0.0));
#550=ORIENTED_EDGE('',*,*,#132,.F.);
#551=ORIENTED_EDGE('',*,*,#552,.T.);
#552=EDGE_CURVE('',#121,#159,#553,.F.);
#553=LINE('',#554,#555);
#554=CARTESIAN_POINT('',(0.6,2.0,-1.8));
#555=VECTOR('',#556,1.0);
#556=DIRECTION('',(0.0,1.0,0.0));
#557=ORIENTED_EDGE('',*,*,#558,.T.);
#558=EDGE_CURVE('',#159,#536,#559,.T.);
#559=LINE('',#560,#561);
#560=CARTESIAN_POINT('',(0.6,2.0,-1.8));
#561=VECTOR('',#562,1.0);
#562=DIRECTION('',(0.0,-1.0,0.0));
#563=PLANE('',#564);
#564=AXIS2_PLACEMENT_3D('',#565,#566,#567);
#565=CARTESIAN_POINT('',(0.55,1.71160254,-1.8));
#566=DIRECTION('',(0.0,0.0,1.0));
#567=DIRECTION('',(1.0,0.0,0.0));
#568=ADVANCED_FACE('',(#569),#596,.T.);
#569=FACE_BOUND('',#570,.T.);
#570=EDGE_LOOP('',(#571,#581,#588,#589));
#571=ORIENTED_EDGE('',*,*,#572,.T.);
#572=EDGE_CURVE('',#573,#575,#577,.F.);
#573=VERTEX_POINT('',#574);
#574=CARTESIAN_POINT('',(0.6,1.05,-1.6));
#575=VERTEX_POINT('',#576);
#576=CARTESIAN_POINT('',(0.5,1.05,-1.6));
#577=LINE('',#578,#579);
#578=CARTESIAN_POINT('',(0.5,1.05,-1.6));
#579=VECTOR('',#580,1.0);
#580=DIRECTION('',(1.0,0.0,0.0));
#581=ORIENTED_EDGE('',*,*,#582,.T.);
#582=EDGE_CURVE('',#575,#538,#583,.T.);
#583=CIRCLE('',#584,0.2);
#584=AXIS2_PLACEMENT_3D('',#585,#586,#587);
#585=CARTESIAN_POINT('',(0.5,1.25,-1.6));
#586=DIRECTION('',(1.0,0.0,0.0));
#587=DIRECTION('',(0.0,-1.0,0.0));
#588=ORIENTED_EDGE('',*,*,#535,.F.);
#589=ORIENTED_EDGE('',*,*,#590,.T.);
#590=EDGE_CURVE('',#536,#573,#591,.T.);
#591=CIRCLE('',#592,0.2);
#592=AXIS2_PLACEMENT_3D('',#593,#594,#595);
#593=CARTESIAN_POINT('',(0.6,1.25,-1.6));
#594=DIRECTION('',(-1.0,0.0,0.0));
#595=DIRECTION('',(0.0,0.0,-1.0));
#596=CYLINDRICAL_SURFACE('',#597,0.2);
#597=AXIS2_PLACEMENT_3D('',#598,#599,#600);
#598=CARTESIAN_POINT('',(0.607368686,1.25,-1.6));
#599=DIRECTION('',(1.0,0.0,0.0));
#600=DIRECTION('',(0.0,0.0,-1.0));
#601=ADVANCED_FACE('',(#602),#627,.F.);
#602=FACE_BOUND('',#603,.T.);
#603=EDGE_LOOP('',(#604,#614,#620,#621));
#604=ORIENTED_EDGE('',*,*,#605,.T.);
#605=EDGE_CURVE('',#606,#608,#610,.F.);
#606=VERTEX_POINT('',#607);
#607=CARTESIAN_POINT('',(0.6,1.05,-0.25));
#608=VERTEX_POINT('',#609);
#609=CARTESIAN_POINT('',(0.5,1.05,-0.25));
#610=LINE('',#611,#612);
#611=CARTESIAN_POINT('',(0.5,1.05,-0.25));
#612=VECTOR('',#613,1.0);
#613=DIRECTION('',(1.0,0.0,0.0));
#614=ORIENTED_EDGE('',*,*,#615,.T.);
#615=EDGE_CURVE('',#608,#575,#616,.F.);
#616=LINE('',#617,#618);
#617=CARTESIAN_POINT('',(0.5,1.05,-1.6));
#618=VECTOR('',#619,1.0);
#619=DIRECTION('',(0.0,0.0,1.0));
#620=ORIENTED_EDGE('',*,*,#572,.F.);
#621=ORIENTED_EDGE('',*,*,#622,.T.);
#622=EDGE_CURVE('',#573,#606,#623,.F.);
#623=LINE('',#624,#625);
#624=CARTESIAN_POINT('',(0.6,1.05,-0.25));
#625=VECTOR('',#626,1.0);
#626=DIRECTION('',(0.0,0.0,-1.0));
#627=PLANE('',#628);
#628=AXIS2_PLACEMENT_3D('',#629,#630,#631);
#629=CARTESIAN_POINT('',(0.55,1.05,-0.925));
#630=DIRECTION('',(0.0,1.0,0.0));
#631=DIRECTION('',(1.0,0.0,0.0));
#632=ADVANCED_FACE('',(#633),#660,.T.);
#633=FACE_BOUND('',#634,.T.);
#634=EDGE_LOOP('',(#635,#645,#652,#653));
#635=ORIENTED_EDGE('',*,*,#636,.T.);
#636=EDGE_CURVE('',#637,#639,#641,.F.);
#637=VERTEX_POINT('',#638);
#638=CARTESIAN_POINT('',(0.6,1.25,-0.05));
#639=VERTEX_POINT('',#640);
#640=CARTESIAN_POINT('',(0.5,1.25,-0.05));
#641=LINE('',#642,#643);
#642=CARTESIAN_POINT('',(0.5,1.25,-0.05));
#643=VECTOR('',#644,1.0);
#644=DIRECTION('',(1.0,0.0,0.0));
#645=ORIENTED_EDGE('',*,*,#646,.T.);
#646=EDGE_CURVE('',#639,#608,#647,.T.);
#647=CIRCLE('',#648,0.2);
#648=AXIS2_PLACEMENT_3D('',#649,#650,#651);
#649=CARTESIAN_POINT('',(0.5,1.25,-0.25));
#650=DIRECTION('',(1.0,0.0,0.0));
#651=DIRECTION('',(0.0,0.0,1.0));
#652=ORIENTED_EDGE('',*,*,#605,.F.);
#653=ORIENTED_EDGE('',*,*,#654,.T.);
#654=EDGE_CURVE('',#606,#637,#655,.T.);
#655=CIRCLE('',#656,0.2);
#656=AXIS2_PLACEMENT_3D('',#657,#658,#659);
#657=CARTESIAN_POINT('',(0.6,1.25,-0.25));
#658=DIRECTION('',(-1.0,0.0,0.0));
#659=DIRECTION('',(0.0,-1.0,0.0));
#660=CYLINDRICAL_SURFACE('',#661,0.2);
#661=AXIS2_PLACEMENT_3D('',#662,#663,#664);
#662=CARTESIAN_POINT('',(0.607368686,1.25,-0.25));
#663=DIRECTION('',(1.0,0.0,0.0));
#664=DIRECTION('',(0.0,-1.0,0.0));
#665=ADVANCED_FACE('',(#666,#691),#695,.F.);
#666=FACE_BOUND('',#667,.T.);
#667=EDGE_LOOP('',(#668,#676,#677,#685));
#668=ORIENTED_EDGE('',*,*,#669,.T.);
#669=EDGE_CURVE('',#670,#355,#672,.T.);
#670=VERTEX_POINT('',#671);
#671=CARTESIAN_POINT('',(4.0,0.9,-0.8));
#672=LINE('',#673,#674);
#673=CARTESIAN_POINT('',(4.0,0.9,-0.8));
#674=VECTOR('',#675,1.0);
#675=DIRECTION('',(0.0,0.124034735,0.992277877));
#676=ORIENTED_EDGE('',*,*,#354,.F.);
#677=ORIENTED_EDGE('',*,*,#678,.T.);
#678=EDGE_CURVE('',#347,#679,#681,.T.);
#679=VERTEX_POINT('',#680);
#680=CARTESIAN_POINT('',(0.6,0.9,-0.8));
#681=LINE('',#682,#683);
#682=CARTESIAN_POINT('',(0.6,1.0,0.0));
#683=VECTOR('',#684,1.0);
#684=DIRECTION('',(0.0,-0.124034735,-0.992277877));
#685=ORIENTED_EDGE('',*,*,#686,.T.);
#686=EDGE_CURVE('',#679,#670,#687,.F.);
#687=LINE('',#688,#689);
#688=CARTESIAN_POINT('',(4.0,0.9,-0.8));
#689=VECTOR('',#690,1.0);
#690=DIRECTION('',(-1.0,0.0,0.0));
#691=FACE_BOUND('',#692,.T.);
#692=EDGE_LOOP('',(#693,#694));
#693=ORIENTED_EDGE('',*,*,#24,.F.);
#694=ORIENTED_EDGE('',*,*,#44,.F.);
#695=PLANE('',#696);
#696=AXIS2_PLACEMENT_3D('',#697,#698,#699);
#697=CARTESIAN_POINT('',(2.3,0.95,-0.4));
#698=DIRECTION('',(0.0,0.992277877,-0.124034735));
#699=DIRECTION('',(-1.0,0.0,0.0));
#700=ADVANCED_FACE('',(#701),#741,.F.);
#701=FACE_BOUND('',#702,.T.);
#702=EDGE_LOOP('',(#703,#718,#726,#735));
#703=ORIENTED_EDGE('',*,*,#704,.T.);
#704=EDGE_CURVE('',#705,#707,#709,.T.);
#705=VERTEX_POINT('',#706);
#706=CARTESIAN_POINT('',(3.9,2.1,-1.838196601));
#707=VERTEX_POINT('',#708);
#708=CARTESIAN_POINT('',(4.0,2.0,-1.8));
#709=B_SPLINE_CURVE_WITH_KNOTS('',3,(#710,#711,#712,#713,#714,#715,#716,#717),.UNSPECIFIED.,.F.,.U.,(4,1,1,1,1,4),(0.0,0.164003542,0.328685403,0.500128208,0.691159775,1.0),.UNSPECIFIED.);
#710=CARTESIAN_POINT('',(3.9,2.1,-1.838196601));
#711=CARTESIAN_POINT('',(3.90708162,2.099602821,-1.832534672));
#712=CARTESIAN_POINT('',(3.921274149,2.098806819,-1.821187397));
#713=CARTESIAN_POINT('',(3.945502254,2.090347942,-1.809738176));
#714=CARTESIAN_POINT('',(3.968973736,2.074321584,-1.802439813));
#715=CARTESIAN_POINT('',(3.993339013,2.045011291,-1.800321276));
#716=CARTESIAN_POINT('',(3.997456226,2.017189428,-1.800122692));
#717=CARTESIAN_POINT('',(4.0,2.0,-1.8));
#718=ORIENTED_EDGE('',*,*,#719,.T.);
#719=EDGE_CURVE('',#707,#720,#722,.F.);
#720=VERTEX_POINT('',#721);
#721=CARTESIAN_POINT('',(4.0,2.0,-1.45));
#722=LINE('',#723,#724);
#723=CARTESIAN_POINT('',(4.0,2.0,-1.45));
#724=VECTOR('',#725,1.0);
#725=DIRECTION('',(0.0,0.0,-1.0));
#726=ORIENTED_EDGE('',*,*,#727,.T.);
#727=EDGE_CURVE('',#720,#728,#730,.T.);
#728=VERTEX_POINT('',#729);
#729=CARTESIAN_POINT('',(3.9,2.1,-1.45));
#730=CIRCLE('',#731,0.1);
#731=AXIS2_PLACEMENT_3D('',#732,#733,#734);
#732=CARTESIAN_POINT('',(3.9,2.0,-1.45));
#733=DIRECTION('',(0.0,0.0,1.0));
#734=DIRECTION('',(1.0,0.0,0.0));
#735=ORIENTED_EDGE('',*,*,#736,.T.);
#736=EDGE_CURVE('',#728,#705,#737,.T.);
#737=LINE('',#738,#739);
#738=CARTESIAN_POINT('',(3.9,2.1,-1.45));
#739=VECTOR('',#740,1.0);
#740=DIRECTION('',(0.0,0.0,-1.0));
#741=CYLINDRICAL_SURFACE('',#742,0.1);
#742=AXIS2_PLACEMENT_3D('',#743,#744,#745);
#743=CARTESIAN_POINT('',(3.9,2.0,-1.442236068));
#744=DIRECTION('',(0.0,0.0,1.0));
#745=DIRECTION('',(0.0,1.0,0.0));
#746=ADVANCED_FACE('',(#747),#779,.T.);
#747=FACE_BOUND('',#748,.T.);
#748=EDGE_LOOP('',(#749,#757,#765,#773));
#749=ORIENTED_EDGE('',*,*,#750,.T.);
#750=EDGE_CURVE('',#751,#720,#753,.F.);
#751=VERTEX_POINT('',#752);
#752=CARTESIAN_POINT('',(4.0,1.4,-1.45));
#753=LINE('',#754,#755);
#754=CARTESIAN_POINT('',(4.0,2.0,-1.45));
#755=VECTOR('',#756,1.0);
#756=DIRECTION('',(0.0,-1.0,0.0));
#757=ORIENTED_EDGE('',*,*,#758,.T.);
#758=EDGE_CURVE('',#720,#759,#761,.T.);
#759=VERTEX_POINT('',#760);
#760=CARTESIAN_POINT('',(4.0,2.0,-1.4));
#761=LINE('',#762,#763);
#762=CARTESIAN_POINT('',(4.0,2.0,-1.45));
#763=VECTOR('',#764,1.0);
#764=DIRECTION('',(0.0,0.0,1.0));
#765=ORIENTED_EDGE('',*,*,#766,.T.);
#766=EDGE_CURVE('',#759,#767,#769,.T.);
#767=VERTEX_POINT('',#768);
#768=CARTESIAN_POINT('',(4.0,1.4,-1.4));
#769=LINE('',#770,#771);
#770=CARTESIAN_POINT('',(4.0,2.0,-1.4));
#771=VECTOR('',#772,1.0);
#772=DIRECTION('',(0.0,-1.0,0.0));
#773=ORIENTED_EDGE('',*,*,#774,.T.);
#774=EDGE_CURVE('',#767,#751,#775,.F.);
#775=LINE('',#776,#777);
#776=CARTESIAN_POINT('',(4.0,1.4,-1.45));
#777=VECTOR('',#778,1.0);
#778=DIRECTION('',(0.0,0.0,1.0));
#779=PLANE('',#780);
#780=AXIS2_PLACEMENT_3D('',#781,#782,#783);
#781=CARTESIAN_POINT('',(4.0,1.45,-1.025));
#782=DIRECTION('',(1.0,0.0,0.0));
#783=DIRECTION('',(0.0,1.0,0.0));
#784=ADVANCED_FACE('',(#785),#817,.T.);
#785=FACE_BOUND('',#786,.T.);
#786=EDGE_LOOP('',(#787,#797,#805,#811));
#787=ORIENTED_EDGE('',*,*,#788,.T.);
#788=EDGE_CURVE('',#789,#791,#793,.T.);
#789=VERTEX_POINT('',#790);
#790=CARTESIAN_POINT('',(4.0,2.0,-0.5));
#791=VERTEX_POINT('',#792);
#792=CARTESIAN_POINT('',(4.15,1.6,-0.5));
#793=LINE('',#794,#795);
#794=CARTESIAN_POINT('',(4.0,2.0,-0.5));
#795=VECTOR('',#796,1.0);
#796=DIRECTION('',(0.351123442,-0.936329178,0.0));
#797=ORIENTED_EDGE('',*,*,#798,.T.);
#798=EDGE_CURVE('',#791,#799,#801,.T.);
#799=VERTEX_POINT('',#800);
#800=CARTESIAN_POINT('',(4.15,1.6,-1.4));
#801=LINE('',#802,#803);
#802=CARTESIAN_POINT('',(4.15,1.6,-0.5));
#803=VECTOR('',#804,1.0);
#804=DIRECTION('',(0.0,0.0,-1.0));
#805=ORIENTED_EDGE('',*,*,#806,.T.);
#806=EDGE_CURVE('',#799,#759,#807,.T.);
#807=LINE('',#808,#809);
#808=CARTESIAN_POINT('',(4.15,1.6,-1.4));
#809=VECTOR('',#810,1.0);
#810=DIRECTION('',(-0.351123442,0.936329178,0.0));
#811=ORIENTED_EDGE('',*,*,#812,.T.);
#812=EDGE_CURVE('',#759,#789,#813,.F.);
#813=LINE('',#814,#815);
#814=CARTESIAN_POINT('',(4.0,2.0,-0.5));
#815=VECTOR('',#816,1.0);
#816=DIRECTION('',(0.0,0.0,-1.0));
#817=PLANE('',#818);
#818=AXIS2_PLACEMENT_3D('',#819,#820,#821);
#819=CARTESIAN_POINT('',(4.075,1.8,-0.95));
#820=DIRECTION('',(0.936329178,0.351123442,0.0));
#821=DIRECTION('',(0.0,0.0,-1.0));
#822=ADVANCED_FACE('',(#823),#855,.T.);
#823=FACE_BOUND('',#824,.T.);
#824=EDGE_LOOP('',(#825,#835,#841,#849));
#825=ORIENTED_EDGE('',*,*,#826,.T.);
#826=EDGE_CURVE('',#827,#829,#831,.F.);
#827=VERTEX_POINT('',#828);
#828=CARTESIAN_POINT('',(4.0,1.4,-0.45));
#829=VERTEX_POINT('',#830);
#830=CARTESIAN_POINT('',(4.0,1.4,-0.5));
#831=LINE('',#832,#833);
#832=CARTESIAN_POINT('',(4.0,1.4,-0.5));
#833=VECTOR('',#834,1.0);
#834=DIRECTION('',(0.0,0.0,1.0));
#835=ORIENTED_EDGE('',*,*,#836,.T.);
#836=EDGE_CURVE('',#829,#789,#837,.T.);
#837=LINE('',#838,#839);
#838=CARTESIAN_POINT('',(4.0,1.4,-0.5));
#839=VECTOR('',#840,1.0);
#840=DIRECTION('',(0.0,1.0,0.0));
#841=ORIENTED_EDGE('',*,*,#842,.T.);
#842=EDGE_CURVE('',#789,#843,#845,.T.);
#843=VERTEX_POINT('',#844);
#844=CARTESIAN_POINT('',(4.0,2.0,-0.45));
#845=LINE('',#846,#847);
#846=CARTESIAN_POINT('',(4.0,2.0,-0.5));
#847=VECTOR('',#848,1.0);
#848=DIRECTION('',(0.0,0.0,1.0));
#849=ORIENTED_EDGE('',*,*,#850,.T.);
#850=EDGE_CURVE('',#843,#827,#851,.T.);
#851=LINE('',#852,#853);
#852=CARTESIAN_POINT('',(4.0,2.0,-0.45));
#853=VECTOR('',#854,1.0);
#854=DIRECTION('',(0.0,-1.0,0.0));
#855=PLANE('',#856);
#856=AXIS2_PLACEMENT_3D('',#857,#858,#859);
#857=CARTESIAN_POINT('',(4.0,1.45,-1.025));
#858=DIRECTION('',(1.0,0.0,0.0));
#859=DIRECTION('',(0.0,1.0,0.0));
#860=ADVANCED_FACE('',(#861),#895,.T.);
#861=FACE_BOUND('',#862,.T.);
#862=EDGE_LOOP('',(#863,#871,#872,#880,#888));
#863=ORIENTED_EDGE('',*,*,#864,.T.);
#864=EDGE_CURVE('',#865,#379,#867,.T.);
#865=VERTEX_POINT('',#866);
#866=CARTESIAN_POINT('',(3.2,2.1,-0.161803399));
#867=LINE('',#868,#869);
#868=CARTESIAN_POINT('',(3.2,2.1,-0.161803399));
#869=VECTOR('',#870,1.0);
#870=DIRECTION('',(0.0,0.0,1.0));
#871=ORIENTED_EDGE('',*,*,#378,.F.);
#872=ORIENTED_EDGE('',*,*,#873,.T.);
#873=EDGE_CURVE('',#371,#874,#876,.T.);
#874=VERTEX_POINT('',#875);
#875=CARTESIAN_POINT('',(3.9,2.1,-0.05));
#876=LINE('',#877,#878);
#877=CARTESIAN_POINT('',(3.9,2.1,0.0));
#878=VECTOR('',#879,1.0);
#879=DIRECTION('',(0.0,0.0,-1.0));
#880=ORIENTED_EDGE('',*,*,#881,.T.);
#881=EDGE_CURVE('',#874,#882,#884,.F.);
#882=VERTEX_POINT('',#883);
#883=CARTESIAN_POINT('',(3.45,2.1,-0.05));
#884=LINE('',#885,#886);
#885=CARTESIAN_POINT('',(3.45,2.1,-0.05));
#886=VECTOR('',#887,1.0);
#887=DIRECTION('',(1.0,0.0,0.0));
#888=ORIENTED_EDGE('',*,*,#889,.T.);
#889=EDGE_CURVE('',#882,#865,#890,.T.);
#890=CIRCLE('',#891,0.15);
#891=AXIS2_PLACEMENT_3D('',#892,#893,#894);
#892=CARTESIAN_POINT('',(3.3,2.1,-0.05));
#893=DIRECTION('',(0.0,1.0,0.0));
#894=DIRECTION('',(1.0,0.0,0.0));
#895=PLANE('',#896);
#896=AXIS2_PLACEMENT_3D('',#897,#898,#899);
#897=CARTESIAN_POINT('',(3.85,2.1,-1.375));
#898=DIRECTION('',(0.0,1.0,0.0));
#899=DIRECTION('',(1.0,0.0,0.0));
#900=ADVANCED_FACE('',(#901),#945,.F.);
#901=FACE_BOUND('',#902,.T.);
#902=EDGE_LOOP('',(#903,#913,#922,#930,#939));
#903=ORIENTED_EDGE('',*,*,#904,.T.);
#904=EDGE_CURVE('',#905,#907,#909,.F.);
#905=VERTEX_POINT('',#906);
#906=CARTESIAN_POINT('',(4.5,2.1,-2.75));
#907=VERTEX_POINT('',#908);
#908=CARTESIAN_POINT('',(4.5,2.1,-2.8));
#909=LINE('',#910,#911);
#910=CARTESIAN_POINT('',(4.5,2.1,-2.8));
#911=VECTOR('',#912,1.0);
#912=DIRECTION('',(0.0,0.0,1.0));
#913=ORIENTED_EDGE('',*,*,#914,.T.);
#914=EDGE_CURVE('',#907,#915,#917,.T.);
#915=VERTEX_POINT('',#916);
#916=CARTESIAN_POINT('',(4.6,2.0,-2.8));
#917=CIRCLE('',#918,0.1);
#918=AXIS2_PLACEMENT_3D('',#919,#920,#921);
#919=CARTESIAN_POINT('',(4.5,2.0,-2.8));
#920=DIRECTION('',(0.0,0.0,-1.0));
#921=DIRECTION('',(0.0,1.0,0.0));
#922=ORIENTED_EDGE('',*,*,#923,.T.);
#923=EDGE_CURVE('',#915,#924,#926,.T.);
#924=VERTEX_POINT('',#925);
#925=CARTESIAN_POINT('',(4.6,2.0,-2.1));
#926=LINE('',#927,#928);
#927=CARTESIAN_POINT('',(4.6,2.0,-2.8));
#928=VECTOR('',#929,1.0);
#929=DIRECTION('',(0.0,0.0,1.0));
#930=ORIENTED_EDGE('',*,*,#931,.T.);
#931=EDGE_CURVE('',#924,#932,#934,.T.);
#932=VERTEX_POINT('',#933);
#933=CARTESIAN_POINT('',(4.5,2.1,-2.1));
#934=CIRCLE('',#935,0.1);
#935=AXIS2_PLACEMENT_3D('',#936,#937,#938);
#936=CARTESIAN_POINT('',(4.5,2.0,-2.1));
#937=DIRECTION('',(0.0,0.0,1.0));
#938=DIRECTION('',(1.0,0.0,0.0));
#939=ORIENTED_EDGE('',*,*,#940,.T.);
#940=EDGE_CURVE('',#932,#905,#941,.T.);
#941=LINE('',#942,#943);
#942=CARTESIAN_POINT('',(4.5,2.1,-2.1));
#943=VECTOR('',#944,1.0);
#944=DIRECTION('',(0.0,0.0,-1.0));
#945=CYLINDRICAL_SURFACE('',#946,0.1);
#946=AXIS2_PLACEMENT_3D('',#947,#948,#949);
#947=CARTESIAN_POINT('',(4.5,2.0,-2.086));
#948=DIRECTION('',(0.0,0.0,1.0));
#949=DIRECTION('',(0.0,1.0,0.0));
#950=ADVANCED_FACE('',(#951),#976,.F.);
#951=FACE_BOUND('',#952,.T.);
#952=EDGE_LOOP('',(#953,#961,#962,#970));
#953=ORIENTED_EDGE('',*,*,#954,.T.);
#954=EDGE_CURVE('',#955,#924,#957,.F.);
#955=VERTEX_POINT('',#956);
#956=CARTESIAN_POINT('',(4.6,1.9,-2.1));
#957=LINE('',#958,#959);
#958=CARTESIAN_POINT('',(4.6,2.0,-2.1));
#959=VECTOR('',#960,1.0);
#960=DIRECTION('',(0.0,-1.0,0.0));
#961=ORIENTED_EDGE('',*,*,#923,.F.);
#962=ORIENTED_EDGE('',*,*,#963,.T.);
#963=EDGE_CURVE('',#915,#964,#966,.F.);
#964=VERTEX_POINT('',#965);
#965=CARTESIAN_POINT('',(4.6,1.9,-2.8));
#966=LINE('',#967,#968);
#967=CARTESIAN_POINT('',(4.6,1.9,-2.8));
#968=VECTOR('',#969,1.0);
#969=DIRECTION('',(0.0,1.0,0.0));
#970=ORIENTED_EDGE('',*,*,#971,.T.);
#971=EDGE_CURVE('',#964,#955,#972,.F.);
#972=LINE('',#973,#974);
#973=CARTESIAN_POINT('',(4.6,1.9,-2.1));
#974=VECTOR('',#975,1.0);
#975=DIRECTION('',(0.0,0.0,-1.0));
#976=PLANE('',#977);
#977=AXIS2_PLACEMENT_3D('',#978,#979,#980);
#978=CARTESIAN_POINT('',(4.6,1.025,-2.45));
#979=DIRECTION('',(1.0,0.0,0.0));
#980=DIRECTION('',(0.0,1.0,0.0));
#981=ADVANCED_FACE('',(#982),#1051,.T.);
#982=FACE_BOUND('',#983,.T.);
#983=EDGE_LOOP('',(#984,#994,#1002,#1011,#1019,#1028,#1037,#1045));
#984=ORIENTED_EDGE('',*,*,#985,.T.);
#985=EDGE_CURVE('',#986,#988,#990,.F.);
#986=VERTEX_POINT('',#987);
#987=CARTESIAN_POINT('',(4.7,2.0,-2.1));
#988=VERTEX_POINT('',#989);
#989=CARTESIAN_POINT('',(4.7,0.05,-2.1));
#990=LINE('',#991,#992);
#991=CARTESIAN_POINT('',(4.7,0.05,-2.1));
#992=VECTOR('',#993,1.0);
#993=DIRECTION('',(0.0,1.0,0.0));
#994=ORIENTED_EDGE('',*,*,#995,.T.);
#995=EDGE_CURVE('',#988,#996,#998,.F.);
#996=VERTEX_POINT('',#997);
#997=CARTESIAN_POINT('',(4.7,0.05,-2.45));
#998=LINE('',#999,#1000);
#999=CARTESIAN_POINT('',(4.7,0.05,-2.45));
#1000=VECTOR('',#1001,1.0);
#1001=DIRECTION('',(0.0,0.0,1.0));
#1002=ORIENTED_EDGE('',*,*,#1003,.T.);
#1003=EDGE_CURVE('',#996,#1004,#1006,.F.);
#1004=VERTEX_POINT('',#1005);
#1005=CARTESIAN_POINT('',(4.7,0.2,-2.6));
#1006=CIRCLE('',#1007,0.15);
#1007=AXIS2_PLACEMENT_3D('',#1008,#1009,#1010);
#1008=CARTESIAN_POINT('',(4.7,0.2,-2.45));
#1009=DIRECTION('',(-1.0,0.0,0.0));
#1010=DIRECTION('',(0.0,0.0,-1.0));
#1011=ORIENTED_EDGE('',*,*,#1012,.T.);
#1012=EDGE_CURVE('',#1004,#1013,#1015,.T.);
#1013=VERTEX_POINT('',#1014);
#1014=CARTESIAN_POINT('',(4.7,1.167157288,-2.6));
#1015=LINE('',#1016,#1017);
#1016=CARTESIAN_POINT('',(4.7,0.2,-2.6));
#1017=VECTOR('',#1018,1.0);
#1018=DIRECTION('',(0.0,1.0,0.0));
#1019=ORIENTED_EDGE('',*,*,#1020,.T.);
#1020=EDGE_CURVE('',#1013,#1021,#1023,.F.);
#1021=VERTEX_POINT('',#1022);
#1022=CARTESIAN_POINT('',(4.7,1.308578644,-2.7));
#1023=CIRCLE('',#1024,0.15);
#1024=AXIS2_PLACEMENT_3D('',#1025,#1026,#1027);
#1025=CARTESIAN_POINT('',(4.7,1.167157288,-2.75));
#1026=DIRECTION('',(1.0,0.0,0.0));
#1027=DIRECTION('',(0.0,0.942809042,0.333333333));
#1028=ORIENTED_EDGE('',*,*,#1029,.T.);
#1029=EDGE_CURVE('',#1021,#1030,#1032,.F.);
#1030=VERTEX_POINT('',#1031);
#1031=CARTESIAN_POINT('',(4.7,1.45,-2.8));
#1032=CIRCLE('',#1033,0.15);
#1033=AXIS2_PLACEMENT_3D('',#1034,#1035,#1036);
#1034=CARTESIAN_POINT('',(4.7,1.45,-2.65));
#1035=DIRECTION('',(-1.0,0.0,0.0));
#1036=DIRECTION('',(0.0,0.0,-1.0));
#1037=ORIENTED_EDGE('',*,*,#1038,.T.);
#1038=EDGE_CURVE('',#1030,#1039,#1041,.F.);
#1039=VERTEX_POINT('',#1040);
#1040=CARTESIAN_POINT('',(4.7,2.0,-2.8));
#1041=LINE('',#1042,#1043);
#1042=CARTESIAN_POINT('',(4.7,2.0,-2.8));
#1043=VECTOR('',#1044,1.0);
#1044=DIRECTION('',(0.0,-1.0,0.0));
#1045=ORIENTED_EDGE('',*,*,#1046,.T.);
#1046=EDGE_CURVE('',#1039,#986,#1047,.F.);
#1047=LINE('',#1048,#1049);
#1048=CARTESIAN_POINT('',(4.7,2.0,-2.1));
#1049=VECTOR('',#1050,1.0);
#1050=DIRECTION('',(0.0,0.0,-1.0));
#1051=PLANE('',#1052);
#1052=AXIS2_PLACEMENT_3D('',#1053,#1054,#1055);
#1053=CARTESIAN_POINT('',(4.7,1.025,-2.45));
#1054=DIRECTION('',(1.0,0.0,0.0));
#1055=DIRECTION('',(0.0,1.0,0.0));
#1056=ADVANCED_FACE('',(#1057),#1082,.F.);
#1057=FACE_BOUND('',#1058,.T.);
#1058=EDGE_LOOP('',(#1059,#1067,#1075,#1081));
#1059=ORIENTED_EDGE('',*,*,#1060,.T.);
#1060=EDGE_CURVE('',#1004,#1061,#1063,.F.);
#1061=VERTEX_POINT('',#1062);
#1062=CARTESIAN_POINT('',(4.6,0.2,-2.6));
#1063=LINE('',#1064,#1065);
#1064=CARTESIAN_POINT('',(4.6,0.2,-2.6));
#1065=VECTOR('',#1066,1.0);
#1066=DIRECTION('',(1.0,0.0,0.0));
#1067=ORIENTED_EDGE('',*,*,#1068,.T.);
#1068=EDGE_CURVE('',#1061,#1069,#1071,.F.);
#1069=VERTEX_POINT('',#1070);
#1070=CARTESIAN_POINT('',(4.6,1.167157288,-2.6));
#1071=LINE('',#1072,#1073);
#1072=CARTESIAN_POINT('',(4.6,1.167157288,-2.6));
#1073=VECTOR('',#1074,1.0);
#1074=DIRECTION('',(0.0,-1.0,0.0));
#1075=ORIENTED_EDGE('',*,*,#1076,.T.);
#1076=EDGE_CURVE('',#1069,#1013,#1077,.F.);
#1077=LINE('',#1078,#1079);
#1078=CARTESIAN_POINT('',(4.7,1.167157288,-2.6));
#1079=VECTOR('',#1080,1.0);
#1080=DIRECTION('',(-1.0,0.0,0.0));
#1081=ORIENTED_EDGE('',*,*,#1012,.F.);
#1082=PLANE('',#1083);
#1083=AXIS2_PLACEMENT_3D('',#1084,#1085,#1086);
#1084=CARTESIAN_POINT('',(4.65,0.683578644,-2.6));
#1085=DIRECTION('',(0.0,0.0,1.0));
#1086=DIRECTION('',(1.0,0.0,0.0));
#1087=ADVANCED_FACE('',(#1088),#1116,.F.);
#1088=FACE_BOUND('',#1089,.T.);
#1089=EDGE_LOOP('',(#1090,#1098,#1099,#1100,#1109));
#1090=ORIENTED_EDGE('',*,*,#1091,.T.);
#1091=EDGE_CURVE('',#1092,#1021,#1094,.F.);
#1092=VERTEX_POINT('',#1093);
#1093=CARTESIAN_POINT('',(4.6,1.308578644,-2.7));
#1094=LINE('',#1095,#1096);
#1095=CARTESIAN_POINT('',(4.7,1.308578644,-2.7));
#1096=VECTOR('',#1097,1.0);
#1097=DIRECTION('',(-1.0,0.0,0.0));
#1098=ORIENTED_EDGE('',*,*,#1020,.F.);
#1099=ORIENTED_EDGE('',*,*,#1076,.F.);
#1100=ORIENTED_EDGE('',*,*,#1101,.T.);
#1101=EDGE_CURVE('',#1069,#1102,#1104,.T.);
#1102=VERTEX_POINT('',#1103);
#1103=CARTESIAN_POINT('',(4.6,1.3,-2.68033786));
#1104=CIRCLE('',#1105,0.15);
#1105=AXIS2_PLACEMENT_3D('',#1106,#1107,#1108);
#1106=CARTESIAN_POINT('',(4.6,1.167157288,-2.75));
#1107=DIRECTION('',(-1.0,0.0,0.0));
#1108=DIRECTION('',(0.0,0.0,1.0));
#1109=ORIENTED_EDGE('',*,*,#1110,.T.);
#1110=EDGE_CURVE('',#1102,#1092,#1111,.F.);
#1111=CIRCLE('',#1112,0.15);
#1112=AXIS2_PLACEMENT_3D('',#1113,#1114,#1115);
#1113=CARTESIAN_POINT('',(4.6,1.167157288,-2.75));
#1114=DIRECTION('',(1.0,0.0,0.0));
#1115=DIRECTION('',(0.0,0.942809042,0.333333333));
#1116=CYLINDRICAL_SURFACE('',#1117,0.15);
#1117=AXIS2_PLACEMENT_3D('',#1118,#1119,#1120);
#1118=CARTESIAN_POINT('',(4.592631314,1.167157288,-2.75));
#1119=DIRECTION('',(-1.0,0.0,0.0));
#1120=DIRECTION('',(0.0,0.942809042,0.333333333));
#1121=ADVANCED_FACE('',(#1122,#1238),#1306,.F.);
#1122=FACE_BOUND('',#1123,.T.);
#1123=EDGE_LOOP('',(#1124,#1135,#1143,#1151,#1159,#1167,#1175,#1183,#1191,#1199,#1207,#1215,#1223,#1232));
#1124=ORIENTED_EDGE('',*,*,#1125,.T.);
#1125=EDGE_CURVE('',#1126,#1128,#1130,.F.);
#1126=VERTEX_POINT('',#1127);
#1127=CARTESIAN_POINT('',(1.86,1.75,-0.5));
#1128=VERTEX_POINT('',#1129);
#1129=CARTESIAN_POINT('',(1.8,1.75,-0.44));
#1130=CIRCLE('',#1131,0.06);
#1131=AXIS2_PLACEMENT_3D('',#1132,#1133,#1134);
#1132=CARTESIAN_POINT('',(1.86,1.75,-0.44));
#1133=DIRECTION('',(0.0,-1.0,0.0));
#1134=DIRECTION('',(-1.0,0.0,0.0));
#1135=ORIENTED_EDGE('',*,*,#1136,.T.);
#1136=EDGE_CURVE('',#1128,#1137,#1139,.T.);
#1137=VERTEX_POINT('',#1138);
#1138=CARTESIAN_POINT('',(1.8,1.75,-0.3));
#1139=LINE('',#1140,#1141);
#1140=CARTESIAN_POINT('',(1.8,1.75,-0.44));
#1141=VECTOR('',#1142,1.0);
#1142=DIRECTION('',(0.0,0.0,1.0));
#1143=ORIENTED_EDGE('',*,*,#1144,.T.);
#1144=EDGE_CURVE('',#1137,#1145,#1147,.T.);
#1145=VERTEX_POINT('',#1146);
#1146=CARTESIAN_POINT('',(1.45,1.75,-0.3));
#1147=LINE('',#1148,#1149);
#1148=CARTESIAN_POINT('',(1.8,1.75,-0.3));
#1149=VECTOR('',#1150,1.0);
#1150=DIRECTION('',(-1.0,0.0,0.0));
#1151=ORIENTED_EDGE('',*,*,#1152,.T.);
#1152=EDGE_CURVE('',#1145,#1153,#1155,.F.);
#1153=VERTEX_POINT('',#1154);
#1154=CARTESIAN_POINT('',(0.95,1.75,-0.8));
#1155=LINE('',#1156,#1157);
#1156=CARTESIAN_POINT('',(0.95,1.75,-0.8));
#1157=VECTOR('',#1158,1.0);
#1158=DIRECTION('',(0.707106781,0.0,0.707106781));
#1159=ORIENTED_EDGE('',*,*,#1160,.T.);
#1160=EDGE_CURVE('',#1153,#1161,#1163,.T.);
#1161=VERTEX_POINT('',#1162);
#1162=CARTESIAN_POINT('',(0.95,1.75,-2.2));
#1163=LINE('',#1164,#1165);
#1164=CARTESIAN_POINT('',(0.95,1.75,-0.8));
#1165=VECTOR('',#1166,1.0);
#1166=DIRECTION('',(0.0,0.0,-1.0));
#1167=ORIENTED_EDGE('',*,*,#1168,.T.);
#1168=EDGE_CURVE('',#1161,#1169,#1171,.F.);
#1169=VERTEX_POINT('',#1170);
#1170=CARTESIAN_POINT('',(1.45,1.75,-2.7));
#1171=LINE('',#1172,#1173);
#1172=CARTESIAN_POINT('',(1.45,1.75,-2.7));
#1173=VECTOR('',#1174,1.0);
#1174=DIRECTION('',(-0.707106781,0.0,0.707106781));
#1175=ORIENTED_EDGE('',*,*,#1176,.T.);
#1176=EDGE_CURVE('',#1169,#1177,#1179,.T.);
#1177=VERTEX_POINT('',#1178);
#1178=CARTESIAN_POINT('',(3.15,1.75,-2.7));
#1179=LINE('',#1180,#1181);
#1180=CARTESIAN_POINT('',(1.45,1.75,-2.7));
#1181=VECTOR('',#1182,1.0);
#1182=DIRECTION('',(1.0,0.0,0.0));
#1183=ORIENTED_EDGE('',*,*,#1184,.T.);
#1184=EDGE_CURVE('',#1177,#1185,#1187,.F.);
#1185=VERTEX_POINT('',#1186);
#1186=CARTESIAN_POINT('',(3.55,1.75,-2.3));
#1187=LINE('',#1188,#1189);
#1188=CARTESIAN_POINT('',(3.55,1.75,-2.3));
#1189=VECTOR('',#1190,1.0);
#1190=DIRECTION('',(-0.707106781,0.0,-0.707106781));
#1191=ORIENTED_EDGE('',*,*,#1192,.T.);
#1192=EDGE_CURVE('',#1185,#1193,#1195,.T.);
#1193=VERTEX_POINT('',#1194);
#1194=CARTESIAN_POINT('',(3.55,1.75,-0.7));
#1195=LINE('',#1196,#1197);
#1196=CARTESIAN_POINT('',(3.55,1.75,-2.3));
#1197=VECTOR('',#1198,1.0);
#1198=DIRECTION('',(0.0,0.0,1.0));
#1199=ORIENTED_EDGE('',*,*,#1200,.T.);
#1200=EDGE_CURVE('',#1193,#1201,#1203,.F.);
#1201=VERTEX_POINT('',#1202);
#1202=CARTESIAN_POINT('',(3.15,1.75,-0.3));
#1203=LINE('',#1204,#1205);
#1204=CARTESIAN_POINT('',(3.15,1.75,-0.3));
#1205=VECTOR('',#1206,1.0);
#1206=DIRECTION('',(0.707106781,0.0,-0.707106781));
#1207=ORIENTED_EDGE('',*,*,#1208,.T.);
#1208=EDGE_CURVE('',#1201,#1209,#1211,.T.);
#1209=VERTEX_POINT('',#1210);
#1210=CARTESIAN_POINT('',(2.8,1.75,-0.3));
#1211=LINE('',#1212,#1213);
#1212=CARTESIAN_POINT('',(3.15,1.75,-0.3));
#1213=VECTOR('',#1214,1.0);
#1214=DIRECTION('',(-1.0,0.0,0.0));
#1215=ORIENTED_EDGE('',*,*,#1216,.T.);
#1216=EDGE_CURVE('',#1209,#1217,#1219,.T.);
#1217=VERTEX_POINT('',#1218);
#1218=CARTESIAN_POINT('',(2.8,1.75,-0.44));
#1219=LINE('',#1220,#1221);
#1220=CARTESIAN_POINT('',(2.8,1.75,-0.3));
#1221=VECTOR('',#1222,1.0);
#1222=DIRECTION('',(0.0,0.0,-1.0));
#1223=ORIENTED_EDGE('',*,*,#1224,.T.);
#1224=EDGE_CURVE('',#1217,#1225,#1227,.F.);
#1225=VERTEX_POINT('',#1226);
#1226=CARTESIAN_POINT('',(2.74,1.75,-0.5));
#1227=CIRCLE('',#1228,0.06);
#1228=AXIS2_PLACEMENT_3D('',#1229,#1230,#1231);
#1229=CARTESIAN_POINT('',(2.74,1.75,-0.44));
#1230=DIRECTION('',(0.0,-1.0,0.0));
#1231=DIRECTION('',(0.0,0.0,-1.0));
#1232=ORIENTED_EDGE('',*,*,#1233,.T.);
#1233=EDGE_CURVE('',#1225,#1126,#1234,.T.);
#1234=LINE('',#1235,#1236);
#1235=CARTESIAN_POINT('',(2.74,1.75,-0.5));
#1236=VECTOR('',#1237,1.0);
#1237=DIRECTION('',(-1.0,0.0,0.0));
#1238=FACE_BOUND('',#1239,.T.);
#1239=EDGE_LOOP('',(#1240,#1250,#1258,#1267,#1275,#1283,#1291,#1300));
#1240=ORIENTED_EDGE('',*,*,#1241,.T.);
#1241=EDGE_CURVE('',#1242,#1244,#1246,.T.);
#1242=VERTEX_POINT('',#1243);
#1243=CARTESIAN_POINT('',(1.5,1.75,-1.95));
#1244=VERTEX_POINT('',#1245);
#1245=CARTESIAN_POINT('',(1.5,1.75,-1.05));
#1246=LINE('',#1247,#1248);
#1247=CARTESIAN_POINT('',(1.5,1.75,-1.95));
#1248=VECTOR('',#1249,1.0);
#1249=DIRECTION('',(0.0,0.0,1.0));
#1250=ORIENTED_EDGE('',*,*,#1251,.T.);
#1251=EDGE_CURVE('',#1244,#1252,#1254,.T.);
#1252=VERTEX_POINT('',#1253);
#1253=CARTESIAN_POINT('',(2.082055053,1.75,-1.05));
#1254=LINE('',#1255,#1256);
#1255=CARTESIAN_POINT('',(1.5,1.75,-1.05));
#1256=VECTOR('',#1257,1.0);
#1257=DIRECTION('',(1.0,0.0,0.0));
#1258=ORIENTED_EDGE('',*,*,#1259,.T.);
#1259=EDGE_CURVE('',#1252,#1260,#1262,.F.);
#1260=VERTEX_POINT('',#1261);
#1261=CARTESIAN_POINT('',(2.517944947,1.75,-1.05));
#1262=CIRCLE('',#1263,0.5);
#1263=AXIS2_PLACEMENT_3D('',#1264,#1265,#1266);
#1264=CARTESIAN_POINT('',(2.3,1.75,-1.5));
#1265=DIRECTION('',(0.0,-1.0,0.0));
#1266=DIRECTION('',(0.435889894,0.0,0.9));
#1267=ORIENTED_EDGE('',*,*,#1268,.T.);
#1268=EDGE_CURVE('',#1260,#1269,#1271,.T.);
#1269=VERTEX_POINT('',#1270);
#1270=CARTESIAN_POINT('',(3.1,1.75,-1.05));
#1271=LINE('',#1272,#1273);
#1272=CARTESIAN_POINT('',(2.517944947,1.75,-1.05));
#1273=VECTOR('',#1274,1.0);
#1274=DIRECTION('',(1.0,0.0,0.0));
#1275=ORIENTED_EDGE('',*,*,#1276,.T.);
#1276=EDGE_CURVE('',#1269,#1277,#1279,.T.);
#1277=VERTEX_POINT('',#1278);
#1278=CARTESIAN_POINT('',(3.1,1.75,-1.95));
#1279=LINE('',#1280,#1281);
#1280=CARTESIAN_POINT('',(3.1,1.75,-1.05));
#1281=VECTOR('',#1282,1.0);
#1282=DIRECTION('',(0.0,0.0,-1.0));
#1283=ORIENTED_EDGE('',*,*,#1284,.T.);
#1284=EDGE_CURVE('',#1277,#1285,#1287,.T.);
#1285=VERTEX_POINT('',#1286);
#1286=CARTESIAN_POINT('',(2.517944947,1.75,-1.95));
#1287=LINE('',#1288,#1289);
#1288=CARTESIAN_POINT('',(3.1,1.75,-1.95));
#1289=VECTOR('',#1290,1.0);
#1290=DIRECTION('',(-1.0,0.0,0.0));
#1291=ORIENTED_EDGE('',*,*,#1292,.T.);
#1292=EDGE_CURVE('',#1285,#1293,#1295,.F.);
#1293=VERTEX_POINT('',#1294);
#1294=CARTESIAN_POINT('',(2.082055053,1.75,-1.95));
#1295=CIRCLE('',#1296,0.5);
#1296=AXIS2_PLACEMENT_3D('',#1297,#1298,#1299);
#1297=CARTESIAN_POINT('',(2.3,1.75,-1.5));
#1298=DIRECTION('',(0.0,-1.0,0.0));
#1299=DIRECTION('',(-0.435889894,0.0,-0.9));
#1300=ORIENTED_EDGE('',*,*,#1301,.T.);
#1301=EDGE_CURVE('',#1293,#1242,#1302,.T.);
#1302=LINE('',#1303,#1304);
#1303=CARTESIAN_POINT('',(2.082055053,1.75,-1.95));
#1304=VECTOR('',#1305,1.0);
#1305=DIRECTION('',(-1.0,0.0,0.0));
#1306=PLANE('',#1307);
#1307=AXIS2_PLACEMENT_3D('',#1308,#1309,#1310);
#1308=CARTESIAN_POINT('',(2.25,1.75,-1.5));
#1309=DIRECTION('',(0.0,1.0,0.0));
#1310=DIRECTION('',(1.0,0.0,0.0));
#1311=ADVANCED_FACE('',(#1312),#1347,.T.);
#1312=FACE_BOUND('',#1313,.T.);
#1313=EDGE_LOOP('',(#1314,#1326,#1334,#1346));
#1314=ORIENTED_EDGE('',*,*,#1315,.T.);
#1315=EDGE_CURVE('',#1185,#1316,#1318,.F.);
#1316=VERTEX_POINT('',#1317);
#1317=CARTESIAN_POINT('',(3.65,1.85,-2.2));
#1318=B_SPLINE_CURVE_WITH_KNOTS('',2,(#1319,#1320,#1321,#1322,#1323,#1324,#1325),.UNSPECIFIED.,.F.,.U.,(3,2,2,3),(0.0,0.25,0.5,1.0),.UNSPECIFIED.);
#1319=CARTESIAN_POINT('',(3.65,1.85,-2.2));
#1320=CARTESIAN_POINT('',(3.65,1.826705709,-2.2));
#1321=CARTESIAN_POINT('',(3.639235908,1.804867386,-2.210764092));
#1322=CARTESIAN_POINT('',(3.631355358,1.78887923,-2.218644642));
#1323=CARTESIAN_POINT('',(3.617083908,1.775839706,-2.232916092));
#1324=CARTESIAN_POINT('',(3.588802965,1.75,-2.261197035));
#1325=CARTESIAN_POINT('',(3.55,1.75,-2.3));
#1326=ORIENTED_EDGE('',*,*,#1327,.T.);
#1327=EDGE_CURVE('',#1316,#1328,#1330,.T.);
#1328=VERTEX_POINT('',#1329);
#1329=CARTESIAN_POINT('',(3.65,1.85,-0.8));
#1330=LINE('',#1331,#1332);
#1331=CARTESIAN_POINT('',(3.65,1.85,-2.2));
#1332=VECTOR('',#1333,1.0);
#1333=DIRECTION('',(0.0,0.0,1.0));
#1334=ORIENTED_EDGE('',*,*,#1335,.T.);
#1335=EDGE_CURVE('',#1328,#1193,#1336,.T.);
#1336=B_SPLINE_CURVE_WITH_KNOTS('',3,(#1337,#1338,#1339,#1340,#1341,#1342,#1343,#1344,#1345),.UNSPECIFIED.,.F.,.U.,(4,1,1,1,1,1,4),(0.0,0.105128623,0.217764963,0.341367892,0.478569264,0.690688528,1.0),.UNSPECIFIED.);
#1337=CARTESIAN_POINT('',(3.65,1.85,-0.8));
#1338=CARTESIAN_POINT('',(3.64960314,1.843310043,-0.79957821));
#1339=CARTESIAN_POINT('',(3.648781079,1.829452369,-0.798704507));
#1340=CARTESIAN_POINT('',(3.642173135,1.809490591,-0.79200853));
#1341=CARTESIAN_POINT('',(3.631610627,1.790826782,-0.781535745));
#1342=CARTESIAN_POINT('',(3.614675599,1.77222996,-0.764782171));
#1343=CARTESIAN_POINT('',(3.587736187,1.754442897,-0.737144251));
#1344=CARTESIAN_POINT('',(3.56405037,1.75165423,-0.713829974));
#1345=CARTESIAN_POINT('',(3.55,1.75,-0.7));
#1346=ORIENTED_EDGE('',*,*,#1192,.F.);
#1347=CYLINDRICAL_SURFACE('',#1348,0.1);
#1348=AXIS2_PLACEMENT_3D('',#1349,#1350,#1351);
#1349=CARTESIAN_POINT('',(3.55,1.85,-2.332));
#1350=DIRECTION('',(0.0,0.0,-1.0));
#1351=DIRECTION('',(0.0,-1.0,0.0));
#1352=ADVANCED_FACE('',(#1353),#1400,.F.);
#1353=FACE_BOUND('',#1354,.T.);
#1354=EDGE_LOOP('',(#1355,#1365,#1374,#1386,#1392,#1393));
#1355=ORIENTED_EDGE('',*,*,#1356,.T.);
#1356=EDGE_CURVE('',#1357,#1359,#1361,.T.);
#1357=VERTEX_POINT('',#1358);
#1358=CARTESIAN_POINT('',(4.0,2.1,-2.1));
#1359=VERTEX_POINT('',#1360);
#1360=CARTESIAN_POINT('',(4.0,2.2,-2.1));
#1361=LINE('',#1362,#1363);
#1362=CARTESIAN_POINT('',(4.0,2.1,-2.1));
#1363=VECTOR('',#1364,1.0);
#1364=DIRECTION('',(0.0,1.0,0.0));
#1365=ORIENTED_EDGE('',*,*,#1366,.T.);
#1366=EDGE_CURVE('',#1359,#1367,#1369,.T.);
#1367=VERTEX_POINT('',#1368);
#1368=CARTESIAN_POINT('',(3.9,2.2,-1.838196601));
#1369=CIRCLE('',#1370,0.15);
#1370=AXIS2_PLACEMENT_3D('',#1371,#1372,#1373);
#1371=CARTESIAN_POINT('',(4.0,2.2,-1.95));
#1372=DIRECTION('',(0.0,1.0,0.0));
#1373=DIRECTION('',(0.0,0.0,-1.0));
#1374=ORIENTED_EDGE('',*,*,#1375,.T.);
#1375=EDGE_CURVE('',#1367,#1376,#1378,.T.);
#1376=VERTEX_POINT('',#1377);
#1377=CARTESIAN_POINT('',(4.0,2.173205081,-1.8));
#1378=B_SPLINE_CURVE_WITH_KNOTS('',3,(#1379,#1380,#1381,#1382,#1383,#1384,#1385),.UNSPECIFIED.,.F.,.U.,(4,1,1,1,4),(0.0,0.263478054,0.503596402,0.751623598,1.0),.UNSPECIFIED.);
#1379=CARTESIAN_POINT('',(3.9,2.2,-1.838196601));
#1380=CARTESIAN_POINT('',(3.907858947,2.199745891,-1.831943255));
#1381=CARTESIAN_POINT('',(3.922880076,2.199260202,-1.819990978));
#1382=CARTESIAN_POINT('',(3.948765551,2.194515885,-1.808244918));
#1383=CARTESIAN_POINT('',(3.974871654,2.186351167,-1.801153251));
#1384=CARTESIAN_POINT('',(3.991619957,2.177589164,-1.800384597));
#1385=CARTESIAN_POINT('',(4.0,2.173205081,-1.8));
#1386=ORIENTED_EDGE('',*,*,#1387,.T.);
#1387=EDGE_CURVE('',#1376,#707,#1388,.T.);
#1388=LINE('',#1389,#1390);
#1389=CARTESIAN_POINT('',(4.0,2.173205081,-1.8));
#1390=VECTOR('',#1391,1.0);
#1391=DIRECTION('',(0.0,-1.0,0.0));
#1392=ORIENTED_EDGE('',*,*,#704,.F.);
#1393=ORIENTED_EDGE('',*,*,#1394,.T.);
#1394=EDGE_CURVE('',#705,#1357,#1395,.F.);
#1395=CIRCLE('',#1396,0.15);
#1396=AXIS2_PLACEMENT_3D('',#1397,#1398,#1399);
#1397=CARTESIAN_POINT('',(4.0,2.1,-1.95));
#1398=DIRECTION('',(0.0,1.0,0.0));
#1399=DIRECTION('',(0.0,0.0,-1.0));
#1400=CYLINDRICAL_SURFACE('',#1401,0.15);
#1401=AXIS2_PLACEMENT_3D('',#1402,#1403,#1404);
#1402=CARTESIAN_POINT('',(4.0,1.992631314,-1.95));
#1403=DIRECTION('',(0.0,-1.0,0.0));
#1404=DIRECTION('',(1.0,0.0,0.0));
#1405=ADVANCED_FACE('',(#1406),#1456,.T.);
#1406=FACE_BOUND('',#1407,.T.);
#1407=EDGE_LOOP('',(#1408,#1419,#1427,#1436,#1450));
#1408=ORIENTED_EDGE('',*,*,#1409,.T.);
#1409=EDGE_CURVE('',#1410,#1412,#1414,.T.);
#1410=VERTEX_POINT('',#1411);
#1411=CARTESIAN_POINT('',(3.9,2.2,-0.05));
#1412=VERTEX_POINT('',#1413);
#1413=CARTESIAN_POINT('',(4.1,2.0,-0.05));
#1414=CIRCLE('',#1415,0.2);
#1415=AXIS2_PLACEMENT_3D('',#1416,#1417,#1418);
#1416=CARTESIAN_POINT('',(3.9,2.0,-0.05));
#1417=DIRECTION('',(0.0,0.0,-1.0));
#1418=DIRECTION('',(0.0,1.0,0.0));
#1419=ORIENTED_EDGE('',*,*,#1420,.T.);
#1420=EDGE_CURVE('',#1412,#1421,#1423,.F.);
#1421=VERTEX_POINT('',#1422);
#1422=CARTESIAN_POINT('',(4.1,2.0,-0.45));
#1423=LINE('',#1424,#1425);
#1424=CARTESIAN_POINT('',(4.1,2.0,-0.45));
#1425=VECTOR('',#1426,1.0);
#1426=DIRECTION('',(0.0,0.0,1.0));
#1427=ORIENTED_EDGE('',*,*,#1428,.T.);
#1428=EDGE_CURVE('',#1421,#1429,#1431,.T.);
#1429=VERTEX_POINT('',#1430);
#1430=CARTESIAN_POINT('',(4.05,2.132287566,-0.45));
#1431=CIRCLE('',#1432,0.2);
#1432=AXIS2_PLACEMENT_3D('',#1433,#1434,#1435);
#1433=CARTESIAN_POINT('',(3.9,2.0,-0.45));
#1434=DIRECTION('',(0.0,0.0,1.0));
#1435=DIRECTION('',(1.0,0.0,0.0));
#1436=ORIENTED_EDGE('',*,*,#1437,.T.);
#1437=EDGE_CURVE('',#1429,#1438,#1440,.F.);
#1438=VERTEX_POINT('',#1439);
#1439=CARTESIAN_POINT('',(3.9,2.2,-0.6));
#1440=B_SPLINE_CURVE_WITH_KNOTS('',3,(#1441,#1442,#1443,#1444,#1445,#1446,#1447,#1448,#1449),.UNSPECIFIED.,.F.,.U.,(4,1,1,1,1,1,4),(0.0,0.162080169,0.260745086,0.392751948,0.504151094,0.75467605,1.0),.UNSPECIFIED.);
#1441=CARTESIAN_POINT('',(3.9,2.2,-0.6));
#1442=CARTESIAN_POINT('',(3.901062051,2.199980898,-0.586279714));
#1443=CARTESIAN_POINT('',(3.902770617,2.199950167,-0.564207321));
#1444=CARTESIAN_POINT('',(3.914774042,2.199624079,-0.533062294));
#1445=CARTESIAN_POINT('',(3.929970024,2.197977605,-0.50829388));
#1446=CARTESIAN_POINT('',(3.958391107,2.192356553,-0.478156417));
#1447=CARTESIAN_POINT('',(4.003760816,2.175675619,-0.453276299));
#1448=CARTESIAN_POINT('',(4.034695096,2.146648761,-0.451084436));
#1449=CARTESIAN_POINT('',(4.05,2.132287566,-0.45));
#1450=ORIENTED_EDGE('',*,*,#1451,.T.);
#1451=EDGE_CURVE('',#1438,#1410,#1452,.F.);
#1452=LINE('',#1453,#1454);
#1453=CARTESIAN_POINT('',(3.9,2.2,-0.05));
#1454=VECTOR('',#1455,1.0);
#1455=DIRECTION('',(0.0,0.0,-1.0));
#1456=CYLINDRICAL_SURFACE('',#1457,0.2);
#1457=AXIS2_PLACEMENT_3D('',#1458,#1459,#1460);
#1458=CARTESIAN_POINT('',(3.9,2.0,-0.611));
#1459=DIRECTION('',(0.0,0.0,-1.0));
#1460=DIRECTION('',(1.0,0.0,0.0));
#1461=ADVANCED_FACE('',(#1462),#1511,.T.);
#1462=FACE_BOUND('',#1463,.T.);
#1463=EDGE_LOOP('',(#1464,#1473,#1481,#1489,#1495,#1496,#1504,#1510));
#1464=ORIENTED_EDGE('',*,*,#1465,.T.);
#1465=EDGE_CURVE('',#874,#1466,#1468,.F.);
#1466=VERTEX_POINT('',#1467);
#1467=CARTESIAN_POINT('',(4.0,2.0,-0.05));
#1468=CIRCLE('',#1469,0.1);
#1469=AXIS2_PLACEMENT_3D('',#1470,#1471,#1472);
#1470=CARTESIAN_POINT('',(3.9,2.0,-0.05));
#1471=DIRECTION('',(0.0,0.0,1.0));
#1472=DIRECTION('',(1.0,0.0,0.0));
#1473=ORIENTED_EDGE('',*,*,#1474,.T.);
#1474=EDGE_CURVE('',#1466,#1475,#1477,.T.);
#1475=VERTEX_POINT('',#1476);
#1476=CARTESIAN_POINT('',(4.0,1.25,-0.05));
#1477=LINE('',#1478,#1479);
#1478=CARTESIAN_POINT('',(4.0,2.0,-0.05));
#1479=VECTOR('',#1480,1.0);
#1480=DIRECTION('',(0.0,-1.0,0.0));
#1481=ORIENTED_EDGE('',*,*,#1482,.T.);
#1482=EDGE_CURVE('',#1475,#1483,#1485,.T.);
#1483=VERTEX_POINT('',#1484);
#1484=CARTESIAN_POINT('',(4.1,1.25,-0.05));
#1485=LINE('',#1486,#1487);
#1486=CARTESIAN_POINT('',(4.0,1.25,-0.05));
#1487=VECTOR('',#1488,1.0);
#1488=DIRECTION('',(1.0,0.0,0.0));
#1489=ORIENTED_EDGE('',*,*,#1490,.T.);
#1490=EDGE_CURVE('',#1483,#1412,#1491,.T.);
#1491=LINE('',#1492,#1493);
#1492=CARTESIAN_POINT('',(4.1,1.25,-0.05));
#1493=VECTOR('',#1494,1.0);
#1494=DIRECTION('',(0.0,1.0,0.0));
#1495=ORIENTED_EDGE('',*,*,#1409,.F.);
#1496=ORIENTED_EDGE('',*,*,#1497,.T.);
#1497=EDGE_CURVE('',#1410,#1498,#1500,.F.);
#1498=VERTEX_POINT('',#1499);
#1499=CARTESIAN_POINT('',(3.45,2.2,-0.05));
#1500=LINE('',#1501,#1502);
#1501=CARTESIAN_POINT('',(3.45,2.2,-0.05));
#1502=VECTOR('',#1503,1.0);
#1503=DIRECTION('',(1.0,0.0,0.0));
#1504=ORIENTED_EDGE('',*,*,#1505,.T.);
#1505=EDGE_CURVE('',#1498,#882,#1506,.F.);
#1506=LINE('',#1507,#1508);
#1507=CARTESIAN_POINT('',(3.45,2.1,-0.05));
#1508=VECTOR('',#1509,1.0);
#1509=DIRECTION('',(0.0,1.0,0.0));
#1510=ORIENTED_EDGE('',*,*,#881,.F.);
#1511=PLANE('',#1512);
#1512=AXIS2_PLACEMENT_3D('',#1513,#1514,#1515);
#1513=CARTESIAN_POINT('',(3.775,1.725,-0.05));
#1514=DIRECTION('',(0.0,0.0,1.0));
#1515=DIRECTION('',(1.0,0.0,0.0));
#1516=ADVANCED_FACE('',(#1517),#1646,.T.);
#1517=FACE_BOUND('',#1518,.T.);
#1518=EDGE_LOOP('',(#1519,#1529,#1544,#1553,#1561,#1570));
#1519=ORIENTED_EDGE('',*,*,#1520,.T.);
#1520=EDGE_CURVE('',#1521,#1523,#1525,.F.);
#1521=VERTEX_POINT('',#1522);
#1522=CARTESIAN_POINT('',(3.3,2.2,-0.2));
#1523=VERTEX_POINT('',#1524);
#1524=CARTESIAN_POINT('',(1.3,2.2,-0.2));
#1525=LINE('',#1526,#1527);
#1526=CARTESIAN_POINT('',(1.3,2.2,-0.2));
#1527=VECTOR('',#1528,1.0);
#1528=DIRECTION('',(1.0,0.0,0.0));
#1529=ORIENTED_EDGE('',*,*,#1530,.T.);
#1530=EDGE_CURVE('',#1523,#1531,#1533,.F.);
#1531=VERTEX_POINT('',#1532);
#1532=CARTESIAN_POINT('',(1.45,2.132287566,-0.05));
#1533=B_SPLINE_CURVE_WITH_KNOTS('',3,(#1534,#1535,#1536,#1537,#1538,#1539,#1540,#1541,#1542,#1543),.UNSPECIFIED.,.F.,.U.,(4,1,1,1,1,1,1,4),(0.0,0.164520677,0.327483822,0.497029548,0.609321522,0.743050098,0.839574798,1.0),.UNSPECIFIED.);
#1534=CARTESIAN_POINT('',(1.45,2.132287566,-0.05));
#1535=CARTESIAN_POINT('',(1.449509694,2.142193202,-0.059877164));
#1536=CARTESIAN_POINT('',(1.448533723,2.161910699,-0.079537985));
#1537=CARTESIAN_POINT('',(1.436882873,2.182399837,-0.115422893));
#1538=CARTESIAN_POINT('',(1.416922449,2.193338886,-0.146200015));
#1539=CARTESIAN_POINT('',(1.391423234,2.197999985,-0.170305223));
#1540=CARTESIAN_POINT('',(1.366509625,2.199645121,-0.185434327));
#1541=CARTESIAN_POINT('',(1.335413813,2.199952749,-0.197284568));
#1542=CARTESIAN_POINT('',(1.3136119,2.199981838,-0.198956278));
#1543=CARTESIAN_POINT('',(1.3,2.2,-0.2));
#1544=ORIENTED_EDGE('',*,*,#1545,.T.);
#1545=EDGE_CURVE('',#1531,#1546,#1548,.T.);
#1546=VERTEX_POINT('',#1547);
#1547=CARTESIAN_POINT('',(1.45,2.0,-1.508053132E-15));
#1548=CIRCLE('',#1549,0.2);
#1549=AXIS2_PLACEMENT_3D('',#1550,#1551,#1552);
#1550=CARTESIAN_POINT('',(1.45,2.0,-0.2));
#1551=DIRECTION('',(1.0,0.0,0.0));
#1552=DIRECTION('',(0.0,0.661437828,0.75));
#1553=ORIENTED_EDGE('',*,*,#1554,.T.);
#1554=EDGE_CURVE('',#1546,#1555,#1557,.T.);
#1555=VERTEX_POINT('',#1556);
#1556=CARTESIAN_POINT('',(3.15,2.0,-4.766210768E-23));
#1557=LINE('',#1558,#1559);
#1558=CARTESIAN_POINT('',(1.45,2.0,0.0));
#1559=VECTOR('',#1560,1.0);
#1560=DIRECTION('',(1.0,0.0,0.0));
#1561=ORIENTED_EDGE('',*,*,#1562,.T.);
#1562=EDGE_CURVE('',#1555,#1563,#1565,.T.);
#1563=VERTEX_POINT('',#1564);
#1564=CARTESIAN_POINT('',(3.15,2.132287566,-0.05));
#1565=CIRCLE('',#1566,0.2);
#1566=AXIS2_PLACEMENT_3D('',#1567,#1568,#1569);
#1567=CARTESIAN_POINT('',(3.15,2.0,-0.2));
#1568=DIRECTION('',(-1.0,0.0,0.0));
#1569=DIRECTION('',(0.0,0.0,1.0));
#1570=ORIENTED_EDGE('',*,*,#1571,.T.);
#1571=EDGE_CURVE('',#1563,#1521,#1572,.T.);
#1572=B_SPLINE_CURVE_WITH_KNOTS('',3,(#1573,#1574,#1575,#1576,#1577,#1578,#1579,#1580,#1581,#1582,#1583,#1584,#1585,#1586,#1587,#1588,#1589,#1590,#1591,#1592,#1593,#1594,#1595,#1596,#1597,#1598,#1599,#1600,#1601,#1602,#1603,#1604,#1605,#1606,#1607,#1608,#1609,#1610,#1611,#1612,#1613,#1614,#1615,#1616,#1617,#1618,#1619,#1620,#1621,#1622,#1623,#1624,#1625,#1626,#1627,#1628,#1629,#1630,#1631,#1632,#1633,#1634,#1635,#1636,#1637,#1638,#1639,#1640,#1641,#1642,#1643,#1644,#1645),.UNSPECIFIED.,.F.,.U.,(4,1,1,1,1,1,1,1,1,1,1,1,1,1,1,1,1,1,1,1,1,1,1,1,1,1,1,1,1,1,1,1,1,1,1,1,1,1,1,1,1,1,1,1,1,1,1,1,1,1,1,1,1,1,1,1,1,1,1,1,1,1,1,1,1,1,1,1,1,1,4),(0.0,0.140603545,0.268902356,0.38857725,0.504141794,0.741579166,0.993320259,0.993424493,0.993528727,0.99363297,0.993737212,0.993841464,0.993945716,0.994049977,0.994154238,0.994258507,0.994362777,0.994467056,0.994571334,0.994675622,0.994779909,0.994884206,0.994988502,0.995092808,0.995197113,0.995301427,0.995405741,0.995510065,0.995614388,0.99571872,0.995823052,0.995927392,0.996031733,0.996136083,0.996240432,0.996344791,0.996449149,0.996553516,0.996657884,0.99676226,0.996866636,0.99697102,0.997075405,0.997179799,0.997284192,0.997388594,0.997492996,0.997597407,0.997701818,0.997806238,0.997910658,0.998015086,0.998119514,0.998223951,0.998328388,0.998432834,0.998537279,0.998641734,0.998746188,0.998850651,0.998955114,0.999059585,0.999164057,0.999268537,0.999373017,0.999477505,0.999581994,0.999686491,0.999790988,0.999895494,1.0),.UNSPECIFIED.);
#1573=CARTESIAN_POINT('',(3.15,2.132287566,-0.05));
#1574=CARTESIAN_POINT('',(3.150410633,2.140800634,-0.058325643));
#1575=CARTESIAN_POINT('',(3.151195963,2.15708176,-0.074248322));
#1576=CARTESIAN_POINT('',(3.158453042,2.174797625,-0.101375468));
#1577=CARTESIAN_POINT('',(3.170427713,2.186903163,-0.127173472));
#1578=CARTESIAN_POINT('',(3.193364435,2.19676951,-0.158731662));
#1579=CARTESIAN_POINT('',(3.235386373,2.200337126,-0.190214433));
#1580=CARTESIAN_POINT('',(3.277079889,2.19999997,-0.19999758));
#1581=CARTESIAN_POINT('',(3.298335758,2.2,-0.200000004));
#1582=CARTESIAN_POINT('',(3.29836214,2.2,-0.199999998));
#1583=CARTESIAN_POINT('',(3.298388523,2.2,-0.200000005));
#1584=CARTESIAN_POINT('',(3.298414907,2.2,-0.199999998));
#1585=CARTESIAN_POINT('',(3.298441292,2.2,-0.200000005));
#1586=CARTESIAN_POINT('',(3.298467679,2.2,-0.199999998));
#1587=CARTESIAN_POINT('',(3.298494066,2.2,-0.200000005));
#1588=CARTESIAN_POINT('',(3.298520455,2.2,-0.199999998));
#1589=CARTESIAN_POINT('',(3.298546844,2.2,-0.200000005));
#1590=CARTESIAN_POINT('',(3.298573236,2.2,-0.199999998));
#1591=CARTESIAN_POINT('',(3.298599627,2.2,-0.200000005));
#1592=CARTESIAN_POINT('',(3.298626021,2.2,-0.199999998));
#1593=CARTESIAN_POINT('',(3.298652415,2.2,-0.200000005));
#1594=CARTESIAN_POINT('',(3.298678811,2.2,-0.199999998));
#1595=CARTESIAN_POINT('',(3.298705207,2.2,-0.200000005));
#1596=CARTESIAN_POINT('',(3.298731605,2.2,-0.199999998));
#1597=CARTESIAN_POINT('',(3.298758004,2.2,-0.200000005));
#1598=CARTESIAN_POINT('',(3.298784404,2.2,-0.199999998));
#1599=CARTESIAN_POINT('',(3.298810805,2.2,-0.200000005));
#1600=CARTESIAN_POINT('',(3.298837207,2.2,-0.199999998));
#1601=CARTESIAN_POINT('',(3.29886361,2.2,-0.200000005));
#1602=CARTESIAN_POINT('',(3.298890015,2.2,-0.199999998));
#1603=CARTESIAN_POINT('',(3.29891642,2.2,-0.200000005));
#1604=CARTESIAN_POINT('',(3.298942827,2.2,-0.199999998));
#1605=CARTESIAN_POINT('',(3.298969235,2.2,-0.200000005));
#1606=CARTESIAN_POINT('',(3.298995644,2.2,-0.199999998));
#1607=CARTESIAN_POINT('',(3.299022054,2.2,-0.200000005));
#1608=CARTESIAN_POINT('',(3.299048465,2.2,-0.199999998));
#1609=CARTESIAN_POINT('',(3.299074877,2.2,-0.200000005));
#1610=CARTESIAN_POINT('',(3.299101291,2.2,-0.199999998));
#1611=CARTESIAN_POINT('',(3.299127705,2.2,-0.200000005));
#1612=CARTESIAN_POINT('',(3.299154121,2.2,-0.199999998));
#1613=CARTESIAN_POINT('',(3.299180537,2.2,-0.200000005));
#1614=CARTESIAN_POINT('',(3.299206955,2.2,-0.199999998));
#1615=CARTESIAN_POINT('',(3.299233374,2.2,-0.200000005));
#1616=CARTESIAN_POINT('',(3.299259794,2.2,-0.199999998));
#1617=CARTESIAN_POINT('',(3.299286215,2.2,-0.200000005));
#1618=CARTESIAN_POINT('',(3.299312637,2.2,-0.199999998));
#1619=CARTESIAN_POINT('',(3.299339061,2.2,-0.200000005));
#1620=CARTESIAN_POINT('',(3.299365485,2.2,-0.199999998));
#1621=CARTESIAN_POINT('',(3.299391911,2.2,-0.200000005));
#1622=CARTESIAN_POINT('',(3.299418337,2.2,-0.199999998));
#1623=CARTESIAN_POINT('',(3.299444765,2.2,-0.200000005));
#1624=CARTESIAN_POINT('',(3.299471194,2.2,-0.199999998));
#1625=CARTESIAN_POINT('',(3.299497624,2.2,-0.200000005));
#1626=CARTESIAN_POINT('',(3.299524055,2.2,-0.199999998));
#1627=CARTESIAN_POINT('',(3.299550487,2.2,-0.200000005));
#1628=CARTESIAN_POINT('',(3.299576921,2.2,-0.199999998));
#1629=CARTESIAN_POINT('',(3.299603355,2.2,-0.200000005));
#1630=CARTESIAN_POINT('',(3.29962979,2.2,-0.199999998));
#1631=CARTESIAN_POINT('',(3.299656227,2.2,-0.200000005));
#1632=CARTESIAN_POINT('',(3.299682664,2.2,-0.199999998));
#1633=CARTESIAN_POINT('',(3.299709103,2.2,-0.200000005));
#1634=CARTESIAN_POINT('',(3.299735543,2.2,-0.199999998));
#1635=CARTESIAN_POINT('',(3.299761984,2.2,-0.200000005));
#1636=CARTESIAN_POINT('',(3.299788426,2.2,-0.199999998));
#1637=CARTESIAN_POINT('',(3.299814869,2.2,-0.200000005));
#1638=CARTESIAN_POINT('',(3.299841313,2.2,-0.199999998));
#1639=CARTESIAN_POINT('',(3.299867758,2.2,-0.200000005));
#1640=CARTESIAN_POINT('',(3.299894205,2.2,-0.199999998));
#1641=CARTESIAN_POINT('',(3.299920652,2.2,-0.200000005));
#1642=CARTESIAN_POINT('',(3.299947101,2.2,-0.199999998));
#1643=CARTESIAN_POINT('',(3.29997355,2.2,-0.200000004));
#1644=CARTESIAN_POINT('',(3.299991183,2.2,-0.200000001));
#1645=CARTESIAN_POINT('',(3.3,2.2,-0.2));
#1646=CYLINDRICAL_SURFACE('',#1647,0.2);
#1647=AXIS2_PLACEMENT_3D('',#1648,#1649,#1650);
#1648=CARTESIAN_POINT('',(1.26,2.0,-0.2));
#1649=DIRECTION('',(-1.0,0.0,0.0));
#1650=DIRECTION('',(0.0,1.0,0.0));
#1651=ADVANCED_FACE('',(#1652),#1703,.T.);
#1652=FACE_BOUND('',#1653,.T.);
#1653=EDGE_LOOP('',(#1654,#1664,#1673,#1681,#1696));
#1654=ORIENTED_EDGE('',*,*,#1655,.T.);
#1655=EDGE_CURVE('',#1656,#1658,#1660,.F.);
#1656=VERTEX_POINT('',#1657);
#1657=CARTESIAN_POINT('',(0.5,2.0,-0.45));
#1658=VERTEX_POINT('',#1659);
#1659=CARTESIAN_POINT('',(0.5,2.0,-0.05));
#1660=LINE('',#1661,#1662);
#1661=CARTESIAN_POINT('',(0.5,2.0,-0.05));
#1662=VECTOR('',#1663,1.0);
#1663=DIRECTION('',(0.0,0.0,-1.0));
#1664=ORIENTED_EDGE('',*,*,#1665,.T.);
#1665=EDGE_CURVE('',#1658,#1666,#1668,.T.);
#1666=VERTEX_POINT('',#1667);
#1667=CARTESIAN_POINT('',(0.7,2.2,-0.05));
#1668=CIRCLE('',#1669,0.2);
#1669=AXIS2_PLACEMENT_3D('',#1670,#1671,#1672);
#1670=CARTESIAN_POINT('',(0.7,2.0,-0.05));
#1671=DIRECTION('',(0.0,0.0,-1.0));
#1672=DIRECTION('',(-1.0,0.0,0.0));
#1673=ORIENTED_EDGE('',*,*,#1674,.T.);
#1674=EDGE_CURVE('',#1666,#1675,#1677,.F.);
#1675=VERTEX_POINT('',#1676);
#1676=CARTESIAN_POINT('',(0.7,2.2,-0.6));
#1677=LINE('',#1678,#1679);
#1678=CARTESIAN_POINT('',(0.7,2.2,-0.6));
#1679=VECTOR('',#1680,1.0);
#1680=DIRECTION('',(0.0,0.0,1.0));
#1681=ORIENTED_EDGE('',*,*,#1682,.T.);
#1682=EDGE_CURVE('',#1675,#1683,#1685,.F.);
#1683=VERTEX_POINT('',#1684);
#1684=CARTESIAN_POINT('',(0.55,2.132287566,-0.45));
#1685=B_SPLINE_CURVE_WITH_KNOTS('',3,(#1686,#1687,#1688,#1689,#1690,#1691,#1692,#1693,#1694,#1695),.UNSPECIFIED.,.F.,.U.,(4,1,1,1,1,1,1,4),(0.0,0.165836319,0.330200606,0.501422596,0.611626966,0.742654187,0.839763443,1.0),.UNSPECIFIED.);
#1686=CARTESIAN_POINT('',(0.55,2.132287566,-0.45));
#1687=CARTESIAN_POINT('',(0.559962642,2.142267685,-0.450498317));
#1688=CARTESIAN_POINT('',(0.579799494,2.162139337,-0.451490528));
#1689=CARTESIAN_POINT('',(0.616041327,2.182701862,-0.463371227));
#1690=CARTESIAN_POINT('',(0.646820092,2.193508012,-0.483589801));
#1691=CARTESIAN_POINT('',(0.670598888,2.198039927,-0.509035549));
#1692=CARTESIAN_POINT('',(0.685497035,2.199642253,-0.533657899));
#1693=CARTESIAN_POINT('',(0.697285877,2.199951981,-0.564569989));
#1694=CARTESIAN_POINT('',(0.698958525,2.199981574,-0.586404639));
#1695=CARTESIAN_POINT('',(0.7,2.2,-0.6));
#1696=ORIENTED_EDGE('',*,*,#1697,.T.);
#1697=EDGE_CURVE('',#1683,#1656,#1698,.T.);
#1698=CIRCLE('',#1699,0.2);
#1699=AXIS2_PLACEMENT_3D('',#1700,#1701,#1702);
#1700=CARTESIAN_POINT('',(0.7,2.0,-0.45));
#1701=DIRECTION('',(0.0,0.0,1.0));
#1702=DIRECTION('',(-0.75,0.661437828,0.0));
#1703=CYLINDRICAL_SURFACE('',#1704,0.2);
#1704=AXIS2_PLACEMENT_3D('',#1705,#1706,#1707);
#1705=CARTESIAN_POINT('',(0.7,2.0,-0.039));
#1706=DIRECTION('',(0.0,0.0,1.0));
#1707=DIRECTION('',(-1.0,0.0,0.0));
#1708=ADVANCED_FACE('',(#1709),#1741,.T.);
#1709=FACE_BOUND('',#1710,.T.);
#1710=EDGE_LOOP('',(#1711,#1719,#1725,#1726,#1732,#1733,#1739,#1740));
#1711=ORIENTED_EDGE('',*,*,#1712,.T.);
#1712=EDGE_CURVE('',#322,#1713,#1715,.T.);
#1713=VERTEX_POINT('',#1714);
#1714=CARTESIAN_POINT('',(1.15,2.2,-0.05));
#1715=LINE('',#1716,#1717);
#1716=CARTESIAN_POINT('',(1.15,2.1,-0.05));
#1717=VECTOR('',#1718,1.0);
#1718=DIRECTION('',(0.0,1.0,0.0));
#1719=ORIENTED_EDGE('',*,*,#1720,.T.);
#1720=EDGE_CURVE('',#1713,#1666,#1721,.F.);
#1721=LINE('',#1722,#1723);
#1722=CARTESIAN_POINT('',(0.7,2.2,-0.05));
#1723=VECTOR('',#1724,1.0);
#1724=DIRECTION('',(1.0,0.0,0.0));
#1725=ORIENTED_EDGE('',*,*,#1665,.F.);
#1726=ORIENTED_EDGE('',*,*,#1727,.T.);
#1727=EDGE_CURVE('',#1658,#639,#1728,.T.);
#1728=LINE('',#1729,#1730);
#1729=CARTESIAN_POINT('',(0.5,2.0,-0.05));
#1730=VECTOR('',#1731,1.0);
#1731=DIRECTION('',(0.0,-1.0,0.0));
#1732=ORIENTED_EDGE('',*,*,#636,.F.);
#1733=ORIENTED_EDGE('',*,*,#1734,.T.);
#1734=EDGE_CURVE('',#637,#260,#1735,.F.);
#1735=LINE('',#1736,#1737);
#1736=CARTESIAN_POINT('',(0.6,2.0,-0.05));
#1737=VECTOR('',#1738,1.0);
#1738=DIRECTION('',(0.0,-1.0,0.0));
#1739=ORIENTED_EDGE('',*,*,#257,.F.);
#1740=ORIENTED_EDGE('',*,*,#330,.F.);
#1741=PLANE('',#1742);
#1742=AXIS2_PLACEMENT_3D('',#1743,#1744,#1745);
#1743=CARTESIAN_POINT('',(0.825,1.725,-0.05));
#1744=DIRECTION('',(0.0,0.0,1.0));
#1745=DIRECTION('',(1.0,0.0,0.0));
#1746=ADVANCED_FACE('',(#1747),#1773,.F.);
#1747=FACE_BOUND('',#1748,.T.);
#1748=EDGE_LOOP('',(#1749,#1755,#1761,#1767));
#1749=ORIENTED_EDGE('',*,*,#1750,.T.);
#1750=EDGE_CURVE('',#235,#1675,#1751,.T.);
#1751=LINE('',#1752,#1753);
#1752=CARTESIAN_POINT('',(0.7,2.1,-0.6));
#1753=VECTOR('',#1754,1.0);
#1754=DIRECTION('',(0.0,1.0,0.0));
#1755=ORIENTED_EDGE('',*,*,#1756,.T.);
#1756=EDGE_CURVE('',#1675,#98,#1757,.F.);
#1757=LINE('',#1758,#1759);
#1758=CARTESIAN_POINT('',(0.7,2.2,-1.3));
#1759=VECTOR('',#1760,1.0);
#1760=DIRECTION('',(0.0,0.0,1.0));
#1761=ORIENTED_EDGE('',*,*,#1762,.T.);
#1762=EDGE_CURVE('',#98,#194,#1763,.F.);
#1763=LINE('',#1764,#1765);
#1764=CARTESIAN_POINT('',(0.7,2.1,-1.3));
#1765=VECTOR('',#1766,1.0);
#1766=DIRECTION('',(0.0,1.0,0.0));
#1767=ORIENTED_EDGE('',*,*,#1768,.T.);
#1768=EDGE_CURVE('',#194,#235,#1769,.T.);
#1769=LINE('',#1770,#1771);
#1770=CARTESIAN_POINT('',(0.7,2.1,-1.3));
#1771=VECTOR('',#1772,1.0);
#1772=DIRECTION('',(0.0,0.0,1.0));
#1773=PLANE('',#1774);
#1774=AXIS2_PLACEMENT_3D('',#1775,#1776,#1777);
#1775=CARTESIAN_POINT('',(0.7,2.15,-0.95));
#1776=DIRECTION('',(1.0,0.0,0.0));
#1777=DIRECTION('',(0.0,1.0,0.0));
#1778=ADVANCED_FACE('',(#1779),#1813,.T.);
#1779=FACE_BOUND('',#1780,.T.);
#1780=EDGE_LOOP('',(#1781,#1791,#1799,#1807));
#1781=ORIENTED_EDGE('',*,*,#1782,.T.);
#1782=EDGE_CURVE('',#1783,#1785,#1787,.T.);
#1783=VERTEX_POINT('',#1784);
#1784=CARTESIAN_POINT('',(0.7,1.2,-2.9));
#1785=VERTEX_POINT('',#1786);
#1786=CARTESIAN_POINT('',(0.675,1.2,-2.9));
#1787=LINE('',#1788,#1789);
#1788=CARTESIAN_POINT('',(0.7,1.2,-2.9));
#1789=VECTOR('',#1790,1.0);
#1790=DIRECTION('',(-1.0,0.0,0.0));
#1791=ORIENTED_EDGE('',*,*,#1792,.T.);
#1792=EDGE_CURVE('',#1785,#1793,#1795,.T.);
#1793=VERTEX_POINT('',#1794);
#1794=CARTESIAN_POINT('',(0.675,0.8,-2.9));
#1795=LINE('',#1796,#1797);
#1796=CARTESIAN_POINT('',(0.675,1.2,-2.9));
#1797=VECTOR('',#1798,1.0);
#1798=DIRECTION('',(0.0,-1.0,0.0));
#1799=ORIENTED_EDGE('',*,*,#1800,.T.);
#1800=EDGE_CURVE('',#1793,#1801,#1803,.T.);
#1801=VERTEX_POINT('',#1802);
#1802=CARTESIAN_POINT('',(0.7,0.8,-2.9));
#1803=LINE('',#1804,#1805);
#1804=CARTESIAN_POINT('',(0.675,0.8,-2.9));
#1805=VECTOR('',#1806,1.0);
#1806=DIRECTION('',(1.0,0.0,0.0));
#1807=ORIENTED_EDGE('',*,*,#1808,.T.);
#1808=EDGE_CURVE('',#1801,#1783,#1809,.F.);
#1809=LINE('',#1810,#1811);
#1810=CARTESIAN_POINT('',(0.7,1.2,-2.9));
#1811=VECTOR('',#1812,1.0);
#1812=DIRECTION('',(0.0,-1.0,0.0));
#1813=PLANE('',#1814);
#1814=AXIS2_PLACEMENT_3D('',#1815,#1816,#1817);
#1815=CARTESIAN_POINT('',(2.3,1.4,-2.9));
#1816=DIRECTION('',(0.0,0.0,1.0));
#1817=DIRECTION('',(1.0,0.0,0.0));
#1818=ADVANCED_FACE('',(#1819),#1852,.F.);
#1819=FACE_BOUND('',#1820,.T.);
#1820=EDGE_LOOP('',(#1821,#1829,#1837,#1845,#1851));
#1821=ORIENTED_EDGE('',*,*,#1822,.T.);
#1822=EDGE_CURVE('',#1801,#1823,#1825,.F.);
#1823=VERTEX_POINT('',#1824);
#1824=CARTESIAN_POINT('',(0.7,0.0,-2.9));
#1825=LINE('',#1826,#1827);
#1826=CARTESIAN_POINT('',(0.7,0.0,-2.9));
#1827=VECTOR('',#1828,1.0);
#1828=DIRECTION('',(0.0,1.0,0.0));
#1829=ORIENTED_EDGE('',*,*,#1830,.T.);
#1830=EDGE_CURVE('',#1823,#1831,#1833,.F.);
#1831=VERTEX_POINT('',#1832);
#1832=CARTESIAN_POINT('',(0.7,0.0,-2.6));
#1833=LINE('',#1834,#1835);
#1834=CARTESIAN_POINT('',(0.7,0.0,-2.6));
#1835=VECTOR('',#1836,1.0);
#1836=DIRECTION('',(0.0,0.0,-1.0));
#1837=ORIENTED_EDGE('',*,*,#1838,.T.);
#1838=EDGE_CURVE('',#1831,#1839,#1841,.F.);
#1839=VERTEX_POINT('',#1840);
#1840=CARTESIAN_POINT('',(0.7,1.2,-2.6));
#1841=LINE('',#1842,#1843);
#1842=CARTESIAN_POINT('',(0.7,1.2,-2.6));
#1843=VECTOR('',#1844,1.0);
#1844=DIRECTION('',(0.0,-1.0,0.0));
#1845=ORIENTED_EDGE('',*,*,#1846,.T.);
#1846=EDGE_CURVE('',#1839,#1783,#1847,.T.);
#1847=LINE('',#1848,#1849);
#1848=CARTESIAN_POINT('',(0.7,1.2,-2.6));
#1849=VECTOR('',#1850,1.0);
#1850=DIRECTION('',(0.0,0.0,-1.0));
#1851=ORIENTED_EDGE('',*,*,#1808,.F.);
#1852=PLANE('',#1853);
#1853=AXIS2_PLACEMENT_3D('',#1854,#1855,#1856);
#1854=CARTESIAN_POINT('',(0.7,0.6,-2.75));
#1855=DIRECTION('',(1.0,0.0,0.0));
#1856=DIRECTION('',(0.0,1.0,0.0));
#1857=ADVANCED_FACE('',(#1858),#1916,.F.);
#1858=FACE_BOUND('',#1859,.T.);
#1859=EDGE_LOOP('',(#1860,#1861,#1869,#1877,#1885,#1894,#1902,#1910));
#1860=ORIENTED_EDGE('',*,*,#1800,.F.);
#1861=ORIENTED_EDGE('',*,*,#1862,.T.);
#1862=EDGE_CURVE('',#1793,#1863,#1865,.F.);
#1863=VERTEX_POINT('',#1864);
#1864=CARTESIAN_POINT('',(0.432189121,0.8,-2.790964717));
#1865=LINE('',#1866,#1867);
#1866=CARTESIAN_POINT('',(0.432189121,0.8,-2.790964717));
#1867=VECTOR('',#1868,1.0);
#1868=DIRECTION('',(0.912244046,0.0,-0.409647165));
#1869=ORIENTED_EDGE('',*,*,#1870,.T.);
#1870=EDGE_CURVE('',#1863,#1871,#1873,.F.);
#1871=VERTEX_POINT('',#1872);
#1872=CARTESIAN_POINT('',(0.391224405,0.8,-2.882189121));
#1873=LINE('',#1874,#1875);
#1874=CARTESIAN_POINT('',(0.391224405,0.8,-2.882189121));
#1875=VECTOR('',#1876,1.0);
#1876=DIRECTION('',(0.409647165,0.0,0.912244046));
#1877=ORIENTED_EDGE('',*,*,#1878,.T.);
#1878=EDGE_CURVE('',#1871,#1879,#1881,.F.);
#1879=VERTEX_POINT('',#1880);
#1880=CARTESIAN_POINT('',(0.594950504,0.8,-2.973673214));
#1881=LINE('',#1882,#1883);
#1882=CARTESIAN_POINT('',(0.594950504,0.8,-2.973673214));
#1883=VECTOR('',#1884,1.0);
#1884=DIRECTION('',(-0.912244046,0.0,0.409647165));
#1885=ORIENTED_EDGE('',*,*,#1886,.T.);
#1886=EDGE_CURVE('',#1879,#1887,#1889,.F.);
#1887=VERTEX_POINT('',#1888);
#1888=CARTESIAN_POINT('',(0.717844653,0.8,-3.0));
#1889=CIRCLE('',#1890,0.3);
#1890=AXIS2_PLACEMENT_3D('',#1891,#1892,#1893);
#1891=CARTESIAN_POINT('',(0.717844653,0.8,-2.7));
#1892=DIRECTION('',(0.0,1.0,0.0));
#1893=DIRECTION('',(0.0,0.0,-1.0));
#1894=ORIENTED_EDGE('',*,*,#1895,.T.);
#1895=EDGE_CURVE('',#1887,#1896,#1898,.F.);
#1896=VERTEX_POINT('',#1897);
#1897=CARTESIAN_POINT('',(1.05,0.8,-3.0));
#1898=LINE('',#1899,#1900);
#1899=CARTESIAN_POINT('',(1.05,0.8,-3.0));
#1900=VECTOR('',#1901,1.0);
#1901=DIRECTION('',(-1.0,0.0,0.0));
#1902=ORIENTED_EDGE('',*,*,#1903,.T.);
#1903=EDGE_CURVE('',#1896,#1904,#1906,.T.);
#1904=VERTEX_POINT('',#1905);
#1905=CARTESIAN_POINT('',(1.05,0.8,-2.9));
#1906=LINE('',#1907,#1908);
#1907=CARTESIAN_POINT('',(1.05,0.8,-3.0));
#1908=VECTOR('',#1909,1.0);
#1909=DIRECTION('',(0.0,0.0,1.0));
#1910=ORIENTED_EDGE('',*,*,#1911,.T.);
#1911=EDGE_CURVE('',#1904,#1801,#1912,.F.);
#1912=LINE('',#1913,#1914);
#1913=CARTESIAN_POINT('',(0.7,0.8,-2.9));
#1914=VECTOR('',#1915,1.0);
#1915=DIRECTION('',(1.0,0.0,0.0));
#1916=PLANE('',#1917);
#1917=AXIS2_PLACEMENT_3D('',#1918,#1919,#1920);
#1918=CARTESIAN_POINT('',(0.720612202,0.8,-2.895482358));
#1919=DIRECTION('',(0.0,1.0,0.0));
#1920=DIRECTION('',(1.0,0.0,0.0));
#1921=ADVANCED_FACE('',(#1922),#1958,.T.);
#1922=FACE_BOUND('',#1923,.T.);
#1923=EDGE_LOOP('',(#1924,#1935,#1943,#1950,#1951,#1952));
#1924=ORIENTED_EDGE('',*,*,#1925,.T.);
#1925=EDGE_CURVE('',#1926,#1928,#1930,.F.);
#1926=VERTEX_POINT('',#1927);
#1927=CARTESIAN_POINT('',(0.432189121,1.2,-2.790964717));
#1928=VERTEX_POINT('',#1929);
#1929=CARTESIAN_POINT('',(0.340964717,1.1,-2.75));
#1930=CIRCLE('',#1931,0.1);
#1931=AXIS2_PLACEMENT_3D('',#1932,#1933,#1934);
#1932=CARTESIAN_POINT('',(0.432189121,1.1,-2.790964717));
#1933=DIRECTION('',(-0.409647165,0.0,-0.912244046));
#1934=DIRECTION('',(-0.912244046,0.0,0.409647165));
#1935=ORIENTED_EDGE('',*,*,#1936,.T.);
#1936=EDGE_CURVE('',#1928,#1937,#1939,.T.);
#1937=VERTEX_POINT('',#1938);
#1938=CARTESIAN_POINT('',(0.340964717,0.9,-2.75));
#1939=LINE('',#1940,#1941);
#1940=CARTESIAN_POINT('',(0.340964717,1.1,-2.75));
#1941=VECTOR('',#1942,1.0);
#1942=DIRECTION('',(0.0,-1.0,0.0));
#1943=ORIENTED_EDGE('',*,*,#1944,.T.);
#1944=EDGE_CURVE('',#1937,#1863,#1945,.F.);
#1945=CIRCLE('',#1946,0.1);
#1946=AXIS2_PLACEMENT_3D('',#1947,#1948,#1949);
#1947=CARTESIAN_POINT('',(0.432189121,0.9,-2.790964717));
#1948=DIRECTION('',(-0.409647165,0.0,-0.912244046));
#1949=DIRECTION('',(0.0,-1.0,0.0));
#1950=ORIENTED_EDGE('',*,*,#1862,.F.);
#1951=ORIENTED_EDGE('',*,*,#1792,.F.);
#1952=ORIENTED_EDGE('',*,*,#1953,.T.);
#1953=EDGE_CURVE('',#1785,#1926,#1954,.T.);
#1954=LINE('',#1955,#1956);
#1955=CARTESIAN_POINT('',(0.675,1.2,-2.9));
#1956=VECTOR('',#1957,1.0);
#1957=DIRECTION('',(-0.912244046,0.0,0.409647165));
#1958=PLANE('',#1959);
#1959=AXIS2_PLACEMENT_3D('',#1960,#1961,#1962);
#1960=CARTESIAN_POINT('',(0.507982358,1.0,-2.825));
#1961=DIRECTION('',(0.409647165,0.0,0.912244046));
#1962=DIRECTION('',(0.0,-1.0,0.0));
#1963=ADVANCED_FACE('',(#1964),#2016,.F.);
#1964=FACE_BOUND('',#1965,.T.);
#1965=EDGE_LOOP('',(#1966,#1967,#1975,#1983,#1991,#2000,#2008,#2014,#2015));
#1966=ORIENTED_EDGE('',*,*,#1846,.F.);
#1967=ORIENTED_EDGE('',*,*,#1968,.T.);
#1968=EDGE_CURVE('',#1839,#1969,#1971,.F.);
#1969=VERTEX_POINT('',#1970);
#1970=CARTESIAN_POINT('',(0.1,1.2,-2.6));
#1971=LINE('',#1972,#1973);
#1972=CARTESIAN_POINT('',(0.1,1.2,-2.6));
#1973=VECTOR('',#1974,1.0);
#1974=DIRECTION('',(1.0,0.0,0.0));
#1975=ORIENTED_EDGE('',*,*,#1976,.T.);
#1976=EDGE_CURVE('',#1969,#1977,#1979,.F.);
#1977=VERTEX_POINT('',#1978);
#1978=CARTESIAN_POINT('',(0.1,1.2,-3.0));
#1979=LINE('',#1980,#1981);
#1980=CARTESIAN_POINT('',(0.1,1.2,-3.0));
#1981=VECTOR('',#1982,1.0);
#1982=DIRECTION('',(0.0,0.0,1.0));
#1983=ORIENTED_EDGE('',*,*,#1984,.T.);
#1984=EDGE_CURVE('',#1977,#1985,#1987,.T.);
#1985=VERTEX_POINT('',#1986);
#1986=CARTESIAN_POINT('',(0.700313981,1.199999881,-2.999714522));
#1987=LINE('',#1988,#1989);
#1988=CARTESIAN_POINT('',(0.35,1.2,-3.0));
#1989=VECTOR('',#1990,1.0);
#1990=DIRECTION('',(1.0,0.0,0.0));
#1991=ORIENTED_EDGE('',*,*,#1992,.T.);
#1992=EDGE_CURVE('',#1985,#1993,#1995,.T.);
#1993=VERTEX_POINT('',#1994);
#1994=CARTESIAN_POINT('',(0.594950504,1.2,-2.973673214));
#1995=CIRCLE('',#1996,0.3);
#1996=AXIS2_PLACEMENT_3D('',#1997,#1998,#1999);
#1997=CARTESIAN_POINT('',(0.717844653,1.2,-2.7));
#1998=DIRECTION('',(0.0,1.0,0.0));
#1999=DIRECTION('',(-0.057556507,0.0,-0.99834225));
#2000=ORIENTED_EDGE('',*,*,#2001,.T.);
#2001=EDGE_CURVE('',#1993,#2002,#2004,.F.);
#2002=VERTEX_POINT('',#2003);
#2003=CARTESIAN_POINT('',(0.391224405,1.2,-2.882189121));
#2004=LINE('',#2005,#2006);
#2005=CARTESIAN_POINT('',(0.391224405,1.2,-2.882189121));
#2006=VECTOR('',#2007,1.0);
#2007=DIRECTION('',(0.912244046,0.0,-0.409647165));
#2008=ORIENTED_EDGE('',*,*,#2009,.T.);
#2009=EDGE_CURVE('',#2002,#1926,#2010,.T.);
#2010=LINE('',#2011,#2012);
#2011=CARTESIAN_POINT('',(0.391224405,1.2,-2.882189121));
#2012=VECTOR('',#2013,1.0);
#2013=DIRECTION('',(0.409647165,0.0,0.912244046));
#2014=ORIENTED_EDGE('',*,*,#1953,.F.);
#2015=ORIENTED_EDGE('',*,*,#1782,.F.);
#2016=PLANE('',#2017);
#2017=AXIS2_PLACEMENT_3D('',#2018,#2019,#2020);
#2018=CARTESIAN_POINT('',(0.4,1.2,-2.8));
#2019=DIRECTION('',(0.0,1.0,0.0));
#2020=DIRECTION('',(1.0,0.0,0.0));
#2021=ADVANCED_FACE('',(#2022),#2040,.F.);
#2022=FACE_BOUND('',#2023,.T.);
#2023=EDGE_LOOP('',(#2024,#2025,#2026,#2034));
#2024=ORIENTED_EDGE('',*,*,#1968,.F.);
#2025=ORIENTED_EDGE('',*,*,#1838,.F.);
#2026=ORIENTED_EDGE('',*,*,#2027,.T.);
#2027=EDGE_CURVE('',#1831,#2028,#2030,.F.);
#2028=VERTEX_POINT('',#2029);
#2029=CARTESIAN_POINT('',(0.1,0.0,-2.6));
#2030=LINE('',#2031,#2032);
#2031=CARTESIAN_POINT('',(0.1,0.0,-2.6));
#2032=VECTOR('',#2033,1.0);
#2033=DIRECTION('',(1.0,0.0,0.0));
#2034=ORIENTED_EDGE('',*,*,#2035,.T.);
#2035=EDGE_CURVE('',#2028,#1969,#2036,.F.);
#2036=LINE('',#2037,#2038);
#2037=CARTESIAN_POINT('',(0.1,1.2,-2.6));
#2038=VECTOR('',#2039,1.0);
#2039=DIRECTION('',(0.0,-1.0,0.0));
#2040=PLANE('',#2041);
#2041=AXIS2_PLACEMENT_3D('',#2042,#2043,#2044);
#2042=CARTESIAN_POINT('',(0.4,0.6,-2.6));
#2043=DIRECTION('',(0.0,0.0,1.0));
#2044=DIRECTION('',(1.0,0.0,0.0));
#2045=ADVANCED_FACE('',(#2046),#2088,.F.);
#2046=FACE_BOUND('',#2047,.T.);
#2047=EDGE_LOOP('',(#2048,#2058,#2066,#2072,#2073,#2074,#2082));
#2048=ORIENTED_EDGE('',*,*,#2049,.T.);
#2049=EDGE_CURVE('',#2050,#2052,#2054,.F.);
#2050=VERTEX_POINT('',#2051);
#2051=CARTESIAN_POINT('',(0.85,0.0,-2.25));
#2052=VERTEX_POINT('',#2053);
#2053=CARTESIAN_POINT('',(2.684317253E-22,-1.371452503E-12,-2.25));
#2054=LINE('',#2055,#2056);
#2055=CARTESIAN_POINT('',(0.0,0.0,-2.25));
#2056=VECTOR('',#2057,1.0);
#2057=DIRECTION('',(1.0,0.0,0.0));
#2058=ORIENTED_EDGE('',*,*,#2059,.T.);
#2059=EDGE_CURVE('',#2052,#2060,#2062,.T.);
#2060=VERTEX_POINT('',#2061);
#2061=CARTESIAN_POINT('',(-6.745441014E-12,0.0,-2.5));
#2062=LINE('',#2063,#2064);
#2063=CARTESIAN_POINT('',(0.0,0.0,-2.25));
#2064=VECTOR('',#2065,1.0);
#2065=DIRECTION('',(0.0,0.0,-1.0));
#2066=ORIENTED_EDGE('',*,*,#2067,.T.);
#2067=EDGE_CURVE('',#2060,#2028,#2068,.F.);
#2068=LINE('',#2069,#2070);
#2069=CARTESIAN_POINT('',(0.1,0.0,-2.6));
#2070=VECTOR('',#2071,1.0);
#2071=DIRECTION('',(-0.707106781,0.0,0.707106781));
#2072=ORIENTED_EDGE('',*,*,#2027,.F.);
#2073=ORIENTED_EDGE('',*,*,#1830,.F.);
#2074=ORIENTED_EDGE('',*,*,#2075,.T.);
#2075=EDGE_CURVE('',#1823,#2076,#2078,.F.);
#2076=VERTEX_POINT('',#2077);
#2077=CARTESIAN_POINT('',(0.85,0.0,-2.9));
#2078=LINE('',#2079,#2080);
#2079=CARTESIAN_POINT('',(0.85,0.0,-2.9));
#2080=VECTOR('',#2081,1.0);
#2081=DIRECTION('',(-1.0,0.0,0.0));
#2082=ORIENTED_EDGE('',*,*,#2083,.T.);
#2083=EDGE_CURVE('',#2076,#2050,#2084,.F.);
#2084=LINE('',#2085,#2086);
#2085=CARTESIAN_POINT('',(0.85,0.0,-2.25));
#2086=VECTOR('',#2087,1.0);
#2087=DIRECTION('',(0.0,0.0,-1.0));
#2088=PLANE('',#2089);
#2089=AXIS2_PLACEMENT_3D('',#2090,#2091,#2092);
#2090=CARTESIAN_POINT('',(0.425,0.0,-2.575));
#2091=DIRECTION('',(0.0,1.0,0.0));
#2092=DIRECTION('',(1.0,0.0,0.0));
#2093=ADVANCED_FACE('',(#2094),#2381,.F.);
#2094=FACE_BOUND('',#2095,.T.);
#2095=EDGE_LOOP('',(#2096,#2105,#2113,#2122,#2130,#2138,#2146,#2155,#2163,#2172,#2180,#2188,#2196,#2204,#2212,#2220,#2228,#2236,#2244,#2252,#2260,#2268,#2276,#2284,#2292,#2300,#2308,#2316,#2324,#2332,#2340,#2348,#2356,#2364,#2372,#2378,#2379,#2380));
#2096=ORIENTED_EDGE('',*,*,#2097,.T.);
#2097=EDGE_CURVE('',#1904,#2098,#2100,.T.);
#2098=VERTEX_POINT('',#2099);
#2099=CARTESIAN_POINT('',(1.25,1.0,-2.9));
#2100=CIRCLE('',#2101,0.2);
#2101=AXIS2_PLACEMENT_3D('',#2102,#2103,#2104);
#2102=CARTESIAN_POINT('',(1.05,1.0,-2.9));
#2103=DIRECTION('',(0.0,0.0,1.0));
#2104=DIRECTION('',(0.0,-1.0,0.0));
#2105=ORIENTED_EDGE('',*,*,#2106,.T.);
#2106=EDGE_CURVE('',#2098,#2107,#2109,.F.);
#2107=VERTEX_POINT('',#2108);
#2108=CARTESIAN_POINT('',(1.25,1.35,-2.9));
#2109=LINE('',#2110,#2111);
#2110=CARTESIAN_POINT('',(1.25,1.35,-2.9));
#2111=VECTOR('',#2112,1.0);
#2112=DIRECTION('',(0.0,-1.0,0.0));
#2113=ORIENTED_EDGE('',*,*,#2114,.T.);
#2114=EDGE_CURVE('',#2107,#2115,#2117,.F.);
#2115=VERTEX_POINT('',#2116);
#2116=CARTESIAN_POINT('',(1.4,1.5,-2.9));
#2117=CIRCLE('',#2118,0.15);
#2118=AXIS2_PLACEMENT_3D('',#2119,#2120,#2121);
#2119=CARTESIAN_POINT('',(1.4,1.35,-2.9));
#2120=DIRECTION('',(0.0,0.0,1.0));
#2121=DIRECTION('',(0.0,1.0,0.0));
#2122=ORIENTED_EDGE('',*,*,#2123,.T.);
#2123=EDGE_CURVE('',#2115,#2124,#2126,.T.);
#2124=VERTEX_POINT('',#2125);
#2125=CARTESIAN_POINT('',(1.4,1.45,-2.9));
#2126=LINE('',#2127,#2128);
#2127=CARTESIAN_POINT('',(1.4,1.5,-2.9));
#2128=VECTOR('',#2129,1.0);
#2129=DIRECTION('',(0.0,-1.0,0.0));
#2130=ORIENTED_EDGE('',*,*,#2131,.T.);
#2131=EDGE_CURVE('',#2124,#2132,#2134,.F.);
#2132=VERTEX_POINT('',#2133);
#2133=CARTESIAN_POINT('',(3.2,1.45,-2.9));
#2134=LINE('',#2135,#2136);
#2135=CARTESIAN_POINT('',(3.2,1.45,-2.9));
#2136=VECTOR('',#2137,1.0);
#2137=DIRECTION('',(-1.0,0.0,0.0));
#2138=ORIENTED_EDGE('',*,*,#2139,.T.);
#2139=EDGE_CURVE('',#2132,#2140,#2142,.F.);
#2140=VERTEX_POINT('',#2141);
#2141=CARTESIAN_POINT('',(3.2,1.5,-2.9));
#2142=LINE('',#2143,#2144);
#2143=CARTESIAN_POINT('',(3.2,1.5,-2.9));
#2144=VECTOR('',#2145,1.0);
#2145=DIRECTION('',(0.0,-1.0,0.0));
#2146=ORIENTED_EDGE('',*,*,#2147,.T.);
#2147=EDGE_CURVE('',#2140,#2148,#2150,.T.);
#2148=VERTEX_POINT('',#2149);
#2149=CARTESIAN_POINT('',(3.35,1.35,-2.9));
#2150=CIRCLE('',#2151,0.15);
#2151=AXIS2_PLACEMENT_3D('',#2152,#2153,#2154);
#2152=CARTESIAN_POINT('',(3.2,1.35,-2.9));
#2153=DIRECTION('',(0.0,0.0,-1.0));
#2154=DIRECTION('',(0.0,1.0,0.0));
#2155=ORIENTED_EDGE('',*,*,#2156,.T.);
#2156=EDGE_CURVE('',#2148,#2157,#2159,.T.);
#2157=VERTEX_POINT('',#2158);
#2158=CARTESIAN_POINT('',(3.35,1.0,-2.9));
#2159=LINE('',#2160,#2161);
#2160=CARTESIAN_POINT('',(3.35,1.35,-2.9));
#2161=VECTOR('',#2162,1.0);
#2162=DIRECTION('',(0.0,-1.0,0.0));
#2163=ORIENTED_EDGE('',*,*,#2164,.T.);
#2164=EDGE_CURVE('',#2157,#2165,#2167,.F.);
#2165=VERTEX_POINT('',#2166);
#2166=CARTESIAN_POINT('',(3.55,0.8,-2.9));
#2167=CIRCLE('',#2168,0.2);
#2168=AXIS2_PLACEMENT_3D('',#2169,#2170,#2171);
#2169=CARTESIAN_POINT('',(3.55,1.0,-2.9));
#2170=DIRECTION('',(0.0,0.0,-1.0));
#2171=DIRECTION('',(0.0,-1.0,0.0));
#2172=ORIENTED_EDGE('',*,*,#2173,.T.);
#2173=EDGE_CURVE('',#2165,#2174,#2176,.F.);
#2174=VERTEX_POINT('',#2175);
#2175=CARTESIAN_POINT('',(3.9,0.8,-2.9));
#2176=LINE('',#2177,#2178);
#2177=CARTESIAN_POINT('',(3.9,0.8,-2.9));
#2178=VECTOR('',#2179,1.0);
#2179=DIRECTION('',(-1.0,0.0,0.0));
#2180=ORIENTED_EDGE('',*,*,#2181,.T.);
#2181=EDGE_CURVE('',#2174,#2182,#2184,.T.);
#2182=VERTEX_POINT('',#2183);
#2183=CARTESIAN_POINT('',(3.9,0.0,-2.9));
#2184=LINE('',#2185,#2186);
#2185=CARTESIAN_POINT('',(3.9,0.8,-2.9));
#2186=VECTOR('',#2187,1.0);
#2187=DIRECTION('',(0.0,-1.0,0.0));
#2188=ORIENTED_EDGE('',*,*,#2189,.T.);
#2189=EDGE_CURVE('',#2182,#2190,#2192,.T.);
#2190=VERTEX_POINT('',#2191);
#2191=CARTESIAN_POINT('',(3.75,0.0,-2.9));
#2192=LINE('',#2193,#2194);
#2193=CARTESIAN_POINT('',(3.9,0.0,-2.9));
#2194=VECTOR('',#2195,1.0);
#2195=DIRECTION('',(-1.0,0.0,0.0));
#2196=ORIENTED_EDGE('',*,*,#2197,.T.);
#2197=EDGE_CURVE('',#2190,#2198,#2200,.T.);
#2198=VERTEX_POINT('',#2199);
#2199=CARTESIAN_POINT('',(3.75,0.077057756,-2.9));
#2200=LINE('',#2201,#2202);
#2201=CARTESIAN_POINT('',(3.75,0.0,-2.9));
#2202=VECTOR('',#2203,1.0);
#2203=DIRECTION('',(0.0,1.0,0.0));
#2204=ORIENTED_EDGE('',*,*,#2205,.T.);
#2205=EDGE_CURVE('',#2198,#2206,#2208,.T.);
#2206=VERTEX_POINT('',#2207);
#2207=CARTESIAN_POINT('',(3.7475,0.077057756,-2.9));
#2208=LINE('',#2209,#2210);
#2209=CARTESIAN_POINT('',(3.75,0.077057756,-2.9));
#2210=VECTOR('',#2211,1.0);
#2211=DIRECTION('',(-1.0,0.0,0.0));
#2212=ORIENTED_EDGE('',*,*,#2213,.T.);
#2213=EDGE_CURVE('',#2206,#2214,#2216,.T.);
#2214=VERTEX_POINT('',#2215);
#2215=CARTESIAN_POINT('',(3.7475,0.1,-2.9));
#2216=LINE('',#2217,#2218);
#2217=CARTESIAN_POINT('',(3.7475,0.077057756,-2.9));
#2218=VECTOR('',#2219,1.0);
#2219=DIRECTION('',(0.0,1.0,0.0));
#2220=ORIENTED_EDGE('',*,*,#2221,.T.);
#2221=EDGE_CURVE('',#2214,#2222,#2224,.F.);
#2222=VERTEX_POINT('',#2223);
#2223=CARTESIAN_POINT('',(3.1525,0.1,-2.9));
#2224=LINE('',#2225,#2226);
#2225=CARTESIAN_POINT('',(3.1525,0.1,-2.9));
#2226=VECTOR('',#2227,1.0);
#2227=DIRECTION('',(1.0,0.0,0.0));
#2228=ORIENTED_EDGE('',*,*,#2229,.T.);
#2229=EDGE_CURVE('',#2222,#2230,#2232,.F.);
#2230=VERTEX_POINT('',#2231);
#2231=CARTESIAN_POINT('',(3.1525,0.077057756,-2.9));
#2232=LINE('',#2233,#2234);
#2233=CARTESIAN_POINT('',(3.1525,0.077057756,-2.9));
#2234=VECTOR('',#2235,1.0);
#2235=DIRECTION('',(0.0,1.0,0.0));
#2236=ORIENTED_EDGE('',*,*,#2237,.T.);
#2237=EDGE_CURVE('',#2230,#2238,#2240,.T.);
#2238=VERTEX_POINT('',#2239);
#2239=CARTESIAN_POINT('',(3.15,0.077057756,-2.9));
#2240=LINE('',#2241,#2242);
#2241=CARTESIAN_POINT('',(3.1525,0.077057756,-2.9));
#2242=VECTOR('',#2243,1.0);
#2243=DIRECTION('',(-1.0,0.0,0.0));
#2244=ORIENTED_EDGE('',*,*,#2245,.T.);
#2245=EDGE_CURVE('',#2238,#2246,#2248,.T.);
#2246=VERTEX_POINT('',#2247);
#2247=CARTESIAN_POINT('',(3.15,0.0,-2.9));
#2248=LINE('',#2249,#2250);
#2249=CARTESIAN_POINT('',(3.15,0.077057756,-2.9));
#2250=VECTOR('',#2251,1.0);
#2251=DIRECTION('',(0.0,-1.0,0.0));
#2252=ORIENTED_EDGE('',*,*,#2253,.T.);
#2253=EDGE_CURVE('',#2246,#2254,#2256,.T.);
#2254=VERTEX_POINT('',#2255);
#2255=CARTESIAN_POINT('',(2.6,0.0,-2.9));
#2256=LINE('',#2257,#2258);
#2257=CARTESIAN_POINT('',(3.15,0.0,-2.9));
#2258=VECTOR('',#2259,1.0);
#2259=DIRECTION('',(-1.0,0.0,0.0));
#2260=ORIENTED_EDGE('',*,*,#2261,.T.);
#2261=EDGE_CURVE('',#2254,#2262,#2264,.T.);
#2262=VERTEX_POINT('',#2263);
#2263=CARTESIAN_POINT('',(2.6,0.077057756,-2.9));
#2264=LINE('',#2265,#2266);
#2265=CARTESIAN_POINT('',(2.6,0.0,-2.9));
#2266=VECTOR('',#2267,1.0);
#2267=DIRECTION('',(0.0,1.0,0.0));
#2268=ORIENTED_EDGE('',*,*,#2269,.T.);
#2269=EDGE_CURVE('',#2262,#2270,#2272,.T.);
#2270=VERTEX_POINT('',#2271);
#2271=CARTESIAN_POINT('',(2.5975,0.077057756,-2.9));
#2272=LINE('',#2273,#2274);
#2273=CARTESIAN_POINT('',(2.6,0.077057756,-2.9));
#2274=VECTOR('',#2275,1.0);
#2275=DIRECTION('',(-1.0,0.0,0.0));
#2276=ORIENTED_EDGE('',*,*,#2277,.T.);
#2277=EDGE_CURVE('',#2270,#2278,#2280,.T.);
#2278=VERTEX_POINT('',#2279);
#2279=CARTESIAN_POINT('',(2.5975,0.1,-2.9));
#2280=LINE('',#2281,#2282);
#2281=CARTESIAN_POINT('',(2.5975,0.077057756,-2.9));
#2282=VECTOR('',#2283,1.0);
#2283=DIRECTION('',(0.0,1.0,0.0));
#2284=ORIENTED_EDGE('',*,*,#2285,.T.);
#2285=EDGE_CURVE('',#2278,#2286,#2288,.F.);
#2286=VERTEX_POINT('',#2287);
#2287=CARTESIAN_POINT('',(2.0025,0.1,-2.9));
#2288=LINE('',#2289,#2290);
#2289=CARTESIAN_POINT('',(2.0025,0.1,-2.9));
#2290=VECTOR('',#2291,1.0);
#2291=DIRECTION('',(1.0,0.0,0.0));
#2292=ORIENTED_EDGE('',*,*,#2293,.T.);
#2293=EDGE_CURVE('',#2286,#2294,#2296,.F.);
#2294=VERTEX_POINT('',#2295);
#2295=CARTESIAN_POINT('',(2.0025,0.077057756,-2.9));
#2296=LINE('',#2297,#2298);
#2297=CARTESIAN_POINT('',(2.0025,0.077057756,-2.9));
#2298=VECTOR('',#2299,1.0);
#2299=DIRECTION('',(0.0,1.0,0.0));
#2300=ORIENTED_EDGE('',*,*,#2301,.T.);
#2301=EDGE_CURVE('',#2294,#2302,#2304,.T.);
#2302=VERTEX_POINT('',#2303);
#2303=CARTESIAN_POINT('',(2.0,0.077057756,-2.9));
#2304=LINE('',#2305,#2306);
#2305=CARTESIAN_POINT('',(2.0025,0.077057756,-2.9));
#2306=VECTOR('',#2307,1.0);
#2307=DIRECTION('',(-1.0,0.0,0.0));
#2308=ORIENTED_EDGE('',*,*,#2309,.T.);
#2309=EDGE_CURVE('',#2302,#2310,#2312,.F.);
#2310=VERTEX_POINT('',#2311);
#2311=CARTESIAN_POINT('',(2.0,0.0,-2.9));
#2312=LINE('',#2313,#2314);
#2313=CARTESIAN_POINT('',(2.0,0.0,-2.9));
#2314=VECTOR('',#2315,1.0);
#2315=DIRECTION('',(0.0,1.0,0.0));
#2316=ORIENTED_EDGE('',*,*,#2317,.T.);
#2317=EDGE_CURVE('',#2310,#2318,#2320,.T.);
#2318=VERTEX_POINT('',#2319);
#2319=CARTESIAN_POINT('',(1.45,0.0,-2.9));
#2320=LINE('',#2321,#2322);
#2321=CARTESIAN_POINT('',(2.0,0.0,-2.9));
#2322=VECTOR('',#2323,1.0);
#2323=DIRECTION('',(-1.0,0.0,0.0));
#2324=ORIENTED_EDGE('',*,*,#2325,.T.);
#2325=EDGE_CURVE('',#2318,#2326,#2328,.F.);
#2326=VERTEX_POINT('',#2327);
#2327=CARTESIAN_POINT('',(1.45,0.077057756,-2.9));
#2328=LINE('',#2329,#2330);
#2329=CARTESIAN_POINT('',(1.45,0.077057756,-2.9));
#2330=VECTOR('',#2331,1.0);
#2331=DIRECTION('',(0.0,-1.0,0.0));
#2332=ORIENTED_EDGE('',*,*,#2333,.T.);
#2333=EDGE_CURVE('',#2326,#2334,#2336,.T.);
#2334=VERTEX_POINT('',#2335);
#2335=CARTESIAN_POINT('',(1.4475,0.077057756,-2.9));
#2336=LINE('',#2337,#2338);
#2337=CARTESIAN_POINT('',(1.45,0.077057756,-2.9));
#2338=VECTOR('',#2339,1.0);
#2339=DIRECTION('',(-1.0,0.0,0.0));
#2340=ORIENTED_EDGE('',*,*,#2341,.T.);
#2341=EDGE_CURVE('',#2334,#2342,#2344,.T.);
#2342=VERTEX_POINT('',#2343);
#2343=CARTESIAN_POINT('',(1.4475,0.1,-2.9));
#2344=LINE('',#2345,#2346);
#2345=CARTESIAN_POINT('',(1.4475,0.077057756,-2.9));
#2346=VECTOR('',#2347,1.0);
#2347=DIRECTION('',(0.0,1.0,0.0));
#2348=ORIENTED_EDGE('',*,*,#2349,.T.);
#2349=EDGE_CURVE('',#2342,#2350,#2352,.F.);
#2350=VERTEX_POINT('',#2351);
#2351=CARTESIAN_POINT('',(0.8525,0.1,-2.9));
#2352=LINE('',#2353,#2354);
#2353=CARTESIAN_POINT('',(0.8525,0.1,-2.9));
#2354=VECTOR('',#2355,1.0);
#2355=DIRECTION('',(1.0,0.0,0.0));
#2356=ORIENTED_EDGE('',*,*,#2357,.T.);
#2357=EDGE_CURVE('',#2350,#2358,#2360,.F.);
#2358=VERTEX_POINT('',#2359);
#2359=CARTESIAN_POINT('',(0.8525,0.077057756,-2.9));
#2360=LINE('',#2361,#2362);
#2361=CARTESIAN_POINT('',(0.8525,0.077057756,-2.9));
#2362=VECTOR('',#2363,1.0);
#2363=DIRECTION('',(0.0,1.0,0.0));
#2364=ORIENTED_EDGE('',*,*,#2365,.T.);
#2365=EDGE_CURVE('',#2358,#2366,#2368,.T.);
#2366=VERTEX_POINT('',#2367);
#2367=CARTESIAN_POINT('',(0.85,0.077057756,-2.9));
#2368=LINE('',#2369,#2370);
#2369=CARTESIAN_POINT('',(0.8525,0.077057756,-2.9));
#2370=VECTOR('',#2371,1.0);
#2371=DIRECTION('',(-1.0,0.0,0.0));
#2372=ORIENTED_EDGE('',*,*,#2373,.T.);
#2373=EDGE_CURVE('',#2366,#2076,#2374,.T.);
#2374=LINE('',#2375,#2376);
#2375=CARTESIAN_POINT('',(0.85,0.077057756,-2.9));
#2376=VECTOR('',#2377,1.0);
#2377=DIRECTION('',(0.0,-1.0,0.0));
#2378=ORIENTED_EDGE('',*,*,#2075,.F.);
#2379=ORIENTED_EDGE('',*,*,#1822,.F.);
#2380=ORIENTED_EDGE('',*,*,#1911,.F.);
#2381=PLANE('',#2382);
#2382=AXIS2_PLACEMENT_3D('',#2383,#2384,#2385);
#2383=CARTESIAN_POINT('',(2.3,0.87,-2.9));
#2384=DIRECTION('',(0.0,0.0,1.0));
#2385=DIRECTION('',(1.0,0.0,0.0));
#2386=ADVANCED_FACE('',(#2387),#2406,.T.);
#2387=FACE_BOUND('',#2388,.T.);
#2388=EDGE_LOOP('',(#2389,#2390,#2399,#2405));
#2389=ORIENTED_EDGE('',*,*,#1903,.F.);
#2390=ORIENTED_EDGE('',*,*,#2391,.T.);
#2391=EDGE_CURVE('',#1896,#2392,#2394,.T.);
#2392=VERTEX_POINT('',#2393);
#2393=CARTESIAN_POINT('',(1.25,1.0,-3.0));
#2394=CIRCLE('',#2395,0.2);
#2395=AXIS2_PLACEMENT_3D('',#2396,#2397,#2398);
#2396=CARTESIAN_POINT('',(1.05,1.0,-3.0));
#2397=DIRECTION('',(0.0,0.0,1.0));
#2398=DIRECTION('',(0.0,-1.0,0.0));
#2399=ORIENTED_EDGE('',*,*,#2400,.T.);
#2400=EDGE_CURVE('',#2392,#2098,#2401,.T.);
#2401=LINE('',#2402,#2403);
#2402=CARTESIAN_POINT('',(1.25,1.0,-3.0));
#2403=VECTOR('',#2404,1.0);
#2404=DIRECTION('',(0.0,0.0,1.0));
#2405=ORIENTED_EDGE('',*,*,#2097,.F.);
#2406=CYLINDRICAL_SURFACE('',#2407,0.2);
#2407=AXIS2_PLACEMENT_3D('',#2408,#2409,#2410);
#2408=CARTESIAN_POINT('',(1.05,1.0,-3.007368686));
#2409=DIRECTION('',(0.0,0.0,-1.0));
#2410=DIRECTION('',(0.0,-1.0,0.0));
#2411=ADVANCED_FACE('',(#2412),#2565,.F.);
#2412=FACE_BOUND('',#2413,.T.);
#2413=EDGE_LOOP('',(#2414,#2424,#2433,#2442,#2450,#2458,#2466,#2475,#2484,#2492,#2500,#2508,#2517,#2525,#2534,#2542,#2551,#2557,#2558,#2559));
#2414=ORIENTED_EDGE('',*,*,#2415,.T.);
#2415=EDGE_CURVE('',#2416,#2418,#2420,.T.);
#2416=VERTEX_POINT('',#2417);
#2417=CARTESIAN_POINT('',(0.717844653,1.2,-3.0));
#2418=VERTEX_POINT('',#2419);
#2419=CARTESIAN_POINT('',(0.75,1.2,-3.0));
#2420=LINE('',#2421,#2422);
#2421=CARTESIAN_POINT('',(0.717844653,1.2,-3.0));
#2422=VECTOR('',#2423,1.0);
#2423=DIRECTION('',(1.0,0.0,0.0));
#2424=ORIENTED_EDGE('',*,*,#2425,.T.);
#2425=EDGE_CURVE('',#2418,#2426,#2428,.F.);
#2426=VERTEX_POINT('',#2427);
#2427=CARTESIAN_POINT('',(0.8,1.38660254,-3.0));
#2428=CIRCLE('',#2429,0.1);
#2429=AXIS2_PLACEMENT_3D('',#2430,#2431,#2432);
#2430=CARTESIAN_POINT('',(0.75,1.3,-3.0));
#2431=DIRECTION('',(0.0,0.0,-1.0));
#2432=DIRECTION('',(0.5,0.866025404,0.0));
#2433=ORIENTED_EDGE('',*,*,#2434,.T.);
#2434=EDGE_CURVE('',#2426,#2435,#2437,.F.);
#2435=VERTEX_POINT('',#2436);
#2436=CARTESIAN_POINT('',(0.75,1.473205081,-3.0));
#2437=CIRCLE('',#2438,0.1);
#2438=AXIS2_PLACEMENT_3D('',#2439,#2440,#2441);
#2439=CARTESIAN_POINT('',(0.85,1.473205081,-3.0));
#2440=DIRECTION('',(0.0,0.0,1.0));
#2441=DIRECTION('',(-1.0,0.0,0.0));
#2442=ORIENTED_EDGE('',*,*,#2443,.T.);
#2443=EDGE_CURVE('',#2435,#2444,#2446,.F.);
#2444=VERTEX_POINT('',#2445);
#2445=CARTESIAN_POINT('',(0.75,2.0,-3.0));
#2446=LINE('',#2447,#2448);
#2447=CARTESIAN_POINT('',(0.75,2.0,-3.0));
#2448=VECTOR('',#2449,1.0);
#2449=DIRECTION('',(0.0,-1.0,0.0));
#2450=ORIENTED_EDGE('',*,*,#2451,.T.);
#2451=EDGE_CURVE('',#2444,#2452,#2454,.F.);
#2452=VERTEX_POINT('',#2453);
#2453=CARTESIAN_POINT('',(3.85,2.0,-3.0));
#2454=LINE('',#2455,#2456);
#2455=CARTESIAN_POINT('',(3.85,2.0,-3.0));
#2456=VECTOR('',#2457,1.0);
#2457=DIRECTION('',(-1.0,0.0,0.0));
#2458=ORIENTED_EDGE('',*,*,#2459,.T.);
#2459=EDGE_CURVE('',#2452,#2460,#2462,.T.);
#2460=VERTEX_POINT('',#2461);
#2461=CARTESIAN_POINT('',(3.85,1.473205081,-3.0));
#2462=LINE('',#2463,#2464);
#2463=CARTESIAN_POINT('',(3.85,2.0,-3.0));
#2464=VECTOR('',#2465,1.0);
#2465=DIRECTION('',(0.0,-1.0,0.0));
#2466=ORIENTED_EDGE('',*,*,#2467,.T.);
#2467=EDGE_CURVE('',#2460,#2468,#2470,.F.);
#2468=VERTEX_POINT('',#2469);
#2469=CARTESIAN_POINT('',(3.8,1.38660254,-3.0));
#2470=CIRCLE('',#2471,0.1);
#2471=AXIS2_PLACEMENT_3D('',#2472,#2473,#2474);
#2472=CARTESIAN_POINT('',(3.75,1.473205081,-3.0));
#2473=DIRECTION('',(0.0,0.0,1.0));
#2474=DIRECTION('',(0.5,-0.866025404,0.0));
#2475=ORIENTED_EDGE('',*,*,#2476,.T.);
#2476=EDGE_CURVE('',#2468,#2477,#2479,.F.);
#2477=VERTEX_POINT('',#2478);
#2478=CARTESIAN_POINT('',(3.85,1.2,-3.0));
#2479=CIRCLE('',#2480,0.1);
#2480=AXIS2_PLACEMENT_3D('',#2481,#2482,#2483);
#2481=CARTESIAN_POINT('',(3.85,1.3,-3.0));
#2482=DIRECTION('',(0.0,0.0,-1.0));
#2483=DIRECTION('',(0.0,-1.0,0.0));
#2484=ORIENTED_EDGE('',*,*,#2485,.T.);
#2485=EDGE_CURVE('',#2477,#2486,#2488,.T.);
#2486=VERTEX_POINT('',#2487);
#2487=CARTESIAN_POINT('',(3.882155347,1.2,-3.0));
#2488=LINE('',#2489,#2490);
#2489=CARTESIAN_POINT('',(3.85,1.2,-3.0));
#2490=VECTOR('',#2491,1.0);
#2491=DIRECTION('',(1.0,0.0,0.0));
#2492=ORIENTED_EDGE('',*,*,#2493,.T.);
#2493=EDGE_CURVE('',#2486,#2494,#2496,.T.);
#2494=VERTEX_POINT('',#2495);
#2495=CARTESIAN_POINT('',(3.882155347,0.8,-3.0));
#2496=LINE('',#2497,#2498);
#2497=CARTESIAN_POINT('',(3.882155347,1.2,-3.0));
#2498=VECTOR('',#2499,1.0);
#2499=DIRECTION('',(0.0,-1.0,0.0));
#2500=ORIENTED_EDGE('',*,*,#2501,.T.);
#2501=EDGE_CURVE('',#2494,#2502,#2504,.T.);
#2502=VERTEX_POINT('',#2503);
#2503=CARTESIAN_POINT('',(3.55,0.8,-3.0));
#2504=LINE('',#2505,#2506);
#2505=CARTESIAN_POINT('',(3.882155347,0.8,-3.0));
#2506=VECTOR('',#2507,1.0);
#2507=DIRECTION('',(-1.0,0.0,0.0));
#2508=ORIENTED_EDGE('',*,*,#2509,.T.);
#2509=EDGE_CURVE('',#2502,#2510,#2512,.F.);
#2510=VERTEX_POINT('',#2511);
#2511=CARTESIAN_POINT('',(3.35,1.0,-3.0));
#2512=CIRCLE('',#2513,0.2);
#2513=AXIS2_PLACEMENT_3D('',#2514,#2515,#2516);
#2514=CARTESIAN_POINT('',(3.55,1.0,-3.0));
#2515=DIRECTION('',(0.0,0.0,1.0));
#2516=DIRECTION('',(-1.0,0.0,0.0));
#2517=ORIENTED_EDGE('',*,*,#2518,.T.);
#2518=EDGE_CURVE('',#2510,#2519,#2521,.T.);
#2519=VERTEX_POINT('',#2520);
#2520=CARTESIAN_POINT('',(3.35,1.35,-3.0));
#2521=LINE('',#2522,#2523);
#2522=CARTESIAN_POINT('',(3.35,1.0,-3.0));
#2523=VECTOR('',#2524,1.0);
#2524=DIRECTION('',(0.0,1.0,0.0));
#2525=ORIENTED_EDGE('',*,*,#2526,.T.);
#2526=EDGE_CURVE('',#2519,#2527,#2529,.F.);
#2527=VERTEX_POINT('',#2528);
#2528=CARTESIAN_POINT('',(3.2,1.5,-3.0));
#2529=CIRCLE('',#2530,0.15);
#2530=AXIS2_PLACEMENT_3D('',#2531,#2532,#2533);
#2531=CARTESIAN_POINT('',(3.2,1.35,-3.0));
#2532=DIRECTION('',(0.0,0.0,-1.0));
#2533=DIRECTION('',(0.0,1.0,0.0));
#2534=ORIENTED_EDGE('',*,*,#2535,.T.);
#2535=EDGE_CURVE('',#2527,#2536,#2538,.T.);
#2536=VERTEX_POINT('',#2537);
#2537=CARTESIAN_POINT('',(1.4,1.5,-3.0));
#2538=LINE('',#2539,#2540);
#2539=CARTESIAN_POINT('',(3.2,1.5,-3.0));
#2540=VECTOR('',#2541,1.0);
#2541=DIRECTION('',(-1.0,0.0,0.0));
#2542=ORIENTED_EDGE('',*,*,#2543,.T.);
#2543=EDGE_CURVE('',#2536,#2544,#2546,.F.);
#2544=VERTEX_POINT('',#2545);
#2545=CARTESIAN_POINT('',(1.25,1.35,-3.0));
#2546=CIRCLE('',#2547,0.15);
#2547=AXIS2_PLACEMENT_3D('',#2548,#2549,#2550);
#2548=CARTESIAN_POINT('',(1.4,1.35,-3.0));
#2549=DIRECTION('',(0.0,0.0,-1.0));
#2550=DIRECTION('',(-1.0,0.0,0.0));
#2551=ORIENTED_EDGE('',*,*,#2552,.T.);
#2552=EDGE_CURVE('',#2544,#2392,#2553,.T.);
#2553=LINE('',#2554,#2555);
#2554=CARTESIAN_POINT('',(1.25,1.35,-3.0));
#2555=VECTOR('',#2556,1.0);
#2556=DIRECTION('',(0.0,-1.0,0.0));
#2557=ORIENTED_EDGE('',*,*,#2391,.F.);
#2558=ORIENTED_EDGE('',*,*,#1895,.F.);
#2559=ORIENTED_EDGE('',*,*,#2560,.T.);
#2560=EDGE_CURVE('',#1887,#2416,#2561,.T.);
#2561=LINE('',#2562,#2563);
#2562=CARTESIAN_POINT('',(0.717844653,0.8,-3.0));
#2563=VECTOR('',#2564,1.0);
#2564=DIRECTION('',(0.0,1.0,0.0));
#2565=PLANE('',#2566);
#2566=AXIS2_PLACEMENT_3D('',#2567,#2568,#2569);
#2567=CARTESIAN_POINT('',(2.3,1.4,-3.0));
#2568=DIRECTION('',(0.0,0.0,1.0));
#2569=DIRECTION('',(1.0,0.0,0.0));
#2570=ADVANCED_FACE('',(#2571),#2589,.T.);
#2571=FACE_BOUND('',#2572,.T.);
#2572=EDGE_LOOP('',(#2573,#2580,#2581,#2582,#2588));
#2573=ORIENTED_EDGE('',*,*,#2574,.T.);
#2574=EDGE_CURVE('',#1985,#2416,#2575,.T.);
#2575=CIRCLE('',#2576,0.3);
#2576=AXIS2_PLACEMENT_3D('',#2577,#2578,#2579);
#2577=CARTESIAN_POINT('',(0.717844653,1.2,-2.7));
#2578=DIRECTION('',(0.0,-1.0,0.0));
#2579=DIRECTION('',(-0.059482177,0.0,-0.998229368));
#2580=ORIENTED_EDGE('',*,*,#2560,.F.);
#2581=ORIENTED_EDGE('',*,*,#1886,.F.);
#2582=ORIENTED_EDGE('',*,*,#2583,.T.);
#2583=EDGE_CURVE('',#1879,#1993,#2584,.T.);
#2584=LINE('',#2585,#2586);
#2585=CARTESIAN_POINT('',(0.594950504,0.8,-2.973673214));
#2586=VECTOR('',#2587,1.0);
#2587=DIRECTION('',(0.0,1.0,0.0));
#2588=ORIENTED_EDGE('',*,*,#1992,.F.);
#2589=CYLINDRICAL_SURFACE('',#2590,0.3);
#2590=AXIS2_PLACEMENT_3D('',#2591,#2592,#2593);
#2591=CARTESIAN_POINT('',(0.717844653,0.792,-2.7));
#2592=DIRECTION('',(0.0,-1.0,0.0));
#2593=DIRECTION('',(0.0,0.0,-1.0));
#2594=ADVANCED_FACE('',(#2595),#2624,.F.);
#2595=FACE_BOUND('',#2596,.T.);
#2596=EDGE_LOOP('',(#2597,#2598,#2599,#2608,#2616,#2623));
#2597=ORIENTED_EDGE('',*,*,#2583,.F.);
#2598=ORIENTED_EDGE('',*,*,#1878,.F.);
#2599=ORIENTED_EDGE('',*,*,#2600,.T.);
#2600=EDGE_CURVE('',#1871,#2601,#2603,.F.);
#2601=VERTEX_POINT('',#2602);
#2602=CARTESIAN_POINT('',(0.3,0.9,-2.841224405));
#2603=CIRCLE('',#2604,0.1);
#2604=AXIS2_PLACEMENT_3D('',#2605,#2606,#2607);
#2605=CARTESIAN_POINT('',(0.391224405,0.9,-2.882189121));
#2606=DIRECTION('',(0.409647165,0.0,0.912244046));
#2607=DIRECTION('',(-0.912244046,0.0,0.409647165));
#2608=ORIENTED_EDGE('',*,*,#2609,.T.);
#2609=EDGE_CURVE('',#2601,#2610,#2612,.T.);
#2610=VERTEX_POINT('',#2611);
#2611=CARTESIAN_POINT('',(0.3,1.1,-2.841224405));
#2612=LINE('',#2613,#2614);
#2613=CARTESIAN_POINT('',(0.3,0.9,-2.841224405));
#2614=VECTOR('',#2615,1.0);
#2615=DIRECTION('',(0.0,1.0,0.0));
#2616=ORIENTED_EDGE('',*,*,#2617,.T.);
#2617=EDGE_CURVE('',#2610,#2002,#2618,.F.);
#2618=CIRCLE('',#2619,0.1);
#2619=AXIS2_PLACEMENT_3D('',#2620,#2621,#2622);
#2620=CARTESIAN_POINT('',(0.391224405,1.1,-2.882189121));
#2621=DIRECTION('',(0.409647165,0.0,0.912244046));
#2622=DIRECTION('',(0.0,1.0,0.0));
#2623=ORIENTED_EDGE('',*,*,#2001,.F.);
#2624=PLANE('',#2625);
#2625=AXIS2_PLACEMENT_3D('',#2626,#2627,#2628);
#2626=CARTESIAN_POINT('',(0.447475252,1.0,-2.907448809));
#2627=DIRECTION('',(0.409647165,0.0,0.912244046));
#2628=DIRECTION('',(0.0,-1.0,0.0));
#2629=ADVANCED_FACE('',(#2630),#2641,.T.);
#2630=FACE_BOUND('',#2631,.T.);
#2631=EDGE_LOOP('',(#2632,#2633,#2634,#2640));
#2632=ORIENTED_EDGE('',*,*,#1870,.F.);
#2633=ORIENTED_EDGE('',*,*,#1944,.F.);
#2634=ORIENTED_EDGE('',*,*,#2635,.T.);
#2635=EDGE_CURVE('',#1937,#2601,#2636,.T.);
#2636=LINE('',#2637,#2638);
#2637=CARTESIAN_POINT('',(0.340964717,0.9,-2.75));
#2638=VECTOR('',#2639,1.0);
#2639=DIRECTION('',(-0.409647165,0.0,-0.912244046));
#2640=ORIENTED_EDGE('',*,*,#2600,.F.);
#2641=CYLINDRICAL_SURFACE('',#2642,0.1);
#2642=AXIS2_PLACEMENT_3D('',#2643,#2644,#2645);
#2643=CARTESIAN_POINT('',(0.435207683,0.9,-2.784242676));
#2644=DIRECTION('',(0.409647165,4.66737085E-25,0.912244046));
#2645=DIRECTION('',(1.911975237E-25,-1.0,4.25778127E-25));
#2646=ADVANCED_FACE('',(#2647),#2658,.F.);
#2647=FACE_BOUND('',#2648,.T.);
#2648=EDGE_LOOP('',(#2649,#2650,#2656,#2657));
#2649=ORIENTED_EDGE('',*,*,#1936,.F.);
#2650=ORIENTED_EDGE('',*,*,#2651,.T.);
#2651=EDGE_CURVE('',#1928,#2610,#2652,.F.);
#2652=LINE('',#2653,#2654);
#2653=CARTESIAN_POINT('',(0.3,1.1,-2.841224405));
#2654=VECTOR('',#2655,1.0);
#2655=DIRECTION('',(0.409647165,0.0,0.912244046));
#2656=ORIENTED_EDGE('',*,*,#2609,.F.);
#2657=ORIENTED_EDGE('',*,*,#2635,.F.);
#2658=PLANE('',#2659);
#2659=AXIS2_PLACEMENT_3D('',#2660,#2661,#2662);
#2660=CARTESIAN_POINT('',(0.320482358,1.0,-2.795612202));
#2661=DIRECTION('',(0.912244046,0.0,-0.409647165));
#2662=DIRECTION('',(0.0,-1.0,0.0));
#2663=ADVANCED_FACE('',(#2664),#2670,.T.);
#2664=FACE_BOUND('',#2665,.T.);
#2665=EDGE_LOOP('',(#2666,#2667,#2668,#2669));
#2666=ORIENTED_EDGE('',*,*,#2617,.F.);
#2667=ORIENTED_EDGE('',*,*,#2651,.F.);
#2668=ORIENTED_EDGE('',*,*,#1925,.F.);
#2669=ORIENTED_EDGE('',*,*,#2009,.F.);
#2670=CYLINDRICAL_SURFACE('',#2671,0.1);
#2671=AXIS2_PLACEMENT_3D('',#2672,#2673,#2674);
#2672=CARTESIAN_POINT('',(0.388205843,1.1,-2.888911161));
#2673=DIRECTION('',(-0.409647165,-2.807644747E-25,-0.912244046));
#2674=DIRECTION('',(-1.150143711E-25,1.0,-2.561257205E-25));
#2675=ADVANCED_FACE('',(#2676),#2708,.F.);
#2676=FACE_BOUND('',#2677,.T.);
#2677=EDGE_LOOP('',(#2678,#2686,#2694,#2702,#2707));
#2678=ORIENTED_EDGE('',*,*,#2679,.T.);
#2679=EDGE_CURVE('',#1977,#2680,#2682,.F.);
#2680=VERTEX_POINT('',#2681);
#2681=CARTESIAN_POINT('',(-6.733088512E-12,1.3,-3.0));
#2682=LINE('',#2683,#2684);
#2683=CARTESIAN_POINT('',(-1.00663844E-11,1.3,-3.0));
#2684=VECTOR('',#2685,1.0);
#2685=DIRECTION('',(0.707106781,-0.707106781,0.0));
#2686=ORIENTED_EDGE('',*,*,#2687,.T.);
#2687=EDGE_CURVE('',#2680,#2688,#2690,.T.);
#2688=VERTEX_POINT('',#2689);
#2689=CARTESIAN_POINT('',(4.317504425E-17,1.5,-3.0));
#2690=LINE('',#2691,#2692);
#2691=CARTESIAN_POINT('',(-1.00663844E-11,1.3,-3.0));
#2692=VECTOR('',#2693,1.0);
#2693=DIRECTION('',(0.0,1.0,0.0));
#2694=ORIENTED_EDGE('',*,*,#2695,.T.);
#2695=EDGE_CURVE('',#2688,#2696,#2698,.F.);
#2696=VERTEX_POINT('',#2697);
#2697=CARTESIAN_POINT('',(0.7,1.5,-3.0));
#2698=LINE('',#2699,#2700);
#2699=CARTESIAN_POINT('',(0.7,1.5,-3.0));
#2700=VECTOR('',#2701,1.0);
#2701=DIRECTION('',(-1.0,0.0,0.0));
#2702=ORIENTED_EDGE('',*,*,#2703,.T.);
#2703=EDGE_CURVE('',#2696,#1985,#2704,.T.);
#2704=B_SPLINE_CURVE_WITH_KNOTS('',1,(#2705,#2706),.UNSPECIFIED.,.F.,.U.,(2,2),(0.0,1.0),.PIECEWISE_BEZIER_KNOTS.);
#2705=CARTESIAN_POINT('',(0.7,1.5,-3.0));
#2706=CARTESIAN_POINT('',(0.700112478,1.19999962,-3.0));
#2707=ORIENTED_EDGE('',*,*,#1984,.F.);
#2708=PLANE('',#2709);
#2709=AXIS2_PLACEMENT_3D('',#2710,#2711,#2712);
#2710=CARTESIAN_POINT('',(0.35,1.35,-3.0));
#2711=DIRECTION('',(0.0,0.0,1.0));
#2712=DIRECTION('',(1.0,0.0,0.0));
#2713=ADVANCED_FACE('',(#2714),#2739,.T.);
#2714=FACE_BOUND('',#2715,.T.);
#2715=EDGE_LOOP('',(#2716,#2717,#2725,#2733));
#2716=ORIENTED_EDGE('',*,*,#2703,.F.);
#2717=ORIENTED_EDGE('',*,*,#2718,.T.);
#2718=EDGE_CURVE('',#2696,#2719,#2721,.F.);
#2719=VERTEX_POINT('',#2720);
#2720=CARTESIAN_POINT('',(0.7,1.74,-2.9));
#2721=LINE('',#2722,#2723);
#2722=CARTESIAN_POINT('',(0.7,1.74,-2.9));
#2723=VECTOR('',#2724,1.0);
#2724=DIRECTION('',(0.0,-0.923076923,-0.384615385));
#2725=ORIENTED_EDGE('',*,*,#2726,.T.);
#2726=EDGE_CURVE('',#2719,#2727,#2729,.F.);
#2727=VERTEX_POINT('',#2728);
#2728=CARTESIAN_POINT('',(0.7,1.2,-2.9));
#2729=LINE('',#2730,#2731);
#2730=CARTESIAN_POINT('',(0.7,1.2,-2.9));
#2731=VECTOR('',#2732,1.0);
#2732=DIRECTION('',(0.0,1.0,0.0));
#2733=ORIENTED_EDGE('',*,*,#2734,.T.);
#2734=EDGE_CURVE('',#2727,#1985,#2735,.F.);
#2735=LINE('',#2736,#2737);
#2736=CARTESIAN_POINT('',(0.7,1.2,-2.95));
#2737=VECTOR('',#2738,1.0);
#2738=DIRECTION('',(0.0,0.0,1.0));
#2739=PLANE('',#2740);
#2740=AXIS2_PLACEMENT_3D('',#2741,#2742,#2743);
#2741=CARTESIAN_POINT('',(0.7,1.47,-2.95));
#2742=DIRECTION('',(1.0,0.0,0.0));
#2743=DIRECTION('',(0.0,1.0,0.0));
#2744=ADVANCED_FACE('',(#2745),#2811,.F.);
#2745=FACE_BOUND('',#2746,.T.);
#2746=EDGE_LOOP('',(#2747,#2757,#2765,#2771,#2772,#2773,#2781,#2789,#2797,#2805));
#2747=ORIENTED_EDGE('',*,*,#2748,.T.);
#2748=EDGE_CURVE('',#2749,#2751,#2753,.T.);
#2749=VERTEX_POINT('',#2750);
#2750=CARTESIAN_POINT('',(1.4,2.1,-2.75));
#2751=VERTEX_POINT('',#2752);
#2752=CARTESIAN_POINT('',(1.4,1.74,-2.9));
#2753=LINE('',#2754,#2755);
#2754=CARTESIAN_POINT('',(1.4,2.1,-2.75));
#2755=VECTOR('',#2756,1.0);
#2756=DIRECTION('',(0.0,-0.923076923,-0.384615385));
#2757=ORIENTED_EDGE('',*,*,#2758,.T.);
#2758=EDGE_CURVE('',#2751,#2759,#2761,.T.);
#2759=VERTEX_POINT('',#2760);
#2760=CARTESIAN_POINT('',(0.75,1.74,-2.9));
#2761=LINE('',#2762,#2763);
#2762=CARTESIAN_POINT('',(1.4,1.74,-2.9));
#2763=VECTOR('',#2764,1.0);
#2764=DIRECTION('',(-1.0,0.0,0.0));
#2765=ORIENTED_EDGE('',*,*,#2766,.T.);
#2766=EDGE_CURVE('',#2759,#2719,#2767,.T.);
#2767=LINE('',#2768,#2769);
#2768=CARTESIAN_POINT('',(0.75,1.74,-2.9));
#2769=VECTOR('',#2770,1.0);
#2770=DIRECTION('',(-1.0,0.0,0.0));
#2771=ORIENTED_EDGE('',*,*,#2718,.F.);
#2772=ORIENTED_EDGE('',*,*,#2695,.F.);
#2773=ORIENTED_EDGE('',*,*,#2774,.T.);
#2774=EDGE_CURVE('',#2688,#2775,#2777,.T.);
#2775=VERTEX_POINT('',#2776);
#2776=CARTESIAN_POINT('',(-1.073258211E-11,1.9,-2.833333333));
#2777=LINE('',#2778,#2779);
#2778=CARTESIAN_POINT('',(0.0,1.5,-3.0));
#2779=VECTOR('',#2780,1.0);
#2780=DIRECTION('',(0.0,0.923076923,0.384615385));
#2781=ORIENTED_EDGE('',*,*,#2782,.T.);
#2782=EDGE_CURVE('',#2775,#2783,#2785,.T.);
#2783=VERTEX_POINT('',#2784);
#2784=CARTESIAN_POINT('',(0.1,2.1,-2.75));
#2785=LINE('',#2786,#2787);
#2786=CARTESIAN_POINT('',(-1.004958765E-11,1.9,-2.833333333));
#2787=VECTOR('',#2788,1.0);
#2788=DIRECTION('',(0.419058177,0.838116355,0.349215148));
#2789=ORIENTED_EDGE('',*,*,#2790,.T.);
#2790=EDGE_CURVE('',#2783,#2791,#2793,.F.);
#2791=VERTEX_POINT('',#2792);
#2792=CARTESIAN_POINT('',(0.488196601,2.1,-2.75));
#2793=LINE('',#2794,#2795);
#2794=CARTESIAN_POINT('',(0.488196601,2.1,-2.75));
#2795=VECTOR('',#2796,1.0);
#2796=DIRECTION('',(-1.0,0.0,0.0));
#2797=ORIENTED_EDGE('',*,*,#2798,.T.);
#2798=EDGE_CURVE('',#2791,#2799,#2801,.F.);
#2799=VERTEX_POINT('',#2800);
#2800=CARTESIAN_POINT('',(0.711803399,2.1,-2.75));
#2801=LINE('',#2802,#2803);
#2802=CARTESIAN_POINT('',(0.711803399,2.1,-2.75));
#2803=VECTOR('',#2804,1.0);
#2804=DIRECTION('',(-1.0,0.0,0.0));
#2805=ORIENTED_EDGE('',*,*,#2806,.T.);
#2806=EDGE_CURVE('',#2799,#2749,#2807,.F.);
#2807=LINE('',#2808,#2809);
#2808=CARTESIAN_POINT('',(1.4,2.1,-2.75));
#2809=VECTOR('',#2810,1.0);
#2810=DIRECTION('',(-1.0,0.0,0.0));
#2811=PLANE('',#2812);
#2812=AXIS2_PLACEMENT_3D('',#2813,#2814,#2815);
#2813=CARTESIAN_POINT('',(0.7,1.8,-2.875));
#2814=DIRECTION('',(0.0,-0.384615385,0.923076923));
#2815=DIRECTION('',(-1.0,0.0,0.0));
#2816=ADVANCED_FACE('',(#2817),#2861,.F.);
#2817=FACE_BOUND('',#2818,.T.);
#2818=EDGE_LOOP('',(#2819,#2827,#2828,#2829,#2837,#2846,#2855));
#2819=ORIENTED_EDGE('',*,*,#2820,.T.);
#2820=EDGE_CURVE('',#2821,#2775,#2823,.F.);
#2821=VERTEX_POINT('',#2822);
#2822=CARTESIAN_POINT('',(6.505206243E-18,1.9,-2.8));
#2823=LINE('',#2824,#2825);
#2824=CARTESIAN_POINT('',(-1.004958765E-11,1.9,-2.833333333));
#2825=VECTOR('',#2826,1.0);
#2826=DIRECTION('',(0.0,0.0,1.0));
#2827=ORIENTED_EDGE('',*,*,#2774,.F.);
#2828=ORIENTED_EDGE('',*,*,#2687,.F.);
#2829=ORIENTED_EDGE('',*,*,#2830,.T.);
#2830=EDGE_CURVE('',#2680,#2831,#2833,.F.);
#2831=VERTEX_POINT('',#2832);
#2832=CARTESIAN_POINT('',(7.872542961E-23,1.3,-2.68033786));
#2833=LINE('',#2834,#2835);
#2834=CARTESIAN_POINT('',(0.0,1.3,-2.68033786));
#2835=VECTOR('',#2836,1.0);
#2836=DIRECTION('',(0.0,0.0,-1.0));
#2837=ORIENTED_EDGE('',*,*,#2838,.T.);
#2838=EDGE_CURVE('',#2831,#2839,#2841,.F.);
#2839=VERTEX_POINT('',#2840);
#2840=CARTESIAN_POINT('',(-2.227751314E-22,1.308578644,-2.7));
#2841=CIRCLE('',#2842,0.15);
#2842=AXIS2_PLACEMENT_3D('',#2843,#2844,#2845);
#2843=CARTESIAN_POINT('',(0.0,1.167157288,-2.75));
#2844=DIRECTION('',(1.0,0.0,0.0));
#2845=DIRECTION('',(0.0,0.942809042,0.333333333));
#2846=ORIENTED_EDGE('',*,*,#2847,.T.);
#2847=EDGE_CURVE('',#2839,#2848,#2850,.F.);
#2848=VERTEX_POINT('',#2849);
#2849=CARTESIAN_POINT('',(0.0,1.45,-2.8));
#2850=CIRCLE('',#2851,0.15);
#2851=AXIS2_PLACEMENT_3D('',#2852,#2853,#2854);
#2852=CARTESIAN_POINT('',(0.0,1.45,-2.65));
#2853=DIRECTION('',(-1.0,0.0,0.0));
#2854=DIRECTION('',(0.0,0.0,-1.0));
#2855=ORIENTED_EDGE('',*,*,#2856,.T.);
#2856=EDGE_CURVE('',#2848,#2821,#2857,.F.);
#2857=LINE('',#2858,#2859);
#2858=CARTESIAN_POINT('',(0.0,1.9,-2.8));
#2859=VECTOR('',#2860,1.0);
#2860=DIRECTION('',(0.0,-1.0,0.0));
#2861=PLANE('',#2862);
#2862=AXIS2_PLACEMENT_3D('',#2863,#2864,#2865);
#2863=CARTESIAN_POINT('',(0.0,0.95,-2.525));
#2864=DIRECTION('',(1.0,0.0,0.0));
#2865=DIRECTION('',(0.0,1.0,0.0));
#2866=ADVANCED_FACE('',(#2867),#2909,.T.);
#2867=FACE_BOUND('',#2868,.T.);
#2868=EDGE_LOOP('',(#2869,#2879,#2888,#2896,#2903));
#2869=ORIENTED_EDGE('',*,*,#2870,.T.);
#2870=EDGE_CURVE('',#2871,#2873,#2875,.T.);
#2871=VERTEX_POINT('',#2872);
#2872=CARTESIAN_POINT('',(2.125085951E-12,1.3,-2.5));
#2873=VERTEX_POINT('',#2874);
#2874=CARTESIAN_POINT('',(-4.296142834E-22,0.058578644,-2.5));
#2875=LINE('',#2876,#2877);
#2876=CARTESIAN_POINT('',(0.0,1.3,-2.5));
#2877=VECTOR('',#2878,1.0);
#2878=DIRECTION('',(0.0,-1.0,0.0));
#2879=ORIENTED_EDGE('',*,*,#2880,.T.);
#2880=EDGE_CURVE('',#2873,#2881,#2883,.F.);
#2881=VERTEX_POINT('',#2882);
#2882=CARTESIAN_POINT('',(0.0,0.2,-2.6));
#2883=CIRCLE('',#2884,0.15);
#2884=AXIS2_PLACEMENT_3D('',#2885,#2886,#2887);
#2885=CARTESIAN_POINT('',(0.0,0.2,-2.45));
#2886=DIRECTION('',(-1.0,0.0,0.0));
#2887=DIRECTION('',(0.0,0.0,-1.0));
#2888=ORIENTED_EDGE('',*,*,#2889,.T.);
#2889=EDGE_CURVE('',#2881,#2890,#2892,.T.);
#2890=VERTEX_POINT('',#2891);
#2891=CARTESIAN_POINT('',(3.334233334E-22,1.167157288,-2.6));
#2892=LINE('',#2893,#2894);
#2893=CARTESIAN_POINT('',(0.0,0.2,-2.6));
#2894=VECTOR('',#2895,1.0);
#2895=DIRECTION('',(0.0,1.0,0.0));
#2896=ORIENTED_EDGE('',*,*,#2897,.T.);
#2897=EDGE_CURVE('',#2890,#2831,#2898,.F.);
#2898=CIRCLE('',#2899,0.15);
#2899=AXIS2_PLACEMENT_3D('',#2900,#2901,#2902);
#2900=CARTESIAN_POINT('',(0.0,1.167157288,-2.75));
#2901=DIRECTION('',(1.0,0.0,0.0));
#2902=DIRECTION('',(0.0,0.885618083,0.464414266));
#2903=ORIENTED_EDGE('',*,*,#2904,.T.);
#2904=EDGE_CURVE('',#2831,#2871,#2905,.F.);
#2905=LINE('',#2906,#2907);
#2906=CARTESIAN_POINT('',(0.0,1.3,-2.5));
#2907=VECTOR('',#2908,1.0);
#2908=DIRECTION('',(0.0,0.0,-1.0));
#2909=PLANE('',#2910);
#2910=AXIS2_PLACEMENT_3D('',#2911,#2912,#2913);
#2911=CARTESIAN_POINT('',(0.0,1.025,-2.45));
#2912=DIRECTION('',(1.0,0.0,0.0));
#2913=DIRECTION('',(0.0,1.0,0.0));
#2914=ADVANCED_FACE('',(#2915),#2989,.T.);
#2915=FACE_BOUND('',#2916,.T.);
#2916=EDGE_LOOP('',(#2917,#2927,#2935,#2943,#2951,#2959,#2967,#2975,#2983));
#2917=ORIENTED_EDGE('',*,*,#2918,.T.);
#2918=EDGE_CURVE('',#2919,#2921,#2923,.F.);
#2919=VERTEX_POINT('',#2920);
#2920=CARTESIAN_POINT('',(0.85,0.895607999,-2.05));
#2921=VERTEX_POINT('',#2922);
#2922=CARTESIAN_POINT('',(0.845607999,0.9,-2.05));
#2923=LINE('',#2924,#2925);
#2924=CARTESIAN_POINT('',(0.845607999,0.9,-2.05));
#2925=VECTOR('',#2926,1.0);
#2926=DIRECTION('',(0.707106781,-0.707106781,0.0));
#2927=ORIENTED_EDGE('',*,*,#2928,.T.);
#2928=EDGE_CURVE('',#2921,#2929,#2931,.T.);
#2929=VERTEX_POINT('',#2930);
#2930=CARTESIAN_POINT('',(0.6,0.9,-2.05));
#2931=LINE('',#2932,#2933);
#2932=CARTESIAN_POINT('',(0.845607999,0.9,-2.05));
#2933=VECTOR('',#2934,1.0);
#2934=DIRECTION('',(-1.0,0.0,0.0));
#2935=ORIENTED_EDGE('',*,*,#2936,.T.);
#2936=EDGE_CURVE('',#2929,#2937,#2939,.T.);
#2937=VERTEX_POINT('',#2938);
#2938=CARTESIAN_POINT('',(0.6,2.0,-2.05));
#2939=LINE('',#2940,#2941);
#2940=CARTESIAN_POINT('',(0.6,0.9,-2.05));
#2941=VECTOR('',#2942,1.0);
#2942=DIRECTION('',(0.0,1.0,0.0));
#2943=ORIENTED_EDGE('',*,*,#2944,.T.);
#2944=EDGE_CURVE('',#2937,#2945,#2947,.F.);
#2945=VERTEX_POINT('',#2946);
#2946=CARTESIAN_POINT('',(0.7,2.1,-2.05));
#2947=LINE('',#2948,#2949);
#2948=CARTESIAN_POINT('',(0.7,2.1,-2.05));
#2949=VECTOR('',#2950,1.0);
#2950=DIRECTION('',(-0.707106781,-0.707106781,0.0));
#2951=ORIENTED_EDGE('',*,*,#2952,.T.);
#2952=EDGE_CURVE('',#2945,#2953,#2955,.F.);
#2953=VERTEX_POINT('',#2954);
#2954=CARTESIAN_POINT('',(0.1,2.1,-2.05));
#2955=LINE('',#2956,#2957);
#2956=CARTESIAN_POINT('',(0.1,2.1,-2.05));
#2957=VECTOR('',#2958,1.0);
#2958=DIRECTION('',(1.0,0.0,0.0));
#2959=ORIENTED_EDGE('',*,*,#2960,.T.);
#2960=EDGE_CURVE('',#2953,#2961,#2963,.F.);
#2961=VERTEX_POINT('',#2962);
#2962=CARTESIAN_POINT('',(-1.138297302E-11,1.9,-2.05));
#2963=LINE('',#2964,#2965);
#2964=CARTESIAN_POINT('',(-1.004962697E-11,1.9,-2.05));
#2965=VECTOR('',#2966,1.0);
#2966=DIRECTION('',(0.447213596,0.894427191,0.0));
#2967=ORIENTED_EDGE('',*,*,#2968,.T.);
#2968=EDGE_CURVE('',#2961,#2969,#2971,.T.);
#2969=VERTEX_POINT('',#2970);
#2970=CARTESIAN_POINT('',(5.705312766E-17,0.2,-2.05));
#2971=LINE('',#2972,#2973);
#2972=CARTESIAN_POINT('',(-1.004962697E-11,1.9,-2.05));
#2973=VECTOR('',#2974,1.0);
#2974=DIRECTION('',(0.0,-1.0,0.0));
#2975=ORIENTED_EDGE('',*,*,#2976,.T.);
#2976=EDGE_CURVE('',#2969,#2977,#2979,.T.);
#2977=VERTEX_POINT('',#2978);
#2978=CARTESIAN_POINT('',(0.85,0.2,-2.05));
#2979=LINE('',#2980,#2981);
#2980=CARTESIAN_POINT('',(0.0,0.2,-2.05));
#2981=VECTOR('',#2982,1.0);
#2982=DIRECTION('',(1.0,0.0,0.0));
#2983=ORIENTED_EDGE('',*,*,#2984,.T.);
#2984=EDGE_CURVE('',#2977,#2919,#2985,.T.);
#2985=LINE('',#2986,#2987);
#2986=CARTESIAN_POINT('',(0.85,0.2,-2.05));
#2987=VECTOR('',#2988,1.0);
#2988=DIRECTION('',(0.0,1.0,0.0));
#2989=PLANE('',#2990);
#2990=AXIS2_PLACEMENT_3D('',#2991,#2992,#2993);
#2991=CARTESIAN_POINT('',(0.425,1.15,-2.05));
#2992=DIRECTION('',(0.0,0.0,1.0));
#2993=DIRECTION('',(1.0,0.0,0.0));
#2994=ADVANCED_FACE('',(#2995),#3028,.T.);
#2995=FACE_BOUND('',#2996,.T.);
#2996=EDGE_LOOP('',(#2997,#3005,#3013,#3021,#3027));
#2997=ORIENTED_EDGE('',*,*,#2998,.T.);
#2998=EDGE_CURVE('',#2919,#2999,#3001,.F.);
#2999=VERTEX_POINT('',#3000);
#3000=CARTESIAN_POINT('',(0.85,0.895607999,-2.15));
#3001=LINE('',#3002,#3003);
#3002=CARTESIAN_POINT('',(0.85,0.895607999,-2.15));
#3003=VECTOR('',#3004,1.0);
#3004=DIRECTION('',(0.0,0.0,1.0));
#3005=ORIENTED_EDGE('',*,*,#3006,.T.);
#3006=EDGE_CURVE('',#2999,#3007,#3009,.T.);
#3007=VERTEX_POINT('',#3008);
#3008=CARTESIAN_POINT('',(0.75,0.995607999,-2.15));
#3009=LINE('',#3010,#3011);
#3010=CARTESIAN_POINT('',(0.85,0.895607999,-2.15));
#3011=VECTOR('',#3012,1.0);
#3012=DIRECTION('',(-0.707106781,0.707106781,0.0));
#3013=ORIENTED_EDGE('',*,*,#3014,.T.);
#3014=EDGE_CURVE('',#3007,#3015,#3017,.T.);
#3015=VERTEX_POINT('',#3016);
#3016=CARTESIAN_POINT('',(0.75,0.995607999,-2.05));
#3017=LINE('',#3018,#3019);
#3018=CARTESIAN_POINT('',(0.75,0.995607999,-2.15));
#3019=VECTOR('',#3020,1.0);
#3020=DIRECTION('',(0.0,0.0,1.0));
#3021=ORIENTED_EDGE('',*,*,#3022,.T.);
#3022=EDGE_CURVE('',#3015,#2921,#3023,.T.);
#3023=LINE('',#3024,#3025);
#3024=CARTESIAN_POINT('',(0.75,0.995607999,-2.05));
#3025=VECTOR('',#3026,1.0);
#3026=DIRECTION('',(0.707106781,-0.707106781,0.0));
#3027=ORIENTED_EDGE('',*,*,#2918,.F.);
#3028=PLANE('',#3029);
#3029=AXIS2_PLACEMENT_3D('',#3030,#3031,#3032);
#3030=CARTESIAN_POINT('',(0.8,0.945607999,-2.1));
#3031=DIRECTION('',(0.707106781,0.707106781,0.0));
#3032=DIRECTION('',(0.0,0.0,-1.0));
#3033=ADVANCED_FACE('',(#3034),#3091,.T.);
#3034=FACE_BOUND('',#3035,.T.);
#3035=EDGE_LOOP('',(#3036,#3046,#3054,#3060,#3061,#3069,#3077,#3085));
#3036=ORIENTED_EDGE('',*,*,#3037,.T.);
#3037=EDGE_CURVE('',#3038,#3040,#3042,.F.);
#3038=VERTEX_POINT('',#3039);
#3039=CARTESIAN_POINT('',(0.7525,0.995607999,-2.15));
#3040=VERTEX_POINT('',#3041);
#3041=CARTESIAN_POINT('',(0.7525,1.1,-2.15));
#3042=LINE('',#3043,#3044);
#3043=CARTESIAN_POINT('',(0.7525,1.1,-2.15));
#3044=VECTOR('',#3045,1.0);
#3045=DIRECTION('',(0.0,-1.0,0.0));
#3046=ORIENTED_EDGE('',*,*,#3047,.T.);
#3047=EDGE_CURVE('',#3040,#3048,#3050,.F.);
#3048=VERTEX_POINT('',#3049);
#3049=CARTESIAN_POINT('',(0.75,1.1,-2.15));
#3050=LINE('',#3051,#3052);
#3051=CARTESIAN_POINT('',(0.75,1.1,-2.15));
#3052=VECTOR('',#3053,1.0);
#3053=DIRECTION('',(1.0,0.0,0.0));
#3054=ORIENTED_EDGE('',*,*,#3055,.T.);
#3055=EDGE_CURVE('',#3048,#3007,#3056,.F.);
#3056=LINE('',#3057,#3058);
#3057=CARTESIAN_POINT('',(0.75,0.995607999,-2.15));
#3058=VECTOR('',#3059,1.0);
#3059=DIRECTION('',(0.0,1.0,0.0));
#3060=ORIENTED_EDGE('',*,*,#3006,.F.);
#3061=ORIENTED_EDGE('',*,*,#3062,.T.);
#3062=EDGE_CURVE('',#2999,#3063,#3065,.F.);
#3063=VERTEX_POINT('',#3064);
#3064=CARTESIAN_POINT('',(0.85,0.199817211,-2.15));
#3065=LINE('',#3066,#3067);
#3066=CARTESIAN_POINT('',(0.85,0.199817211,-2.15));
#3067=VECTOR('',#3068,1.0);
#3068=DIRECTION('',(0.0,1.0,0.0));
#3069=ORIENTED_EDGE('',*,*,#3070,.T.);
#3070=EDGE_CURVE('',#3063,#3071,#3073,.T.);
#3071=VERTEX_POINT('',#3072);
#3072=CARTESIAN_POINT('',(0.8525,0.199817211,-2.15));
#3073=LINE('',#3074,#3075);
#3074=CARTESIAN_POINT('',(0.85,0.199817211,-2.15));
#3075=VECTOR('',#3076,1.0);
#3076=DIRECTION('',(1.0,0.0,0.0));
#3077=ORIENTED_EDGE('',*,*,#3078,.T.);
#3078=EDGE_CURVE('',#3071,#3079,#3081,.T.);
#3079=VERTEX_POINT('',#3080);
#3080=CARTESIAN_POINT('',(0.8525,0.895607999,-2.15));
#3081=LINE('',#3082,#3083);
#3082=CARTESIAN_POINT('',(0.8525,0.199817211,-2.15));
#3083=VECTOR('',#3084,1.0);
#3084=DIRECTION('',(0.0,1.0,0.0));
#3085=ORIENTED_EDGE('',*,*,#3086,.T.);
#3086=EDGE_CURVE('',#3079,#3038,#3087,.T.);
#3087=LINE('',#3088,#3089);
#3088=CARTESIAN_POINT('',(0.8525,0.895607999,-2.15));
#3089=VECTOR('',#3090,1.0);
#3090=DIRECTION('',(-0.707106781,0.707106781,0.0));
#3091=PLANE('',#3092);
#3092=AXIS2_PLACEMENT_3D('',#3093,#3094,#3095);
#3093=CARTESIAN_POINT('',(1.1,0.649908605,-2.15));
#3094=DIRECTION('',(0.0,0.0,1.0));
#3095=DIRECTION('',(1.0,0.0,0.0));
#3096=ADVANCED_FACE('',(#3097),#3124,.T.);
#3097=FACE_BOUND('',#3098,.T.);
#3098=EDGE_LOOP('',(#3099,#3100,#3109,#3117));
#3099=ORIENTED_EDGE('',*,*,#3070,.F.);
#3100=ORIENTED_EDGE('',*,*,#3101,.T.);
#3101=EDGE_CURVE('',#3063,#3102,#3104,.T.);
#3102=VERTEX_POINT('',#3103);
#3103=CARTESIAN_POINT('',(0.85,0.099878128,-2.24651005));
#3104=CIRCLE('',#3105,0.1);
#3105=AXIS2_PLACEMENT_3D('',#3106,#3107,#3108);
#3106=CARTESIAN_POINT('',(0.85,0.199817211,-2.25));
#3107=DIRECTION('',(1.0,0.0,0.0));
#3108=DIRECTION('',(0.0,0.0,1.0));
#3109=ORIENTED_EDGE('',*,*,#3110,.T.);
#3110=EDGE_CURVE('',#3102,#3111,#3113,.F.);
#3111=VERTEX_POINT('',#3112);
#3112=CARTESIAN_POINT('',(0.8525,0.099878128,-2.24651005));
#3113=LINE('',#3114,#3115);
#3114=CARTESIAN_POINT('',(0.8525,0.099878128,-2.24651005));
#3115=VECTOR('',#3116,1.0);
#3116=DIRECTION('',(-1.0,0.0,0.0));
#3117=ORIENTED_EDGE('',*,*,#3118,.T.);
#3118=EDGE_CURVE('',#3111,#3071,#3119,.F.);
#3119=CIRCLE('',#3120,0.1);
#3120=AXIS2_PLACEMENT_3D('',#3121,#3122,#3123);
#3121=CARTESIAN_POINT('',(0.8525,0.199817211,-2.25));
#3122=DIRECTION('',(1.0,0.0,0.0));
#3123=DIRECTION('',(0.0,0.0,1.0));
#3124=CYLINDRICAL_SURFACE('',#3125,0.1);
#3125=AXIS2_PLACEMENT_3D('',#3126,#3127,#3128);
#3126=CARTESIAN_POINT('',(0.792,0.199817211,-2.25));
#3127=DIRECTION('',(-1.0,0.0,0.0));
#3128=DIRECTION('',(0.0,-1.0,0.0));
#3129=ADVANCED_FACE('',(#3130),#3146,.F.);
#3130=FACE_BOUND('',#3131,.T.);
#3131=EDGE_LOOP('',(#3132,#3133,#3139,#3140));
#3132=ORIENTED_EDGE('',*,*,#3110,.F.);
#3133=ORIENTED_EDGE('',*,*,#3134,.T.);
#3134=EDGE_CURVE('',#3102,#2366,#3135,.T.);
#3135=LINE('',#3136,#3137);
#3136=CARTESIAN_POINT('',(0.85,0.099878128,-2.24651005));
#3137=VECTOR('',#3138,1.0);
#3138=DIRECTION('',(0.0,-0.034899497,-0.999390827));
#3139=ORIENTED_EDGE('',*,*,#2365,.F.);
#3140=ORIENTED_EDGE('',*,*,#3141,.T.);
#3141=EDGE_CURVE('',#2358,#3111,#3142,.T.);
#3142=LINE('',#3143,#3144);
#3143=CARTESIAN_POINT('',(0.8525,0.077057756,-2.9));
#3144=VECTOR('',#3145,1.0);
#3145=DIRECTION('',(0.0,0.034899497,0.999390827));
#3146=PLANE('',#3147);
#3147=AXIS2_PLACEMENT_3D('',#3148,#3149,#3150);
#3148=CARTESIAN_POINT('',(1.15,0.088467942,-2.573255025));
#3149=DIRECTION('',(0.0,0.999390827,-0.034899497));
#3150=DIRECTION('',(-1.0,0.0,0.0));
#3151=ADVANCED_FACE('',(#3152),#3194,.F.);
#3152=FACE_BOUND('',#3153,.T.);
#3153=EDGE_LOOP('',(#3154,#3164,#3172,#3180,#3188));
#3154=ORIENTED_EDGE('',*,*,#3155,.T.);
#3155=EDGE_CURVE('',#3156,#3158,#3160,.F.);
#3156=VERTEX_POINT('',#3157);
#3157=CARTESIAN_POINT('',(0.0,0.05,-2.117712434));
#3158=VERTEX_POINT('',#3159);
#3159=CARTESIAN_POINT('',(0.0,0.05,-2.1));
#3160=LINE('',#3161,#3162);
#3161=CARTESIAN_POINT('',(0.0,0.05,-2.1));
#3162=VECTOR('',#3163,1.0);
#3163=DIRECTION('',(0.0,0.0,-1.0));
#3164=ORIENTED_EDGE('',*,*,#3165,.T.);
#3165=EDGE_CURVE('',#3158,#3166,#3168,.F.);
#3166=VERTEX_POINT('',#3167);
#3167=CARTESIAN_POINT('',(-0.1,0.05,-2.1));
#3168=LINE('',#3169,#3170);
#3169=CARTESIAN_POINT('',(-0.1,0.05,-2.1));
#3170=VECTOR('',#3171,1.0);
#3171=DIRECTION('',(1.0,0.0,0.0));
#3172=ORIENTED_EDGE('',*,*,#3173,.T.);
#3173=EDGE_CURVE('',#3166,#3174,#3176,.F.);
#3174=VERTEX_POINT('',#3175);
#3175=CARTESIAN_POINT('',(-0.1,0.05,-2.45));
#3176=LINE('',#3177,#3178);
#3177=CARTESIAN_POINT('',(-0.1,0.05,-2.45));
#3178=VECTOR('',#3179,1.0);
#3179=DIRECTION('',(0.0,0.0,1.0));
#3180=ORIENTED_EDGE('',*,*,#3181,.T.);
#3181=EDGE_CURVE('',#3174,#3182,#3184,.T.);
#3182=VERTEX_POINT('',#3183);
#3183=CARTESIAN_POINT('',(0.0,0.05,-2.45));
#3184=LINE('',#3185,#3186);
#3185=CARTESIAN_POINT('',(-0.1,0.05,-2.45));
#3186=VECTOR('',#3187,1.0);
#3187=DIRECTION('',(1.0,0.0,0.0));
#3188=ORIENTED_EDGE('',*,*,#3189,.T.);
#3189=EDGE_CURVE('',#3182,#3156,#3190,.F.);
#3190=LINE('',#3191,#3192);
#3191=CARTESIAN_POINT('',(0.0,0.05,-2.117712434));
#3192=VECTOR('',#3193,1.0);
#3193=DIRECTION('',(0.0,0.0,-1.0));
#3194=PLANE('',#3195);
#3195=AXIS2_PLACEMENT_3D('',#3196,#3197,#3198);
#3196=CARTESIAN_POINT('',(-0.05,0.05,-2.275));
#3197=DIRECTION('',(0.0,1.0,0.0));
#3198=DIRECTION('',(1.0,0.0,0.0));
#3199=ADVANCED_FACE('',(#3200),#3226,.T.);
#3200=FACE_BOUND('',#3201,.T.);
#3201=EDGE_LOOP('',(#3202,#3203,#3212,#3218,#3219));
#3202=ORIENTED_EDGE('',*,*,#3181,.F.);
#3203=ORIENTED_EDGE('',*,*,#3204,.T.);
#3204=EDGE_CURVE('',#3174,#3205,#3207,.T.);
#3205=VERTEX_POINT('',#3206);
#3206=CARTESIAN_POINT('',(-0.1,0.2,-2.6));
#3207=CIRCLE('',#3208,0.15);
#3208=AXIS2_PLACEMENT_3D('',#3209,#3210,#3211);
#3209=CARTESIAN_POINT('',(-0.1,0.2,-2.45));
#3210=DIRECTION('',(1.0,0.0,0.0));
#3211=DIRECTION('',(0.0,-1.0,0.0));
#3212=ORIENTED_EDGE('',*,*,#3213,.T.);
#3213=EDGE_CURVE('',#3205,#2881,#3214,.T.);
#3214=LINE('',#3215,#3216);
#3215=CARTESIAN_POINT('',(-0.1,0.2,-2.6));
#3216=VECTOR('',#3217,1.0);
#3217=DIRECTION('',(1.0,0.0,0.0));
#3218=ORIENTED_EDGE('',*,*,#2880,.F.);
#3219=ORIENTED_EDGE('',*,*,#3220,.T.);
#3220=EDGE_CURVE('',#2873,#3182,#3221,.T.);
#3221=CIRCLE('',#3222,0.15);
#3222=AXIS2_PLACEMENT_3D('',#3223,#3224,#3225);
#3223=CARTESIAN_POINT('',(0.0,0.2,-2.45));
#3224=DIRECTION('',(-1.0,0.0,0.0));
#3225=DIRECTION('',(0.0,-0.942809042,-0.333333333));
#3226=CYLINDRICAL_SURFACE('',#3227,0.15);
#3227=AXIS2_PLACEMENT_3D('',#3228,#3229,#3230);
#3228=CARTESIAN_POINT('',(0.007368686,0.2,-2.45));
#3229=DIRECTION('',(1.0,0.0,0.0));
#3230=DIRECTION('',(0.0,0.0,-1.0));
#3231=ADVANCED_FACE('',(#3232),#3250,.T.);
#3232=FACE_BOUND('',#3233,.T.);
#3233=EDGE_LOOP('',(#3234,#3242,#3243));
#3234=ORIENTED_EDGE('',*,*,#3235,.T.);
#3235=EDGE_CURVE('',#3236,#3158,#3238,.T.);
#3236=VERTEX_POINT('',#3237);
#3237=CARTESIAN_POINT('',(0.0,0.067712434,-2.1));
#3238=LINE('',#3239,#3240);
#3239=CARTESIAN_POINT('',(0.0,0.067712434,-2.1));
#3240=VECTOR('',#3241,1.0);
#3241=DIRECTION('',(0.0,-1.0,0.0));
#3242=ORIENTED_EDGE('',*,*,#3155,.F.);
#3243=ORIENTED_EDGE('',*,*,#3244,.T.);
#3244=EDGE_CURVE('',#3156,#3236,#3245,.F.);
#3245=CIRCLE('',#3246,0.2);
#3246=AXIS2_PLACEMENT_3D('',#3247,#3248,#3249);
#3247=CARTESIAN_POINT('',(0.0,0.2,-2.25));
#3248=DIRECTION('',(1.0,0.0,0.0));
#3249=DIRECTION('',(0.0,-0.661437828,0.75));
#3250=PLANE('',#3251);
#3251=AXIS2_PLACEMENT_3D('',#3252,#3253,#3254);
#3252=CARTESIAN_POINT('',(0.0,1.025,-2.45));
#3253=DIRECTION('',(1.0,0.0,0.0));
#3254=DIRECTION('',(0.0,1.0,0.0));
#3255=ADVANCED_FACE('',(#3256),#3280,.F.);
#3256=FACE_BOUND('',#3257,.T.);
#3257=EDGE_LOOP('',(#3258,#3265,#3266,#3274));
#3258=ORIENTED_EDGE('',*,*,#3259,.T.);
#3259=EDGE_CURVE('',#3236,#2969,#3260,.F.);
#3260=CIRCLE('',#3261,0.2);
#3261=AXIS2_PLACEMENT_3D('',#3262,#3263,#3264);
#3262=CARTESIAN_POINT('',(0.0,0.2,-2.25));
#3263=DIRECTION('',(1.0,0.0,0.0));
#3264=DIRECTION('',(0.0,0.0,1.0));
#3265=ORIENTED_EDGE('',*,*,#2968,.F.);
#3266=ORIENTED_EDGE('',*,*,#3267,.T.);
#3267=EDGE_CURVE('',#2961,#3268,#3270,.F.);
#3268=VERTEX_POINT('',#3269);
#3269=CARTESIAN_POINT('',(-5.024732771E-22,1.9,-2.1));
#3270=LINE('',#3271,#3272);
#3271=CARTESIAN_POINT('',(0.0,1.9,-2.1));
#3272=VECTOR('',#3273,1.0);
#3273=DIRECTION('',(0.0,0.0,1.0));
#3274=ORIENTED_EDGE('',*,*,#3275,.T.);
#3275=EDGE_CURVE('',#3268,#3236,#3276,.T.);
#3276=LINE('',#3277,#3278);
#3277=CARTESIAN_POINT('',(0.0,1.9,-2.1));
#3278=VECTOR('',#3279,1.0);
#3279=DIRECTION('',(0.0,-1.0,0.0));
#3280=PLANE('',#3281);
#3281=AXIS2_PLACEMENT_3D('',#3282,#3283,#3284);
#3282=CARTESIAN_POINT('',(0.0,0.95,-2.525));
#3283=DIRECTION('',(1.0,0.0,0.0));
#3284=DIRECTION('',(0.0,1.0,0.0));
#3285=ADVANCED_FACE('',(#3286),#3319,.F.);
#3286=FACE_BOUND('',#3287,.T.);
#3287=EDGE_LOOP('',(#3288,#3296,#3297,#3305,#3313));
#3288=ORIENTED_EDGE('',*,*,#3289,.T.);
#3289=EDGE_CURVE('',#3290,#3038,#3292,.T.);
#3290=VERTEX_POINT('',#3291);
#3291=CARTESIAN_POINT('',(0.7525,0.995607999,-2.05));
#3292=LINE('',#3293,#3294);
#3293=CARTESIAN_POINT('',(0.7525,0.995607999,-2.05));
#3294=VECTOR('',#3295,1.0);
#3295=DIRECTION('',(0.0,0.0,-1.0));
#3296=ORIENTED_EDGE('',*,*,#3086,.F.);
#3297=ORIENTED_EDGE('',*,*,#3298,.T.);
#3298=EDGE_CURVE('',#3079,#3299,#3301,.T.);
#3299=VERTEX_POINT('',#3300);
#3300=CARTESIAN_POINT('',(0.8525,0.895607999,-2.05));
#3301=LINE('',#3302,#3303);
#3302=CARTESIAN_POINT('',(0.8525,0.895607999,-2.15));
#3303=VECTOR('',#3304,1.0);
#3304=DIRECTION('',(0.0,0.0,1.0));
#3305=ORIENTED_EDGE('',*,*,#3306,.T.);
#3306=EDGE_CURVE('',#3299,#3307,#3309,.T.);
#3307=VERTEX_POINT('',#3308);
#3308=CARTESIAN_POINT('',(0.848107999,0.9,-2.05));
#3309=LINE('',#3310,#3311);
#3310=CARTESIAN_POINT('',(0.8525,0.895607999,-2.05));
#3311=VECTOR('',#3312,1.0);
#3312=DIRECTION('',(-0.707106781,0.707106781,0.0));
#3313=ORIENTED_EDGE('',*,*,#3314,.T.);
#3314=EDGE_CURVE('',#3307,#3290,#3315,.T.);
#3315=LINE('',#3316,#3317);
#3316=CARTESIAN_POINT('',(0.848107999,0.9,-2.05));
#3317=VECTOR('',#3318,1.0);
#3318=DIRECTION('',(-0.707106781,0.707106781,0.0));
#3319=PLANE('',#3320);
#3320=AXIS2_PLACEMENT_3D('',#3321,#3322,#3323);
#3321=CARTESIAN_POINT('',(0.8025,0.945607999,-2.1));
#3322=DIRECTION('',(0.707106781,0.707106781,0.0));
#3323=DIRECTION('',(0.0,0.0,-1.0));
#3324=ADVANCED_FACE('',(#3325),#3358,.T.);
#3325=FACE_BOUND('',#3326,.T.);
#3326=EDGE_LOOP('',(#3327,#3328,#3336,#3344,#3352));
#3327=ORIENTED_EDGE('',*,*,#3306,.F.);
#3328=ORIENTED_EDGE('',*,*,#3329,.T.);
#3329=EDGE_CURVE('',#3299,#3330,#3332,.F.);
#3330=VERTEX_POINT('',#3331);
#3331=CARTESIAN_POINT('',(0.8525,0.2,-2.05));
#3332=LINE('',#3333,#3334);
#3333=CARTESIAN_POINT('',(0.8525,0.2,-2.05));
#3334=VECTOR('',#3335,1.0);
#3335=DIRECTION('',(0.0,1.0,0.0));
#3336=ORIENTED_EDGE('',*,*,#3337,.T.);
#3337=EDGE_CURVE('',#3330,#3338,#3340,.F.);
#3338=VERTEX_POINT('',#3339);
#3339=CARTESIAN_POINT('',(1.4475,0.2,-2.05));
#3340=LINE('',#3341,#3342);
#3341=CARTESIAN_POINT('',(1.4475,0.2,-2.05));
#3342=VECTOR('',#3343,1.0);
#3343=DIRECTION('',(-1.0,0.0,0.0));
#3344=ORIENTED_EDGE('',*,*,#3345,.T.);
#3345=EDGE_CURVE('',#3338,#3346,#3348,.F.);
#3346=VERTEX_POINT('',#3347);
#3347=CARTESIAN_POINT('',(1.4475,0.9,-2.05));
#3348=LINE('',#3349,#3350);
#3349=CARTESIAN_POINT('',(1.4475,0.9,-2.05));
#3350=VECTOR('',#3351,1.0);
#3351=DIRECTION('',(0.0,-1.0,0.0));
#3352=ORIENTED_EDGE('',*,*,#3353,.T.);
#3353=EDGE_CURVE('',#3346,#3307,#3354,.F.);
#3354=LINE('',#3355,#3356);
#3355=CARTESIAN_POINT('',(0.848107999,0.9,-2.05));
#3356=VECTOR('',#3357,1.0);
#3357=DIRECTION('',(1.0,0.0,0.0));
#3358=PLANE('',#3359);
#3359=AXIS2_PLACEMENT_3D('',#3360,#3361,#3362);
#3360=CARTESIAN_POINT('',(1.1,0.65,-2.05));
#3361=DIRECTION('',(0.0,0.0,1.0));
#3362=DIRECTION('',(1.0,0.0,0.0));
#3363=ADVANCED_FACE('',(#3364),#3391,.T.);
#3364=FACE_BOUND('',#3365,.T.);
#3365=EDGE_LOOP('',(#3366,#3376,#3383,#3384));
#3366=ORIENTED_EDGE('',*,*,#3367,.T.);
#3367=EDGE_CURVE('',#3368,#3370,#3372,.F.);
#3368=VERTEX_POINT('',#3369);
#3369=CARTESIAN_POINT('',(0.8525,1.268522324E-13,-2.25));
#3370=VERTEX_POINT('',#3371);
#3371=CARTESIAN_POINT('',(1.4475,1.40285931E-13,-2.25));
#3372=LINE('',#3373,#3374);
#3373=CARTESIAN_POINT('',(1.4475,1.014028593E-11,-2.25));
#3374=VECTOR('',#3375,1.0);
#3375=DIRECTION('',(-1.0,0.0,0.0));
#3376=ORIENTED_EDGE('',*,*,#3377,.T.);
#3377=EDGE_CURVE('',#3370,#3338,#3378,.T.);
#3378=CIRCLE('',#3379,0.2);
#3379=AXIS2_PLACEMENT_3D('',#3380,#3381,#3382);
#3380=CARTESIAN_POINT('',(1.4475,0.2,-2.25));
#3381=DIRECTION('',(-1.0,0.0,0.0));
#3382=DIRECTION('',(0.0,-1.0,0.0));
#3383=ORIENTED_EDGE('',*,*,#3337,.F.);
#3384=ORIENTED_EDGE('',*,*,#3385,.T.);
#3385=EDGE_CURVE('',#3330,#3368,#3386,.T.);
#3386=CIRCLE('',#3387,0.2);
#3387=AXIS2_PLACEMENT_3D('',#3388,#3389,#3390);
#3388=CARTESIAN_POINT('',(0.8525,0.2,-2.25));
#3389=DIRECTION('',(1.0,0.0,0.0));
#3390=DIRECTION('',(0.0,0.0,1.0));
#3391=CYLINDRICAL_SURFACE('',#3392,0.2);
#3392=AXIS2_PLACEMENT_3D('',#3393,#3394,#3395);
#3393=CARTESIAN_POINT('',(0.7946,0.2,-2.25));
#3394=DIRECTION('',(-1.0,0.0,0.0));
#3395=DIRECTION('',(0.0,-1.0,0.0));
#3396=ADVANCED_FACE('',(#3397),#3422,.F.);
#3397=FACE_BOUND('',#3398,.T.);
#3398=EDGE_LOOP('',(#3399,#3407,#3408,#3416));
#3399=ORIENTED_EDGE('',*,*,#3400,.T.);
#3400=EDGE_CURVE('',#3401,#3370,#3403,.F.);
#3401=VERTEX_POINT('',#3402);
#3402=CARTESIAN_POINT('',(1.4475,1.401864735E-13,-3.0));
#3403=LINE('',#3404,#3405);
#3404=CARTESIAN_POINT('',(1.4475,1.014028593E-11,-2.25));
#3405=VECTOR('',#3406,1.0);
#3406=DIRECTION('',(0.0,0.0,-1.0));
#3407=ORIENTED_EDGE('',*,*,#3367,.F.);
#3408=ORIENTED_EDGE('',*,*,#3409,.T.);
#3409=EDGE_CURVE('',#3368,#3410,#3412,.T.);
#3410=VERTEX_POINT('',#3411);
#3411=CARTESIAN_POINT('',(0.8525,1.401679698E-13,-3.0));
#3412=LINE('',#3413,#3414);
#3413=CARTESIAN_POINT('',(0.8525,1.012685223E-11,-2.25));
#3414=VECTOR('',#3415,1.0);
#3415=DIRECTION('',(0.0,0.0,-1.0));
#3416=ORIENTED_EDGE('',*,*,#3417,.T.);
#3417=EDGE_CURVE('',#3410,#3401,#3418,.F.);
#3418=LINE('',#3419,#3420);
#3419=CARTESIAN_POINT('',(1.4475,1.014018647E-11,-3.0));
#3420=VECTOR('',#3421,1.0);
#3421=DIRECTION('',(-1.0,0.0,0.0));
#3422=PLANE('',#3423);
#3423=AXIS2_PLACEMENT_3D('',#3424,#3425,#3426);
#3424=CARTESIAN_POINT('',(1.15,1.40221168E-13,-2.625));
#3425=DIRECTION('',(0.0,1.0,0.0));
#3426=DIRECTION('',(1.0,0.0,0.0));
#3427=ADVANCED_FACE('',(#3428),#3453,.F.);
#3428=FACE_BOUND('',#3429,.T.);
#3429=EDGE_LOOP('',(#3430,#3438,#3446,#3452));
#3430=ORIENTED_EDGE('',*,*,#3431,.T.);
#3431=EDGE_CURVE('',#3410,#3432,#3434,.T.);
#3432=VERTEX_POINT('',#3433);
#3433=CARTESIAN_POINT('',(0.8525,0.1,-3.0));
#3434=LINE('',#3435,#3436);
#3435=CARTESIAN_POINT('',(0.8525,1.014016797E-11,-3.0));
#3436=VECTOR('',#3437,1.0);
#3437=DIRECTION('',(0.0,1.0,0.0));
#3438=ORIENTED_EDGE('',*,*,#3439,.T.);
#3439=EDGE_CURVE('',#3432,#3440,#3442,.T.);
#3440=VERTEX_POINT('',#3441);
#3441=CARTESIAN_POINT('',(1.4475,0.1,-3.0));
#3442=LINE('',#3443,#3444);
#3443=CARTESIAN_POINT('',(0.8525,0.1,-3.0));
#3444=VECTOR('',#3445,1.0);
#3445=DIRECTION('',(1.0,0.0,0.0));
#3446=ORIENTED_EDGE('',*,*,#3447,.T.);
#3447=EDGE_CURVE('',#3440,#3401,#3448,.F.);
#3448=LINE('',#3449,#3450);
#3449=CARTESIAN_POINT('',(1.4475,1.014018647E-11,-3.0));
#3450=VECTOR('',#3451,1.0);
#3451=DIRECTION('',(0.0,1.0,0.0));
#3452=ORIENTED_EDGE('',*,*,#3417,.F.);
#3453=PLANE('',#3454);
#3454=AXIS2_PLACEMENT_3D('',#3455,#3456,#3457);
#3455=CARTESIAN_POINT('',(1.15,0.05,-3.0));
#3456=DIRECTION('',(0.0,0.0,1.0));
#3457=DIRECTION('',(1.0,0.0,0.0));
#3458=ADVANCED_FACE('',(#3459),#3491,.F.);
#3459=FACE_BOUND('',#3460,.T.);
#3460=EDGE_LOOP('',(#3461,#3471,#3479,#3485));
#3461=ORIENTED_EDGE('',*,*,#3462,.T.);
#3462=EDGE_CURVE('',#3463,#3465,#3467,.T.);
#3463=VERTEX_POINT('',#3464);
#3464=CARTESIAN_POINT('',(1.4475,1.1,-2.05));
#3465=VERTEX_POINT('',#3466);
#3466=CARTESIAN_POINT('',(1.45,1.1,-2.05));
#3467=LINE('',#3468,#3469);
#3468=CARTESIAN_POINT('',(1.4475,1.1,-2.05));
#3469=VECTOR('',#3470,1.0);
#3470=DIRECTION('',(1.0,0.0,0.0));
#3471=ORIENTED_EDGE('',*,*,#3472,.T.);
#3472=EDGE_CURVE('',#3465,#3473,#3475,.F.);
#3473=VERTEX_POINT('',#3474);
#3474=CARTESIAN_POINT('',(1.45,0.9,-2.05));
#3475=LINE('',#3476,#3477);
#3476=CARTESIAN_POINT('',(1.45,0.9,-2.05));
#3477=VECTOR('',#3478,1.0);
#3478=DIRECTION('',(0.0,1.0,0.0));
#3479=ORIENTED_EDGE('',*,*,#3480,.T.);
#3480=EDGE_CURVE('',#3473,#3346,#3481,.T.);
#3481=LINE('',#3482,#3483);
#3482=CARTESIAN_POINT('',(1.45,0.9,-2.05));
#3483=VECTOR('',#3484,1.0);
#3484=DIRECTION('',(-1.0,0.0,0.0));
#3485=ORIENTED_EDGE('',*,*,#3486,.T.);
#3486=EDGE_CURVE('',#3346,#3463,#3487,.F.);
#3487=LINE('',#3488,#3489);
#3488=CARTESIAN_POINT('',(1.4475,1.1,-2.05));
#3489=VECTOR('',#3490,1.0);
#3490=DIRECTION('',(0.0,-1.0,0.0));
#3491=PLANE('',#3492);
#3492=AXIS2_PLACEMENT_3D('',#3493,#3494,#3495);
#3493=CARTESIAN_POINT('',(1.1,1.0,-2.05));
#3494=DIRECTION('',(0.0,0.0,1.0));
#3495=DIRECTION('',(1.0,0.0,0.0));
#3496=ADVANCED_FACE('',(#3497),#3524,.T.);
#3497=FACE_BOUND('',#3498,.T.);
#3498=EDGE_LOOP('',(#3499,#3509,#3516,#3517));
#3499=ORIENTED_EDGE('',*,*,#3500,.T.);
#3500=EDGE_CURVE('',#3501,#3503,#3505,.F.);
#3501=VERTEX_POINT('',#3502);
#3502=CARTESIAN_POINT('',(1.4475,1.2,-1.95));
#3503=VERTEX_POINT('',#3504);
#3504=CARTESIAN_POINT('',(1.45,1.2,-1.95));
#3505=LINE('',#3506,#3507);
#3506=CARTESIAN_POINT('',(1.45,1.2,-1.95));
#3507=VECTOR('',#3508,1.0);
#3508=DIRECTION('',(-1.0,0.0,0.0));
#3509=ORIENTED_EDGE('',*,*,#3510,.T.);
#3510=EDGE_CURVE('',#3503,#3465,#3511,.T.);
#3511=CIRCLE('',#3512,0.1);
#3512=AXIS2_PLACEMENT_3D('',#3513,#3514,#3515);
#3513=CARTESIAN_POINT('',(1.45,1.1,-1.95));
#3514=DIRECTION('',(-1.0,0.0,0.0));
#3515=DIRECTION('',(0.0,1.0,0.0));
#3516=ORIENTED_EDGE('',*,*,#3462,.F.);
#3517=ORIENTED_EDGE('',*,*,#3518,.T.);
#3518=EDGE_CURVE('',#3463,#3501,#3519,.T.);
#3519=CIRCLE('',#3520,0.1);
#3520=AXIS2_PLACEMENT_3D('',#3521,#3522,#3523);
#3521=CARTESIAN_POINT('',(1.4475,1.1,-1.95));
#3522=DIRECTION('',(1.0,0.0,0.0));
#3523=DIRECTION('',(0.0,0.0,-1.0));
#3524=CYLINDRICAL_SURFACE('',#3525,0.1);
#3525=AXIS2_PLACEMENT_3D('',#3526,#3527,#3528);
#3526=CARTESIAN_POINT('',(0.688,1.1,-1.95));
#3527=DIRECTION('',(-1.0,0.0,0.0));
#3528=DIRECTION('',(0.0,-1.0,0.0));
#3529=ADVANCED_FACE('',(#3530),#3565,.T.);
#3530=FACE_BOUND('',#3531,.T.);
#3531=EDGE_LOOP('',(#3532,#3543,#3552,#3558,#3559));
#3532=ORIENTED_EDGE('',*,*,#3533,.T.);
#3533=EDGE_CURVE('',#3534,#3536,#3538,.F.);
#3534=VERTEX_POINT('',#3535);
#3535=CARTESIAN_POINT('',(1.4475,1.2,-0.75));
#3536=VERTEX_POINT('',#3537);
#3537=CARTESIAN_POINT('',(1.647500152,1.2,-0.550008462));
#3538=CIRCLE('',#3539,0.2);
#3539=AXIS2_PLACEMENT_3D('',#3540,#3541,#3542);
#3540=CARTESIAN_POINT('',(1.6475,1.2,-0.75));
#3541=DIRECTION('',(0.0,-1.0,0.0));
#3542=DIRECTION('',(0.0,0.0,1.0));
#3543=ORIENTED_EDGE('',*,*,#3544,.T.);
#3544=EDGE_CURVE('',#3536,#3545,#3547,.F.);
#3545=VERTEX_POINT('',#3546);
#3546=CARTESIAN_POINT('',(1.45,1.2,-0.75));
#3547=CIRCLE('',#3548,0.2);
#3548=AXIS2_PLACEMENT_3D('',#3549,#3550,#3551);
#3549=CARTESIAN_POINT('',(1.65,1.2,-0.75));
#3550=DIRECTION('',(0.0,1.0,0.0));
#3551=DIRECTION('',(-1.0,0.0,0.0));
#3552=ORIENTED_EDGE('',*,*,#3553,.T.);
#3553=EDGE_CURVE('',#3545,#3503,#3554,.F.);
#3554=LINE('',#3555,#3556);
#3555=CARTESIAN_POINT('',(1.45,1.2,-1.95));
#3556=VECTOR('',#3557,1.0);
#3557=DIRECTION('',(0.0,0.0,1.0));
#3558=ORIENTED_EDGE('',*,*,#3500,.F.);
#3559=ORIENTED_EDGE('',*,*,#3560,.T.);
#3560=EDGE_CURVE('',#3501,#3534,#3561,.T.);
#3561=LINE('',#3562,#3563);
#3562=CARTESIAN_POINT('',(1.4475,1.2,-1.95));
#3563=VECTOR('',#3564,1.0);
#3564=DIRECTION('',(0.0,0.0,1.0));
#3565=PLANE('',#3566);
#3566=AXIS2_PLACEMENT_3D('',#3567,#3568,#3569);
#3567=CARTESIAN_POINT('',(1.525,1.2,-1.1));
#3568=DIRECTION('',(0.0,1.0,0.0));
#3569=DIRECTION('',(1.0,0.0,0.0));
#3570=ADVANCED_FACE('',(#3571),#3597,.F.);
#3571=FACE_BOUND('',#3572,.T.);
#3572=EDGE_LOOP('',(#3573,#3581,#3590,#3596));
#3573=ORIENTED_EDGE('',*,*,#3574,.T.);
#3574=EDGE_CURVE('',#3534,#3575,#3577,.F.);
#3575=VERTEX_POINT('',#3576);
#3576=CARTESIAN_POINT('',(1.4475,1.3,-0.75));
#3577=LINE('',#3578,#3579);
#3578=CARTESIAN_POINT('',(1.4475,1.3,-0.75));
#3579=VECTOR('',#3580,1.0);
#3580=DIRECTION('',(0.0,-1.0,0.0));
#3581=ORIENTED_EDGE('',*,*,#3582,.T.);
#3582=EDGE_CURVE('',#3575,#3583,#3585,.T.);
#3583=VERTEX_POINT('',#3584);
#3584=CARTESIAN_POINT('',(1.647500227,1.3,-0.550008462));
#3585=CIRCLE('',#3586,0.2);
#3586=AXIS2_PLACEMENT_3D('',#3587,#3588,#3589);
#3587=CARTESIAN_POINT('',(1.6475,1.3,-0.75));
#3588=DIRECTION('',(0.0,1.0,0.0));
#3589=DIRECTION('',(-1.0,0.0,0.0));
#3590=ORIENTED_EDGE('',*,*,#3591,.T.);
#3591=EDGE_CURVE('',#3583,#3536,#3592,.F.);
#3592=LINE('',#3593,#3594);
#3593=CARTESIAN_POINT('',(1.647500091,1.2,-0.550005858));
#3594=VECTOR('',#3595,1.0);
#3595=DIRECTION('',(0.0,1.0,0.0));
#3596=ORIENTED_EDGE('',*,*,#3533,.F.);
#3597=CYLINDRICAL_SURFACE('',#3598,0.2);
#3598=AXIS2_PLACEMENT_3D('',#3599,#3600,#3601);
#3599=CARTESIAN_POINT('',(1.6475,1.319911098,-0.75));
#3600=DIRECTION('',(0.0,1.0,0.0));
#3601=DIRECTION('',(0.0,0.0,1.0));
#3602=ADVANCED_FACE('',(#3603,#3705,#3716,#3750,#3784,#3818),#3862,.T.);
#3603=FACE_BOUND('',#3604,.T.);
#3604=EDGE_LOOP('',(#3605,#3615,#3624,#3632,#3640,#3648,#3657,#3665,#3673,#3681,#3690,#3698));
#3605=ORIENTED_EDGE('',*,*,#3606,.T.);
#3606=EDGE_CURVE('',#3607,#3609,#3611,.T.);
#3607=VERTEX_POINT('',#3608);
#3608=CARTESIAN_POINT('',(1.089369999,1.3,-1.9));
#3609=VERTEX_POINT('',#3610);
#3610=CARTESIAN_POINT('',(1.05,1.3,-1.9));
#3611=LINE('',#3612,#3613);
#3612=CARTESIAN_POINT('',(1.089369999,1.3,-1.9));
#3613=VECTOR('',#3614,1.0);
#3614=DIRECTION('',(-1.0,0.0,0.0));
#3615=ORIENTED_EDGE('',*,*,#3616,.T.);
#3616=EDGE_CURVE('',#3609,#3617,#3619,.T.);
#3617=VERTEX_POINT('',#3618);
#3618=CARTESIAN_POINT('',(1.012217283,1.3,-1.895163585));
#3619=CIRCLE('',#3620,0.15);
#3620=AXIS2_PLACEMENT_3D('',#3621,#3622,#3623);
#3621=CARTESIAN_POINT('',(1.05,1.3,-1.75));
#3622=DIRECTION('',(0.0,1.0,0.0));
#3623=DIRECTION('',(0.0,0.0,-1.0));
#3624=ORIENTED_EDGE('',*,*,#3625,.T.);
#3625=EDGE_CURVE('',#3617,#3626,#3628,.T.);
#3626=VERTEX_POINT('',#3627);
#3627=CARTESIAN_POINT('',(0.9,1.3,-1.895163585));
#3628=LINE('',#3629,#3630);
#3629=CARTESIAN_POINT('',(1.012217283,1.3,-1.895163585));
#3630=VECTOR('',#3631,1.0);
#3631=DIRECTION('',(-1.0,0.0,0.0));
#3632=ORIENTED_EDGE('',*,*,#3633,.T.);
#3633=EDGE_CURVE('',#3626,#3634,#3636,.T.);
#3634=VERTEX_POINT('',#3635);
#3635=CARTESIAN_POINT('',(0.9,1.3,-1.1));
#3636=LINE('',#3637,#3638);
#3637=CARTESIAN_POINT('',(0.9,1.3,-1.895163585));
#3638=VECTOR('',#3639,1.0);
#3639=DIRECTION('',(0.0,0.0,1.0));
#3640=ORIENTED_EDGE('',*,*,#3641,.T.);
#3641=EDGE_CURVE('',#3634,#3642,#3644,.T.);
#3642=VERTEX_POINT('',#3643);
#3643=CARTESIAN_POINT('',(1.089369999,1.3,-1.1));
#3644=LINE('',#3645,#3646);
#3645=CARTESIAN_POINT('',(0.9,1.3,-1.1));
#3646=VECTOR('',#3647,1.0);
#3647=DIRECTION('',(1.0,0.0,0.0));
#3648=ORIENTED_EDGE('',*,*,#3649,.T.);
#3649=EDGE_CURVE('',#3642,#3650,#3652,.F.);
#3650=VERTEX_POINT('',#3651);
#3651=CARTESIAN_POINT('',(3.510630001,1.3,-1.1));
#3652=CIRCLE('',#3653,1.275);
#3653=AXIS2_PLACEMENT_3D('',#3654,#3655,#3656);
#3654=CARTESIAN_POINT('',(2.3,1.3,-1.5));
#3655=DIRECTION('',(0.0,-1.0,0.0));
#3656=DIRECTION('',(0.949513726,0.0,0.31372549));
#3657=ORIENTED_EDGE('',*,*,#3658,.T.);
#3658=EDGE_CURVE('',#3650,#3659,#3661,.T.);
#3659=VERTEX_POINT('',#3660);
#3660=CARTESIAN_POINT('',(3.7,1.3,-1.1));
#3661=LINE('',#3662,#3663);
#3662=CARTESIAN_POINT('',(3.510630001,1.3,-1.1));
#3663=VECTOR('',#3664,1.0);
#3664=DIRECTION('',(1.0,0.0,0.0));
#3665=ORIENTED_EDGE('',*,*,#3666,.T.);
#3666=EDGE_CURVE('',#3659,#3667,#3669,.T.);
#3667=VERTEX_POINT('',#3668);
#3668=CARTESIAN_POINT('',(3.7,1.3,-1.895163585));
#3669=LINE('',#3670,#3671);
#3670=CARTESIAN_POINT('',(3.7,1.3,-1.1));
#3671=VECTOR('',#3672,1.0);
#3672=DIRECTION('',(0.0,0.0,-1.0));
#3673=ORIENTED_EDGE('',*,*,#3674,.T.);
#3674=EDGE_CURVE('',#3667,#3675,#3677,.T.);
#3675=VERTEX_POINT('',#3676);
#3676=CARTESIAN_POINT('',(3.587782717,1.3,-1.895163585));
#3677=LINE('',#3678,#3679);
#3678=CARTESIAN_POINT('',(3.7,1.3,-1.895163585));
#3679=VECTOR('',#3680,1.0);
#3680=DIRECTION('',(-1.0,0.0,0.0));
#3681=ORIENTED_EDGE('',*,*,#3682,.T.);
#3682=EDGE_CURVE('',#3675,#3683,#3685,.T.);
#3683=VERTEX_POINT('',#3684);
#3684=CARTESIAN_POINT('',(3.55,1.3,-1.9));
#3685=CIRCLE('',#3686,0.15);
#3686=AXIS2_PLACEMENT_3D('',#3687,#3688,#3689);
#3687=CARTESIAN_POINT('',(3.55,1.3,-1.75));
#3688=DIRECTION('',(0.0,1.0,0.0));
#3689=DIRECTION('',(0.25188478,0.0,-0.967757231));
#3690=ORIENTED_EDGE('',*,*,#3691,.T.);
#3691=EDGE_CURVE('',#3683,#3692,#3694,.T.);
#3692=VERTEX_POINT('',#3693);
#3693=CARTESIAN_POINT('',(3.510630001,1.3,-1.9));
#3694=LINE('',#3695,#3696);
#3695=CARTESIAN_POINT('',(3.55,1.3,-1.9));
#3696=VECTOR('',#3697,1.0);
#3697=DIRECTION('',(-1.0,0.0,0.0));
#3698=ORIENTED_EDGE('',*,*,#3699,.T.);
#3699=EDGE_CURVE('',#3692,#3607,#3700,.F.);
#3700=CIRCLE('',#3701,1.275);
#3701=AXIS2_PLACEMENT_3D('',#3702,#3703,#3704);
#3702=CARTESIAN_POINT('',(2.3,1.3,-1.5));
#3703=DIRECTION('',(0.0,-1.0,0.0));
#3704=DIRECTION('',(-0.949513726,0.0,-0.31372549));
#3705=FACE_BOUND('',#3706,.T.);
#3706=EDGE_LOOP('',(#3707));
#3707=ORIENTED_EDGE('',*,*,#3708,.T.);
#3708=EDGE_CURVE('',#3709,#3709,#3711,.F.);
#3709=VERTEX_POINT('',#3710);
#3710=CARTESIAN_POINT('',(2.65,1.3,-1.5));
#3711=CIRCLE('',#3712,0.35);
#3712=AXIS2_PLACEMENT_3D('',#3713,#3714,#3715);
#3713=CARTESIAN_POINT('',(2.3,1.3,-1.5));
#3714=DIRECTION('',(0.0,1.0,0.0));
#3715=DIRECTION('',(1.0,0.0,0.0));
#3716=FACE_BOUND('',#3717,.T.);
#3717=EDGE_LOOP('',(#3718,#3719,#3727,#3735,#3743));
#3718=ORIENTED_EDGE('',*,*,#3582,.F.);
#3719=ORIENTED_EDGE('',*,*,#3720,.T.);
#3720=EDGE_CURVE('',#3575,#3721,#3723,.T.);
#3721=VERTEX_POINT('',#3722);
#3722=CARTESIAN_POINT('',(1.4475,1.3,-1.95));
#3723=LINE('',#3724,#3725);
#3724=CARTESIAN_POINT('',(1.4475,1.3,-0.75));
#3725=VECTOR('',#3726,1.0);
#3726=DIRECTION('',(0.0,0.0,-1.0));
#3727=ORIENTED_EDGE('',*,*,#3728,.T.);
#3728=EDGE_CURVE('',#3721,#3729,#3731,.T.);
#3729=VERTEX_POINT('',#3730);
#3730=CARTESIAN_POINT('',(1.45,1.3,-1.95));
#3731=LINE('',#3732,#3733);
#3732=CARTESIAN_POINT('',(1.4475,1.3,-1.95));
#3733=VECTOR('',#3734,1.0);
#3734=DIRECTION('',(1.0,0.0,0.0));
#3735=ORIENTED_EDGE('',*,*,#3736,.T.);
#3736=EDGE_CURVE('',#3729,#3737,#3739,.F.);
#3737=VERTEX_POINT('',#3738);
#3738=CARTESIAN_POINT('',(1.45,1.3,-0.75));
#3739=LINE('',#3740,#3741);
#3740=CARTESIAN_POINT('',(1.45,1.3,-0.75));
#3741=VECTOR('',#3742,1.0);
#3742=DIRECTION('',(0.0,0.0,-1.0));
#3743=ORIENTED_EDGE('',*,*,#3744,.T.);
#3744=EDGE_CURVE('',#3737,#3583,#3745,.F.);
#3745=CIRCLE('',#3746,0.2);
#3746=AXIS2_PLACEMENT_3D('',#3747,#3748,#3749);
#3747=CARTESIAN_POINT('',(1.65,1.3,-0.75));
#3748=DIRECTION('',(0.0,-1.0,0.0));
#3749=DIRECTION('',(-0.012498845,0.0,0.999921886));
#3750=FACE_BOUND('',#3751,.T.);
#3751=EDGE_LOOP('',(#3752,#3762,#3770,#3778));
#3752=ORIENTED_EDGE('',*,*,#3753,.T.);
#3753=EDGE_CURVE('',#3754,#3756,#3758,.T.);
#3754=VERTEX_POINT('',#3755);
#3755=CARTESIAN_POINT('',(3.3025,1.3,-1.275));
#3756=VERTEX_POINT('',#3757);
#3757=CARTESIAN_POINT('',(3.3025,1.3,-1.725));
#3758=LINE('',#3759,#3760);
#3759=CARTESIAN_POINT('',(3.3025,1.3,-1.275));
#3760=VECTOR('',#3761,1.0);
#3761=DIRECTION('',(0.0,0.0,-1.0));
#3762=ORIENTED_EDGE('',*,*,#3763,.T.);
#3763=EDGE_CURVE('',#3756,#3764,#3766,.T.);
#3764=VERTEX_POINT('',#3765);
#3765=CARTESIAN_POINT('',(3.6025,1.3,-1.725));
#3766=LINE('',#3767,#3768);
#3767=CARTESIAN_POINT('',(3.3025,1.3,-1.725));
#3768=VECTOR('',#3769,1.0);
#3769=DIRECTION('',(1.0,0.0,0.0));
#3770=ORIENTED_EDGE('',*,*,#3771,.T.);
#3771=EDGE_CURVE('',#3764,#3772,#3774,.T.);
#3772=VERTEX_POINT('',#3773);
#3773=CARTESIAN_POINT('',(3.6025,1.3,-1.275));
#3774=LINE('',#3775,#3776);
#3775=CARTESIAN_POINT('',(3.6025,1.3,-1.725));
#3776=VECTOR('',#3777,1.0);
#3777=DIRECTION('',(0.0,0.0,1.0));
#3778=ORIENTED_EDGE('',*,*,#3779,.T.);
#3779=EDGE_CURVE('',#3772,#3754,#3780,.T.);
#3780=LINE('',#3781,#3782);
#3781=CARTESIAN_POINT('',(3.6025,1.3,-1.275));
#3782=VECTOR('',#3783,1.0);
#3783=DIRECTION('',(-1.0,0.0,0.0));
#3784=FACE_BOUND('',#3785,.T.);
#3785=EDGE_LOOP('',(#3786,#3796,#3804,#3812));
#3786=ORIENTED_EDGE('',*,*,#3787,.T.);
#3787=EDGE_CURVE('',#3788,#3790,#3792,.T.);
#3788=VERTEX_POINT('',#3789);
#3789=CARTESIAN_POINT('',(1.2975,1.3,-1.275));
#3790=VERTEX_POINT('',#3791);
#3791=CARTESIAN_POINT('',(0.9975,1.3,-1.275));
#3792=LINE('',#3793,#3794);
#3793=CARTESIAN_POINT('',(1.2975,1.3,-1.275));
#3794=VECTOR('',#3795,1.0);
#3795=DIRECTION('',(-1.0,0.0,0.0));
#3796=ORIENTED_EDGE('',*,*,#3797,.T.);
#3797=EDGE_CURVE('',#3790,#3798,#3800,.T.);
#3798=VERTEX_POINT('',#3799);
#3799=CARTESIAN_POINT('',(0.9975,1.3,-1.725));
#3800=LINE('',#3801,#3802);
#3801=CARTESIAN_POINT('',(0.9975,1.3,-1.275));
#3802=VECTOR('',#3803,1.0);
#3803=DIRECTION('',(0.0,0.0,-1.0));
#3804=ORIENTED_EDGE('',*,*,#3805,.T.);
#3805=EDGE_CURVE('',#3798,#3806,#3808,.T.);
#3806=VERTEX_POINT('',#3807);
#3807=CARTESIAN_POINT('',(1.2975,1.3,-1.725));
#3808=LINE('',#3809,#3810);
#3809=CARTESIAN_POINT('',(0.9975,1.3,-1.725));
#3810=VECTOR('',#3811,1.0);
#3811=DIRECTION('',(1.0,0.0,0.0));
#3812=ORIENTED_EDGE('',*,*,#3813,.T.);
#3813=EDGE_CURVE('',#3806,#3788,#3814,.T.);
#3814=LINE('',#3815,#3816);
#3815=CARTESIAN_POINT('',(1.2975,1.3,-1.725));
#3816=VECTOR('',#3817,1.0);
#3817=DIRECTION('',(0.0,0.0,1.0));
#3818=FACE_BOUND('',#3819,.T.);
#3819=EDGE_LOOP('',(#3820,#3831,#3839,#3847,#3855));
#3820=ORIENTED_EDGE('',*,*,#3821,.T.);
#3821=EDGE_CURVE('',#3822,#3824,#3826,.F.);
#3822=VERTEX_POINT('',#3823);
#3823=CARTESIAN_POINT('',(2.952499773,1.3,-0.550008462));
#3824=VERTEX_POINT('',#3825);
#3825=CARTESIAN_POINT('',(3.15,1.3,-0.75));
#3826=CIRCLE('',#3827,0.2);
#3827=AXIS2_PLACEMENT_3D('',#3828,#3829,#3830);
#3828=CARTESIAN_POINT('',(2.95,1.3,-0.75));
#3829=DIRECTION('',(0.0,-1.0,0.0));
#3830=DIRECTION('',(1.0,0.0,0.0));
#3831=ORIENTED_EDGE('',*,*,#3832,.T.);
#3832=EDGE_CURVE('',#3824,#3833,#3835,.T.);
#3833=VERTEX_POINT('',#3834);
#3834=CARTESIAN_POINT('',(3.15,1.3,-1.95));
#3835=LINE('',#3836,#3837);
#3836=CARTESIAN_POINT('',(3.15,1.3,-0.75));
#3837=VECTOR('',#3838,1.0);
#3838=DIRECTION('',(0.0,0.0,-1.0));
#3839=ORIENTED_EDGE('',*,*,#3840,.T.);
#3840=EDGE_CURVE('',#3833,#3841,#3843,.T.);
#3841=VERTEX_POINT('',#3842);
#3842=CARTESIAN_POINT('',(3.1525,1.3,-1.95));
#3843=LINE('',#3844,#3845);
#3844=CARTESIAN_POINT('',(3.15,1.3,-1.95));
#3845=VECTOR('',#3846,1.0);
#3846=DIRECTION('',(1.0,0.0,0.0));
#3847=ORIENTED_EDGE('',*,*,#3848,.T.);
#3848=EDGE_CURVE('',#3841,#3849,#3851,.T.);
#3849=VERTEX_POINT('',#3850);
#3850=CARTESIAN_POINT('',(3.1525,1.3,-0.75));
#3851=LINE('',#3852,#3853);
#3852=CARTESIAN_POINT('',(3.1525,1.3,-1.95));
#3853=VECTOR('',#3854,1.0);
#3854=DIRECTION('',(0.0,0.0,1.0));
#3855=ORIENTED_EDGE('',*,*,#3856,.T.);
#3856=EDGE_CURVE('',#3849,#3822,#3857,.F.);
#3857=CIRCLE('',#3858,0.2);
#3858=AXIS2_PLACEMENT_3D('',#3859,#3860,#3861);
#3859=CARTESIAN_POINT('',(2.9525,1.3,-0.75));
#3860=DIRECTION('',(0.0,1.0,0.0));
#3861=DIRECTION('',(0.0,0.0,1.0));
#3862=PLANE('',#3863);
#3863=AXIS2_PLACEMENT_3D('',#3864,#3865,#3866);
#3864=CARTESIAN_POINT('',(2.3,1.3,-0.237088299));
#3865=DIRECTION('',(0.0,1.0,0.0));
#3866=DIRECTION('',(1.0,0.0,0.0));
#3867=ADVANCED_FACE('',(#3868),#3895,.F.);
#3868=FACE_BOUND('',#3869,.T.);
#3869=EDGE_LOOP('',(#3870,#3880,#3887,#3888));
#3870=ORIENTED_EDGE('',*,*,#3871,.T.);
#3871=EDGE_CURVE('',#3872,#3874,#3876,.T.);
#3872=VERTEX_POINT('',#3873);
#3873=CARTESIAN_POINT('',(1.4475,1.1,-2.15));
#3874=VERTEX_POINT('',#3875);
#3875=CARTESIAN_POINT('',(1.45,1.1,-2.15));
#3876=LINE('',#3877,#3878);
#3877=CARTESIAN_POINT('',(1.4475,1.1,-2.15));
#3878=VECTOR('',#3879,1.0);
#3879=DIRECTION('',(1.0,0.0,0.0));
#3880=ORIENTED_EDGE('',*,*,#3881,.T.);
#3881=EDGE_CURVE('',#3874,#3729,#3882,.T.);
#3882=CIRCLE('',#3883,0.2);
#3883=AXIS2_PLACEMENT_3D('',#3884,#3885,#3886);
#3884=CARTESIAN_POINT('',(1.45,1.1,-1.95));
#3885=DIRECTION('',(1.0,0.0,0.0));
#3886=DIRECTION('',(0.0,0.0,-1.0));
#3887=ORIENTED_EDGE('',*,*,#3728,.F.);
#3888=ORIENTED_EDGE('',*,*,#3889,.T.);
#3889=EDGE_CURVE('',#3721,#3872,#3890,.F.);
#3890=CIRCLE('',#3891,0.2);
#3891=AXIS2_PLACEMENT_3D('',#3892,#3893,#3894);
#3892=CARTESIAN_POINT('',(1.4475,1.1,-1.95));
#3893=DIRECTION('',(1.0,0.0,0.0));
#3894=DIRECTION('',(0.0,0.0,-1.0));
#3895=CYLINDRICAL_SURFACE('',#3896,0.2);
#3896=AXIS2_PLACEMENT_3D('',#3897,#3898,#3899);
#3897=CARTESIAN_POINT('',(0.688,1.1,-1.95));
#3898=DIRECTION('',(-1.0,0.0,0.0));
#3899=DIRECTION('',(0.0,-1.0,0.0));
#3900=ADVANCED_FACE('',(#3901),#3926,.T.);
#3901=FACE_BOUND('',#3902,.T.);
#3902=EDGE_LOOP('',(#3903,#3913,#3919,#3920));
#3903=ORIENTED_EDGE('',*,*,#3904,.T.);
#3904=EDGE_CURVE('',#3905,#3907,#3909,.T.);
#3905=VERTEX_POINT('',#3906);
#3906=CARTESIAN_POINT('',(1.4475,0.199817211,-2.15));
#3907=VERTEX_POINT('',#3908);
#3908=CARTESIAN_POINT('',(1.45,0.199817211,-2.15));
#3909=LINE('',#3910,#3911);
#3910=CARTESIAN_POINT('',(1.4475,0.199817211,-2.15));
#3911=VECTOR('',#3912,1.0);
#3912=DIRECTION('',(1.0,0.0,0.0));
#3913=ORIENTED_EDGE('',*,*,#3914,.T.);
#3914=EDGE_CURVE('',#3907,#3874,#3915,.F.);
#3915=LINE('',#3916,#3917);
#3916=CARTESIAN_POINT('',(1.45,1.1,-2.15));
#3917=VECTOR('',#3918,1.0);
#3918=DIRECTION('',(0.0,-1.0,0.0));
#3919=ORIENTED_EDGE('',*,*,#3871,.F.);
#3920=ORIENTED_EDGE('',*,*,#3921,.T.);
#3921=EDGE_CURVE('',#3872,#3905,#3922,.F.);
#3922=LINE('',#3923,#3924);
#3923=CARTESIAN_POINT('',(1.4475,0.199817211,-2.15));
#3924=VECTOR('',#3925,1.0);
#3925=DIRECTION('',(0.0,1.0,0.0));
#3926=PLANE('',#3927);
#3927=AXIS2_PLACEMENT_3D('',#3928,#3929,#3930);
#3928=CARTESIAN_POINT('',(1.1,0.649908605,-2.15));
#3929=DIRECTION('',(0.0,0.0,1.0));
#3930=DIRECTION('',(1.0,0.0,0.0));
#3931=ADVANCED_FACE('',(#3932),#3959,.T.);
#3932=FACE_BOUND('',#3933,.T.);
#3933=EDGE_LOOP('',(#3934,#3944,#3951,#3952));
#3934=ORIENTED_EDGE('',*,*,#3935,.T.);
#3935=EDGE_CURVE('',#3936,#3938,#3940,.F.);
#3936=VERTEX_POINT('',#3937);
#3937=CARTESIAN_POINT('',(1.4475,0.099878128,-2.24651005));
#3938=VERTEX_POINT('',#3939);
#3939=CARTESIAN_POINT('',(1.45,0.099878128,-2.24651005));
#3940=LINE('',#3941,#3942);
#3941=CARTESIAN_POINT('',(1.45,0.099878128,-2.24651005));
#3942=VECTOR('',#3943,1.0);
#3943=DIRECTION('',(-1.0,0.0,0.0));
#3944=ORIENTED_EDGE('',*,*,#3945,.T.);
#3945=EDGE_CURVE('',#3938,#3907,#3946,.T.);
#3946=CIRCLE('',#3947,0.1);
#3947=AXIS2_PLACEMENT_3D('',#3948,#3949,#3950);
#3948=CARTESIAN_POINT('',(1.45,0.199817211,-2.25));
#3949=DIRECTION('',(-1.0,0.0,0.0));
#3950=DIRECTION('',(0.0,-0.999390827,0.034899497));
#3951=ORIENTED_EDGE('',*,*,#3904,.F.);
#3952=ORIENTED_EDGE('',*,*,#3953,.T.);
#3953=EDGE_CURVE('',#3905,#3936,#3954,.T.);
#3954=CIRCLE('',#3955,0.1);
#3955=AXIS2_PLACEMENT_3D('',#3956,#3957,#3958);
#3956=CARTESIAN_POINT('',(1.4475,0.199817211,-2.25));
#3957=DIRECTION('',(1.0,0.0,0.0));
#3958=DIRECTION('',(0.0,0.0,1.0));
#3959=CYLINDRICAL_SURFACE('',#3960,0.1);
#3960=AXIS2_PLACEMENT_3D('',#3961,#3962,#3963);
#3961=CARTESIAN_POINT('',(0.792,0.199817211,-2.25));
#3962=DIRECTION('',(-1.0,0.0,0.0));
#3963=DIRECTION('',(0.0,-1.0,0.0));
#3964=ADVANCED_FACE('',(#3965),#3981,.F.);
#3965=FACE_BOUND('',#3966,.T.);
#3966=EDGE_LOOP('',(#3967,#3968,#3974,#3975));
#3967=ORIENTED_EDGE('',*,*,#2333,.F.);
#3968=ORIENTED_EDGE('',*,*,#3969,.T.);
#3969=EDGE_CURVE('',#2326,#3938,#3970,.T.);
#3970=LINE('',#3971,#3972);
#3971=CARTESIAN_POINT('',(1.45,0.077057756,-2.9));
#3972=VECTOR('',#3973,1.0);
#3973=DIRECTION('',(0.0,0.034899497,0.999390827));
#3974=ORIENTED_EDGE('',*,*,#3935,.F.);
#3975=ORIENTED_EDGE('',*,*,#3976,.T.);
#3976=EDGE_CURVE('',#3936,#2334,#3977,.F.);
#3977=LINE('',#3978,#3979);
#3978=CARTESIAN_POINT('',(1.4475,0.077057756,-2.9));
#3979=VECTOR('',#3980,1.0);
#3980=DIRECTION('',(0.0,0.034899497,0.999390827));
#3981=PLANE('',#3982);
#3982=AXIS2_PLACEMENT_3D('',#3983,#3984,#3985);
#3983=CARTESIAN_POINT('',(1.15,0.088467942,-2.573255025));
#3984=DIRECTION('',(0.0,0.999390827,-0.034899497));
#3985=DIRECTION('',(-1.0,0.0,0.0));
#3986=ADVANCED_FACE('',(#3987),#4171,.T.);
#3987=FACE_BOUND('',#3988,.T.);
#3988=EDGE_LOOP('',(#3989,#3997,#4005,#4013,#4022,#4030,#4039,#4048,#4056,#4065,#4073,#4081,#4089,#4098,#4106,#4115,#4124,#4132,#4141,#4149,#4157,#4165));
#3989=ORIENTED_EDGE('',*,*,#3990,.T.);
#3990=EDGE_CURVE('',#3473,#3991,#3993,.T.);
#3991=VERTEX_POINT('',#3992);
#3992=CARTESIAN_POINT('',(1.45,0.2,-2.05));
#3993=LINE('',#3994,#3995);
#3994=CARTESIAN_POINT('',(1.45,0.9,-2.05));
#3995=VECTOR('',#3996,1.0);
#3996=DIRECTION('',(0.0,-1.0,0.0));
#3997=ORIENTED_EDGE('',*,*,#3998,.T.);
#3998=EDGE_CURVE('',#3991,#3999,#4001,.T.);
#3999=VERTEX_POINT('',#4000);
#4000=CARTESIAN_POINT('',(2.0,0.2,-2.05));
#4001=LINE('',#4002,#4003);
#4002=CARTESIAN_POINT('',(1.45,0.2,-2.05));
#4003=VECTOR('',#4004,1.0);
#4004=DIRECTION('',(1.0,0.0,0.0));
#4005=ORIENTED_EDGE('',*,*,#4006,.T.);
#4006=EDGE_CURVE('',#3999,#4007,#4009,.T.);
#4007=VERTEX_POINT('',#4008);
#4008=CARTESIAN_POINT('',(2.0,0.592963248,-2.05));
#4009=LINE('',#4010,#4011);
#4010=CARTESIAN_POINT('',(2.0,0.2,-2.05));
#4011=VECTOR('',#4012,1.0);
#4012=DIRECTION('',(0.0,1.0,0.0));
#4013=ORIENTED_EDGE('',*,*,#4014,.T.);
#4014=EDGE_CURVE('',#4007,#4015,#4017,.F.);
#4015=VERTEX_POINT('',#4016);
#4016=CARTESIAN_POINT('',(1.910940039,0.759373307,-2.05));
#4017=CIRCLE('',#4018,0.2);
#4018=AXIS2_PLACEMENT_3D('',#4019,#4020,#4021);
#4019=CARTESIAN_POINT('',(1.8,0.592963248,-2.05));
#4020=DIRECTION('',(0.0,0.0,-1.0));
#4021=DIRECTION('',(0.554700196,0.832050294,0.0));
#4022=ORIENTED_EDGE('',*,*,#4023,.T.);
#4023=EDGE_CURVE('',#4015,#4024,#4026,.F.);
#4024=VERTEX_POINT('',#4025);
#4025=CARTESIAN_POINT('',(1.789059961,0.840626693,-2.05));
#4026=LINE('',#4027,#4028);
#4027=CARTESIAN_POINT('',(1.789059961,0.840626693,-2.05));
#4028=VECTOR('',#4029,1.0);
#4029=DIRECTION('',(0.832050294,-0.554700196,0.0));
#4030=ORIENTED_EDGE('',*,*,#4031,.T.);
#4031=EDGE_CURVE('',#4024,#4032,#4034,.F.);
#4032=VERTEX_POINT('',#4033);
#4033=CARTESIAN_POINT('',(1.751112126,0.873498738,-2.05));
#4034=CIRCLE('',#4035,0.2);
#4035=AXIS2_PLACEMENT_3D('',#4036,#4037,#4038);
#4036=CARTESIAN_POINT('',(1.9,1.007036752,-2.05));
#4037=DIRECTION('',(0.0,0.0,1.0));
#4038=DIRECTION('',(-0.744439368,-0.667690069,0.0));
#4039=ORIENTED_EDGE('',*,*,#4040,.T.);
#4040=EDGE_CURVE('',#4032,#4041,#4043,.F.);
#4041=VERTEX_POINT('',#4042);
#4042=CARTESIAN_POINT('',(1.785212278,0.844661304,-2.05));
#4043=CIRCLE('',#4044,0.19);
#4044=AXIS2_PLACEMENT_3D('',#4045,#4046,#4047);
#4045=CARTESIAN_POINT('',(1.89,1.003152734,-2.05));
#4046=DIRECTION('',(0.0,0.0,-1.0));
#4047=DIRECTION('',(-0.551514327,-0.83416542,0.0));
#4048=ORIENTED_EDGE('',*,*,#4049,.T.);
#4049=EDGE_CURVE('',#4041,#4050,#4052,.F.);
#4050=VERTEX_POINT('',#4051);
#4051=CARTESIAN_POINT('',(1.917287722,0.757338696,-2.05));
#4052=LINE('',#4053,#4054);
#4053=CARTESIAN_POINT('',(1.917287722,0.757338696,-2.05));
#4054=VECTOR('',#4055,1.0);
#4055=DIRECTION('',(-0.83416542,0.551514327,0.0));
#4056=ORIENTED_EDGE('',*,*,#4057,.T.);
#4057=EDGE_CURVE('',#4050,#4058,#4060,.F.);
#4058=VERTEX_POINT('',#4059);
#4059=CARTESIAN_POINT('',(2.0025,0.598847266,-2.05));
#4060=CIRCLE('',#4061,0.19);
#4061=AXIS2_PLACEMENT_3D('',#4062,#4063,#4064);
#4062=CARTESIAN_POINT('',(1.8125,0.598847266,-2.05));
#4063=DIRECTION('',(0.0,0.0,1.0));
#4064=DIRECTION('',(1.0,0.0,0.0));
#4065=ORIENTED_EDGE('',*,*,#4066,.T.);
#4066=EDGE_CURVE('',#4058,#4067,#4069,.T.);
#4067=VERTEX_POINT('',#4068);
#4068=CARTESIAN_POINT('',(2.0025,0.2,-2.05));
#4069=LINE('',#4070,#4071);
#4070=CARTESIAN_POINT('',(2.0025,0.598847266,-2.05));
#4071=VECTOR('',#4072,1.0);
#4072=DIRECTION('',(0.0,-1.0,0.0));
#4073=ORIENTED_EDGE('',*,*,#4074,.T.);
#4074=EDGE_CURVE('',#4067,#4075,#4077,.T.);
#4075=VERTEX_POINT('',#4076);
#4076=CARTESIAN_POINT('',(2.5975,0.2,-2.05));
#4077=LINE('',#4078,#4079);
#4078=CARTESIAN_POINT('',(2.0025,0.2,-2.05));
#4079=VECTOR('',#4080,1.0);
#4080=DIRECTION('',(1.0,0.0,0.0));
#4081=ORIENTED_EDGE('',*,*,#4082,.T.);
#4082=EDGE_CURVE('',#4075,#4083,#4085,.T.);
#4083=VERTEX_POINT('',#4084);
#4084=CARTESIAN_POINT('',(2.5975,0.598847266,-2.05));
#4085=LINE('',#4086,#4087);
#4086=CARTESIAN_POINT('',(2.5975,0.2,-2.05));
#4087=VECTOR('',#4088,1.0);
#4088=DIRECTION('',(0.0,1.0,0.0));
#4089=ORIENTED_EDGE('',*,*,#4090,.T.);
#4090=EDGE_CURVE('',#4083,#4091,#4093,.F.);
#4091=VERTEX_POINT('',#4092);
#4092=CARTESIAN_POINT('',(2.682712278,0.757338696,-2.05));
#4093=CIRCLE('',#4094,0.19);
#4094=AXIS2_PLACEMENT_3D('',#4095,#4096,#4097);
#4095=CARTESIAN_POINT('',(2.7875,0.598847266,-2.05));
#4096=DIRECTION('',(0.0,0.0,1.0));
#4097=DIRECTION('',(-0.551514327,0.83416542,0.0));
#4098=ORIENTED_EDGE('',*,*,#4099,.T.);
#4099=EDGE_CURVE('',#4091,#4100,#4102,.F.);
#4100=VERTEX_POINT('',#4101);
#4101=CARTESIAN_POINT('',(2.814787722,0.844661304,-2.05));
#4102=LINE('',#4103,#4104);
#4103=CARTESIAN_POINT('',(2.814787722,0.844661304,-2.05));
#4104=VECTOR('',#4105,1.0);
#4105=DIRECTION('',(-0.83416542,-0.551514327,0.0));
#4106=ORIENTED_EDGE('',*,*,#4107,.T.);
#4107=EDGE_CURVE('',#4100,#4108,#4110,.F.);
#4108=VERTEX_POINT('',#4109);
#4109=CARTESIAN_POINT('',(2.848887874,0.873498738,-2.05));
#4110=CIRCLE('',#4111,0.19);
#4111=AXIS2_PLACEMENT_3D('',#4112,#4113,#4114);
#4112=CARTESIAN_POINT('',(2.71,1.003152734,-2.05));
#4113=DIRECTION('',(0.0,0.0,-1.0));
#4114=DIRECTION('',(0.730988808,-0.682389451,0.0));
#4115=ORIENTED_EDGE('',*,*,#4116,.T.);
#4116=EDGE_CURVE('',#4108,#4117,#4119,.F.);
#4117=VERTEX_POINT('',#4118);
#4118=CARTESIAN_POINT('',(2.810940039,0.840626693,-2.05));
#4119=CIRCLE('',#4120,0.2);
#4120=AXIS2_PLACEMENT_3D('',#4121,#4122,#4123);
#4121=CARTESIAN_POINT('',(2.7,1.007036752,-2.05));
#4122=DIRECTION('',(0.0,0.0,1.0));
#4123=DIRECTION('',(0.554700196,-0.832050294,0.0));
#4124=ORIENTED_EDGE('',*,*,#4125,.T.);
#4125=EDGE_CURVE('',#4117,#4126,#4128,.F.);
#4126=VERTEX_POINT('',#4127);
#4127=CARTESIAN_POINT('',(2.689059961,0.759373307,-2.05));
#4128=LINE('',#4129,#4130);
#4129=CARTESIAN_POINT('',(2.689059961,0.759373307,-2.05));
#4130=VECTOR('',#4131,1.0);
#4131=DIRECTION('',(0.832050294,0.554700196,0.0));
#4132=ORIENTED_EDGE('',*,*,#4133,.T.);
#4133=EDGE_CURVE('',#4126,#4134,#4136,.F.);
#4134=VERTEX_POINT('',#4135);
#4135=CARTESIAN_POINT('',(2.6,0.592963248,-2.05));
#4136=CIRCLE('',#4137,0.2);
#4137=AXIS2_PLACEMENT_3D('',#4138,#4139,#4140);
#4138=CARTESIAN_POINT('',(2.8,0.592963248,-2.05));
#4139=DIRECTION('',(0.0,0.0,-1.0));
#4140=DIRECTION('',(-1.0,0.0,0.0));
#4141=ORIENTED_EDGE('',*,*,#4142,.T.);
#4142=EDGE_CURVE('',#4134,#4143,#4145,.T.);
#4143=VERTEX_POINT('',#4144);
#4144=CARTESIAN_POINT('',(2.6,0.2,-2.05));
#4145=LINE('',#4146,#4147);
#4146=CARTESIAN_POINT('',(2.6,0.592963248,-2.05));
#4147=VECTOR('',#4148,1.0);
#4148=DIRECTION('',(0.0,-1.0,0.0));
#4149=ORIENTED_EDGE('',*,*,#4150,.T.);
#4150=EDGE_CURVE('',#4143,#4151,#4153,.T.);
#4151=VERTEX_POINT('',#4152);
#4152=CARTESIAN_POINT('',(3.15,0.2,-2.05));
#4153=LINE('',#4154,#4155);
#4154=CARTESIAN_POINT('',(2.6,0.2,-2.05));
#4155=VECTOR('',#4156,1.0);
#4156=DIRECTION('',(1.0,0.0,0.0));
#4157=ORIENTED_EDGE('',*,*,#4158,.T.);
#4158=EDGE_CURVE('',#4151,#4159,#4161,.T.);
#4159=VERTEX_POINT('',#4160);
#4160=CARTESIAN_POINT('',(3.15,0.9,-2.05));
#4161=LINE('',#4162,#4163);
#4162=CARTESIAN_POINT('',(3.15,0.2,-2.05));
#4163=VECTOR('',#4164,1.0);
#4164=DIRECTION('',(0.0,1.0,0.0));
#4165=ORIENTED_EDGE('',*,*,#4166,.T.);
#4166=EDGE_CURVE('',#4159,#3473,#4167,.F.);
#4167=LINE('',#4168,#4169);
#4168=CARTESIAN_POINT('',(1.45,0.9,-2.05));
#4169=VECTOR('',#4170,1.0);
#4170=DIRECTION('',(1.0,0.0,0.0));
#4171=PLANE('',#4172);
#4172=AXIS2_PLACEMENT_3D('',#4173,#4174,#4175);
#4173=CARTESIAN_POINT('',(1.725,0.55,-2.05));
#4174=DIRECTION('',(0.0,0.0,1.0));
#4175=DIRECTION('',(1.0,0.0,0.0));
#4176=ADVANCED_FACE('',(#4177),#4204,.T.);
#4177=FACE_BOUND('',#4178,.T.);
#4178=EDGE_LOOP('',(#4179,#4189,#4196,#4197));
#4179=ORIENTED_EDGE('',*,*,#4180,.T.);
#4180=EDGE_CURVE('',#4181,#4183,#4185,.T.);
#4181=VERTEX_POINT('',#4182);
#4182=CARTESIAN_POINT('',(1.45,0.0,-2.25));
#4183=VERTEX_POINT('',#4184);
#4184=CARTESIAN_POINT('',(2.0,0.0,-2.25));
#4185=LINE('',#4186,#4187);
#4186=CARTESIAN_POINT('',(1.45,0.0,-2.25));
#4187=VECTOR('',#4188,1.0);
#4188=DIRECTION('',(1.0,0.0,0.0));
#4189=ORIENTED_EDGE('',*,*,#4190,.T.);
#4190=EDGE_CURVE('',#4183,#3999,#4191,.T.);
#4191=CIRCLE('',#4192,0.2);
#4192=AXIS2_PLACEMENT_3D('',#4193,#4194,#4195);
#4193=CARTESIAN_POINT('',(2.0,0.2,-2.25));
#4194=DIRECTION('',(-1.0,0.0,0.0));
#4195=DIRECTION('',(0.0,-1.0,0.0));
#4196=ORIENTED_EDGE('',*,*,#3998,.F.);
#4197=ORIENTED_EDGE('',*,*,#4198,.T.);
#4198=EDGE_CURVE('',#3991,#4181,#4199,.T.);
#4199=CIRCLE('',#4200,0.2);
#4200=AXIS2_PLACEMENT_3D('',#4201,#4202,#4203);
#4201=CARTESIAN_POINT('',(1.45,0.2,-2.25));
#4202=DIRECTION('',(1.0,0.0,0.0));
#4203=DIRECTION('',(0.0,0.0,1.0));
#4204=CYLINDRICAL_SURFACE('',#4205,0.2);
#4205=AXIS2_PLACEMENT_3D('',#4206,#4207,#4208);
#4206=CARTESIAN_POINT('',(-0.092,0.2,-2.25));
#4207=DIRECTION('',(-1.0,0.0,0.0));
#4208=DIRECTION('',(0.0,0.0,1.0));
#4209=ADVANCED_FACE('',(#4210),#4245,.T.);
#4210=FACE_BOUND('',#4211,.T.);
#4211=EDGE_LOOP('',(#4212,#4222,#4230,#4231,#4237,#4238));
#4212=ORIENTED_EDGE('',*,*,#4213,.T.);
#4213=EDGE_CURVE('',#4214,#4216,#4218,.F.);
#4214=VERTEX_POINT('',#4215);
#4215=CARTESIAN_POINT('',(1.65,1.2,-0.55));
#4216=VERTEX_POINT('',#4217);
#4217=CARTESIAN_POINT('',(1.65,1.3,-0.55));
#4218=LINE('',#4219,#4220);
#4219=CARTESIAN_POINT('',(1.65,1.3,-0.55));
#4220=VECTOR('',#4221,1.0);
#4221=DIRECTION('',(0.0,-1.0,0.0));
#4222=ORIENTED_EDGE('',*,*,#4223,.T.);
#4223=EDGE_CURVE('',#4216,#3583,#4224,.T.);
#4224=B_SPLINE_CURVE_WITH_KNOTS('',3,(#4225,#4226,#4227,#4228,#4229),.UNSPECIFIED.,.F.,.U.,(4,1,4),(0.0,0.5,1.0),.QUASI_UNIFORM_KNOTS.);
#4225=CARTESIAN_POINT('',(1.65,1.3,-0.55));
#4226=CARTESIAN_POINT('',(1.64958283,1.3,-0.55));
#4227=CARTESIAN_POINT('',(1.648748943,1.3,-0.549997071));
#4228=CARTESIAN_POINT('',(1.647916263,1.3,-0.550005858));
#4229=CARTESIAN_POINT('',(1.6475001,1.3,-0.550005858));
#4230=ORIENTED_EDGE('',*,*,#3744,.F.);
#4231=ORIENTED_EDGE('',*,*,#4232,.T.);
#4232=EDGE_CURVE('',#3737,#3545,#4233,.F.);
#4233=LINE('',#4234,#4235);
#4234=CARTESIAN_POINT('',(1.45,1.2,-0.75));
#4235=VECTOR('',#4236,1.0);
#4236=DIRECTION('',(0.0,1.0,0.0));
#4237=ORIENTED_EDGE('',*,*,#3544,.F.);
#4238=ORIENTED_EDGE('',*,*,#4239,.T.);
#4239=EDGE_CURVE('',#3536,#4214,#4240,.F.);
#4240=B_SPLINE_CURVE_WITH_KNOTS('',3,(#4241,#4242,#4243,#4244),.UNSPECIFIED.,.F.,.U.,(4,4),(0.0,1.0),.PIECEWISE_BEZIER_KNOTS.);
#4241=CARTESIAN_POINT('',(1.65,1.2,-0.55));
#4242=CARTESIAN_POINT('',(1.649166667,1.2,-0.55));
#4243=CARTESIAN_POINT('',(1.648333424,1.2,-0.550005858));
#4244=CARTESIAN_POINT('',(1.647500091,1.2,-0.550005858));
#4245=CYLINDRICAL_SURFACE('',#4246,0.2);
#4246=AXIS2_PLACEMENT_3D('',#4247,#4248,#4249);
#4247=CARTESIAN_POINT('',(1.65,1.307055551,-0.75));
#4248=DIRECTION('',(0.0,1.0,0.0));
#4249=DIRECTION('',(0.0,0.0,1.0));
#4250=ADVANCED_FACE('',(#4251),#4277,.T.);
#4251=FACE_BOUND('',#4252,.T.);
#4252=EDGE_LOOP('',(#4253,#4261,#4270,#4276));
#4253=ORIENTED_EDGE('',*,*,#4254,.T.);
#4254=EDGE_CURVE('',#4007,#4255,#4257,.F.);
#4255=VERTEX_POINT('',#4256);
#4256=CARTESIAN_POINT('',(2.0,0.592963248,-2.15));
#4257=LINE('',#4258,#4259);
#4258=CARTESIAN_POINT('',(2.0,0.592963248,-2.15));
#4259=VECTOR('',#4260,1.0);
#4260=DIRECTION('',(0.0,0.0,1.0));
#4261=ORIENTED_EDGE('',*,*,#4262,.T.);
#4262=EDGE_CURVE('',#4255,#4263,#4265,.T.);
#4263=VERTEX_POINT('',#4264);
#4264=CARTESIAN_POINT('',(1.910940039,0.759373307,-2.15));
#4265=CIRCLE('',#4266,0.2);
#4266=AXIS2_PLACEMENT_3D('',#4267,#4268,#4269);
#4267=CARTESIAN_POINT('',(1.8,0.592963248,-2.15));
#4268=DIRECTION('',(0.0,0.0,1.0));
#4269=DIRECTION('',(1.0,0.0,0.0));
#4270=ORIENTED_EDGE('',*,*,#4271,.T.);
#4271=EDGE_CURVE('',#4263,#4015,#4272,.T.);
#4272=LINE('',#4273,#4274);
#4273=CARTESIAN_POINT('',(1.910940039,0.759373307,-2.15));
#4274=VECTOR('',#4275,1.0);
#4275=DIRECTION('',(0.0,0.0,1.0));
#4276=ORIENTED_EDGE('',*,*,#4014,.F.);
#4277=CYLINDRICAL_SURFACE('',#4278,0.2);
#4278=AXIS2_PLACEMENT_3D('',#4279,#4280,#4281);
#4279=CARTESIAN_POINT('',(1.8,0.592963248,-2.157055551));
#4280=DIRECTION('',(0.0,0.0,-1.0));
#4281=DIRECTION('',(1.0,0.0,0.0));
#4282=ADVANCED_FACE('',(#4283),#4351,.T.);
#4283=FACE_BOUND('',#4284,.T.);
#4284=EDGE_LOOP('',(#4285,#4296,#4302,#4303,#4311,#4319,#4327,#4336,#4344));
#4285=ORIENTED_EDGE('',*,*,#4286,.T.);
#4286=EDGE_CURVE('',#4287,#4289,#4291,.F.);
#4287=VERTEX_POINT('',#4288);
#4288=CARTESIAN_POINT('',(1.751112126,0.873498738,-2.15));
#4289=VERTEX_POINT('',#4290);
#4290=CARTESIAN_POINT('',(1.789059961,0.840626693,-2.15));
#4291=CIRCLE('',#4292,0.2);
#4292=AXIS2_PLACEMENT_3D('',#4293,#4294,#4295);
#4293=CARTESIAN_POINT('',(1.9,1.007036752,-2.15));
#4294=DIRECTION('',(0.0,0.0,-1.0));
#4295=DIRECTION('',(-0.554700196,-0.832050294,0.0));
#4296=ORIENTED_EDGE('',*,*,#4297,.T.);
#4297=EDGE_CURVE('',#4289,#4263,#4298,.F.);
#4298=LINE('',#4299,#4300);
#4299=CARTESIAN_POINT('',(1.910940039,0.759373307,-2.15));
#4300=VECTOR('',#4301,1.0);
#4301=DIRECTION('',(-0.832050294,0.554700196,0.0));
#4302=ORIENTED_EDGE('',*,*,#4262,.F.);
#4303=ORIENTED_EDGE('',*,*,#4304,.T.);
#4304=EDGE_CURVE('',#4255,#4305,#4307,.F.);
#4305=VERTEX_POINT('',#4306);
#4306=CARTESIAN_POINT('',(2.0,0.199817211,-2.15));
#4307=LINE('',#4308,#4309);
#4308=CARTESIAN_POINT('',(2.0,0.199817211,-2.15));
#4309=VECTOR('',#4310,1.0);
#4310=DIRECTION('',(0.0,1.0,0.0));
#4311=ORIENTED_EDGE('',*,*,#4312,.T.);
#4312=EDGE_CURVE('',#4305,#4313,#4315,.T.);
#4313=VERTEX_POINT('',#4314);
#4314=CARTESIAN_POINT('',(2.0025,0.199817211,-2.15));
#4315=LINE('',#4316,#4317);
#4316=CARTESIAN_POINT('',(2.0,0.199817211,-2.15));
#4317=VECTOR('',#4318,1.0);
#4318=DIRECTION('',(1.0,0.0,0.0));
#4319=ORIENTED_EDGE('',*,*,#4320,.T.);
#4320=EDGE_CURVE('',#4313,#4321,#4323,.T.);
#4321=VERTEX_POINT('',#4322);
#4322=CARTESIAN_POINT('',(2.0025,0.598847266,-2.15));
#4323=LINE('',#4324,#4325);
#4324=CARTESIAN_POINT('',(2.0025,0.199817211,-2.15));
#4325=VECTOR('',#4326,1.0);
#4326=DIRECTION('',(0.0,1.0,0.0));
#4327=ORIENTED_EDGE('',*,*,#4328,.T.);
#4328=EDGE_CURVE('',#4321,#4329,#4331,.T.);
#4329=VERTEX_POINT('',#4330);
#4330=CARTESIAN_POINT('',(1.917287722,0.757338696,-2.15));
#4331=CIRCLE('',#4332,0.19);
#4332=AXIS2_PLACEMENT_3D('',#4333,#4334,#4335);
#4333=CARTESIAN_POINT('',(1.8125,0.598847266,-2.15));
#4334=DIRECTION('',(0.0,0.0,1.0));
#4335=DIRECTION('',(1.0,0.0,0.0));
#4336=ORIENTED_EDGE('',*,*,#4337,.T.);
#4337=EDGE_CURVE('',#4329,#4338,#4340,.F.);
#4338=VERTEX_POINT('',#4339);
#4339=CARTESIAN_POINT('',(1.785212278,0.844661304,-2.15));
#4340=LINE('',#4341,#4342);
#4341=CARTESIAN_POINT('',(1.785212278,0.844661304,-2.15));
#4342=VECTOR('',#4343,1.0);
#4343=DIRECTION('',(0.83416542,-0.551514327,0.0));
#4344=ORIENTED_EDGE('',*,*,#4345,.T.);
#4345=EDGE_CURVE('',#4338,#4287,#4346,.F.);
#4346=CIRCLE('',#4347,0.19);
#4347=AXIS2_PLACEMENT_3D('',#4348,#4349,#4350);
#4348=CARTESIAN_POINT('',(1.89,1.003152734,-2.15));
#4349=DIRECTION('',(0.0,0.0,1.0));
#4350=DIRECTION('',(-0.730988808,-0.682389451,0.0));
#4351=PLANE('',#4352);
#4352=AXIS2_PLACEMENT_3D('',#4353,#4354,#4355);
#4353=CARTESIAN_POINT('',(2.3,0.649908605,-2.15));
#4354=DIRECTION('',(0.0,0.0,1.0));
#4355=DIRECTION('',(1.0,0.0,0.0));
#4356=ADVANCED_FACE('',(#4357),#4384,.T.);
#4357=FACE_BOUND('',#4358,.T.);
#4358=EDGE_LOOP('',(#4359,#4360,#4369,#4377));
#4359=ORIENTED_EDGE('',*,*,#4312,.F.);
#4360=ORIENTED_EDGE('',*,*,#4361,.T.);
#4361=EDGE_CURVE('',#4305,#4362,#4364,.T.);
#4362=VERTEX_POINT('',#4363);
#4363=CARTESIAN_POINT('',(2.0,0.099878128,-2.24651005));
#4364=CIRCLE('',#4365,0.1);
#4365=AXIS2_PLACEMENT_3D('',#4366,#4367,#4368);
#4366=CARTESIAN_POINT('',(2.0,0.199817211,-2.25));
#4367=DIRECTION('',(1.0,0.0,0.0));
#4368=DIRECTION('',(0.0,0.0,1.0));
#4369=ORIENTED_EDGE('',*,*,#4370,.T.);
#4370=EDGE_CURVE('',#4362,#4371,#4373,.F.);
#4371=VERTEX_POINT('',#4372);
#4372=CARTESIAN_POINT('',(2.0025,0.099878128,-2.24651005));
#4373=LINE('',#4374,#4375);
#4374=CARTESIAN_POINT('',(2.0025,0.099878128,-2.24651005));
#4375=VECTOR('',#4376,1.0);
#4376=DIRECTION('',(-1.0,0.0,0.0));
#4377=ORIENTED_EDGE('',*,*,#4378,.T.);
#4378=EDGE_CURVE('',#4371,#4313,#4379,.F.);
#4379=CIRCLE('',#4380,0.1);
#4380=AXIS2_PLACEMENT_3D('',#4381,#4382,#4383);
#4381=CARTESIAN_POINT('',(2.0025,0.199817211,-2.25));
#4382=DIRECTION('',(1.0,0.0,0.0));
#4383=DIRECTION('',(0.0,0.0,1.0));
#4384=CYLINDRICAL_SURFACE('',#4385,0.1);
#4385=AXIS2_PLACEMENT_3D('',#4386,#4387,#4388);
#4386=CARTESIAN_POINT('',(0.792,0.199817211,-2.25));
#4387=DIRECTION('',(-1.0,0.0,0.0));
#4388=DIRECTION('',(0.0,-1.0,0.0));
#4389=ADVANCED_FACE('',(#4390),#4406,.F.);
#4390=FACE_BOUND('',#4391,.T.);
#4391=EDGE_LOOP('',(#4392,#4393,#4399,#4400));
#4392=ORIENTED_EDGE('',*,*,#4370,.F.);
#4393=ORIENTED_EDGE('',*,*,#4394,.T.);
#4394=EDGE_CURVE('',#4362,#2302,#4395,.T.);
#4395=LINE('',#4396,#4397);
#4396=CARTESIAN_POINT('',(2.0,0.099878128,-2.24651005));
#4397=VECTOR('',#4398,1.0);
#4398=DIRECTION('',(0.0,-0.034899497,-0.999390827));
#4399=ORIENTED_EDGE('',*,*,#2301,.F.);
#4400=ORIENTED_EDGE('',*,*,#4401,.T.);
#4401=EDGE_CURVE('',#2294,#4371,#4402,.T.);
#4402=LINE('',#4403,#4404);
#4403=CARTESIAN_POINT('',(2.0025,0.077057756,-2.9));
#4404=VECTOR('',#4405,1.0);
#4405=DIRECTION('',(0.0,0.034899497,0.999390827));
#4406=PLANE('',#4407);
#4407=AXIS2_PLACEMENT_3D('',#4408,#4409,#4410);
#4408=CARTESIAN_POINT('',(2.3,0.088467942,-2.573255025));
#4409=DIRECTION('',(0.0,0.999390827,-0.034899497));
#4410=DIRECTION('',(-1.0,0.0,0.0));
#4411=ADVANCED_FACE('',(#4412),#4428,.F.);
#4412=FACE_BOUND('',#4413,.T.);
#4413=EDGE_LOOP('',(#4414,#4420,#4421,#4427));
#4414=ORIENTED_EDGE('',*,*,#4415,.T.);
#4415=EDGE_CURVE('',#4321,#4058,#4416,.F.);
#4416=LINE('',#4417,#4418);
#4417=CARTESIAN_POINT('',(2.0025,0.598847266,-2.05));
#4418=VECTOR('',#4419,1.0);
#4419=DIRECTION('',(0.0,0.0,-1.0));
#4420=ORIENTED_EDGE('',*,*,#4057,.F.);
#4421=ORIENTED_EDGE('',*,*,#4422,.T.);
#4422=EDGE_CURVE('',#4050,#4329,#4423,.T.);
#4423=LINE('',#4424,#4425);
#4424=CARTESIAN_POINT('',(1.917287722,0.757338696,-2.05));
#4425=VECTOR('',#4426,1.0);
#4426=DIRECTION('',(0.0,0.0,-1.0));
#4427=ORIENTED_EDGE('',*,*,#4328,.F.);
#4428=CYLINDRICAL_SURFACE('',#4429,0.19);
#4429=AXIS2_PLACEMENT_3D('',#4430,#4431,#4432);
#4430=CARTESIAN_POINT('',(1.8125,0.598847266,-2.169911098));
#4431=DIRECTION('',(0.0,0.0,-1.0));
#4432=DIRECTION('',(1.0,0.0,0.0));
#4433=ADVANCED_FACE('',(#4434),#4461,.T.);
#4434=FACE_BOUND('',#4435,.T.);
#4435=EDGE_LOOP('',(#4436,#4437,#4446,#4454));
#4436=ORIENTED_EDGE('',*,*,#4074,.F.);
#4437=ORIENTED_EDGE('',*,*,#4438,.T.);
#4438=EDGE_CURVE('',#4067,#4439,#4441,.T.);
#4439=VERTEX_POINT('',#4440);
#4440=CARTESIAN_POINT('',(2.0025,1.26944751E-13,-2.25));
#4441=CIRCLE('',#4442,0.2);
#4442=AXIS2_PLACEMENT_3D('',#4443,#4444,#4445);
#4443=CARTESIAN_POINT('',(2.0025,0.2,-2.25));
#4444=DIRECTION('',(1.0,0.0,0.0));
#4445=DIRECTION('',(0.0,0.0,1.0));
#4446=ORIENTED_EDGE('',*,*,#4447,.T.);
#4447=EDGE_CURVE('',#4439,#4448,#4450,.F.);
#4448=VERTEX_POINT('',#4449);
#4449=CARTESIAN_POINT('',(2.5975,1.403044347E-13,-2.25));
#4450=LINE('',#4451,#4452);
#4451=CARTESIAN_POINT('',(2.5975,1.014030443E-11,-2.25));
#4452=VECTOR('',#4453,1.0);
#4453=DIRECTION('',(-1.0,0.0,0.0));
#4454=ORIENTED_EDGE('',*,*,#4455,.T.);
#4455=EDGE_CURVE('',#4448,#4075,#4456,.T.);
#4456=CIRCLE('',#4457,0.2);
#4457=AXIS2_PLACEMENT_3D('',#4458,#4459,#4460);
#4458=CARTESIAN_POINT('',(2.5975,0.2,-2.25));
#4459=DIRECTION('',(-1.0,0.0,0.0));
#4460=DIRECTION('',(0.0,-1.0,0.0));
#4461=CYLINDRICAL_SURFACE('',#4462,0.2);
#4462=AXIS2_PLACEMENT_3D('',#4463,#4464,#4465);
#4463=CARTESIAN_POINT('',(1.982588902,0.2,-2.25));
#4464=DIRECTION('',(-1.0,0.0,0.0));
#4465=DIRECTION('',(0.0,-1.0,0.0));
#4466=ADVANCED_FACE('',(#4467),#4492,.F.);
#4467=FACE_BOUND('',#4468,.T.);
#4468=EDGE_LOOP('',(#4469,#4477,#4478,#4486));
#4469=ORIENTED_EDGE('',*,*,#4470,.T.);
#4470=EDGE_CURVE('',#4471,#4448,#4473,.F.);
#4471=VERTEX_POINT('',#4472);
#4472=CARTESIAN_POINT('',(2.5975,1.402049773E-13,-3.0));
#4473=LINE('',#4474,#4475);
#4474=CARTESIAN_POINT('',(2.5975,1.014030443E-11,-2.25));
#4475=VECTOR('',#4476,1.0);
#4476=DIRECTION('',(0.0,0.0,-1.0));
#4477=ORIENTED_EDGE('',*,*,#4447,.F.);
#4478=ORIENTED_EDGE('',*,*,#4479,.T.);
#4479=EDGE_CURVE('',#4439,#4480,#4482,.T.);
#4480=VERTEX_POINT('',#4481);
#4481=CARTESIAN_POINT('',(2.0025,1.402049773E-13,-3.0));
#4482=LINE('',#4483,#4484);
#4483=CARTESIAN_POINT('',(2.0025,1.012694475E-11,-2.25));
#4484=VECTOR('',#4485,1.0);
#4485=DIRECTION('',(0.0,0.0,-1.0));
#4486=ORIENTED_EDGE('',*,*,#4487,.T.);
#4487=EDGE_CURVE('',#4480,#4471,#4488,.F.);
#4488=LINE('',#4489,#4490);
#4489=CARTESIAN_POINT('',(2.5975,1.014020498E-11,-3.0));
#4490=VECTOR('',#4491,1.0);
#4491=DIRECTION('',(-1.0,0.0,0.0));
#4492=PLANE('',#4493);
#4493=AXIS2_PLACEMENT_3D('',#4494,#4495,#4496);
#4494=CARTESIAN_POINT('',(2.3,1.40221168E-13,-2.625));
#4495=DIRECTION('',(0.0,1.0,0.0));
#4496=DIRECTION('',(1.0,0.0,0.0));
#4497=ADVANCED_FACE('',(#4498),#4523,.F.);
#4498=FACE_BOUND('',#4499,.T.);
#4499=EDGE_LOOP('',(#4500,#4508,#4516,#4522));
#4500=ORIENTED_EDGE('',*,*,#4501,.T.);
#4501=EDGE_CURVE('',#4480,#4502,#4504,.T.);
#4502=VERTEX_POINT('',#4503);
#4503=CARTESIAN_POINT('',(2.0025,0.1,-3.0));
#4504=LINE('',#4505,#4506);
#4505=CARTESIAN_POINT('',(2.0025,1.014020498E-11,-3.0));
#4506=VECTOR('',#4507,1.0);
#4507=DIRECTION('',(0.0,1.0,0.0));
#4508=ORIENTED_EDGE('',*,*,#4509,.T.);
#4509=EDGE_CURVE('',#4502,#4510,#4512,.T.);
#4510=VERTEX_POINT('',#4511);
#4511=CARTESIAN_POINT('',(2.5975,0.1,-3.0));
#4512=LINE('',#4513,#4514);
#4513=CARTESIAN_POINT('',(2.0025,0.1,-3.0));
#4514=VECTOR('',#4515,1.0);
#4515=DIRECTION('',(1.0,0.0,0.0));
#4516=ORIENTED_EDGE('',*,*,#4517,.T.);
#4517=EDGE_CURVE('',#4510,#4471,#4518,.F.);
#4518=LINE('',#4519,#4520);
#4519=CARTESIAN_POINT('',(2.5975,1.014020498E-11,-3.0));
#4520=VECTOR('',#4521,1.0);
#4521=DIRECTION('',(0.0,1.0,0.0));
#4522=ORIENTED_EDGE('',*,*,#4487,.F.);
#4523=PLANE('',#4524);
#4524=AXIS2_PLACEMENT_3D('',#4525,#4526,#4527);
#4525=CARTESIAN_POINT('',(2.3,0.05,-3.0));
#4526=DIRECTION('',(0.0,0.0,1.0));
#4527=DIRECTION('',(1.0,0.0,0.0));
#4528=ADVANCED_FACE('',(#4529),#4555,.F.);
#4529=FACE_BOUND('',#4530,.T.);
#4530=EDGE_LOOP('',(#4531,#4539,#4540,#4548));
#4531=ORIENTED_EDGE('',*,*,#4532,.T.);
#4532=EDGE_CURVE('',#4533,#4091,#4535,.F.);
#4533=VERTEX_POINT('',#4534);
#4534=CARTESIAN_POINT('',(2.682712278,0.757338696,-2.15));
#4535=LINE('',#4536,#4537);
#4536=CARTESIAN_POINT('',(2.682712278,0.757338696,-2.05));
#4537=VECTOR('',#4538,1.0);
#4538=DIRECTION('',(0.0,0.0,-1.0));
#4539=ORIENTED_EDGE('',*,*,#4090,.F.);
#4540=ORIENTED_EDGE('',*,*,#4541,.T.);
#4541=EDGE_CURVE('',#4083,#4542,#4544,.T.);
#4542=VERTEX_POINT('',#4543);
#4543=CARTESIAN_POINT('',(2.5975,0.598847266,-2.15));
#4544=LINE('',#4545,#4546);
#4545=CARTESIAN_POINT('',(2.5975,0.598847266,-2.05));
#4546=VECTOR('',#4547,1.0);
#4547=DIRECTION('',(0.0,0.0,-1.0));
#4548=ORIENTED_EDGE('',*,*,#4549,.T.);
#4549=EDGE_CURVE('',#4542,#4533,#4550,.F.);
#4550=CIRCLE('',#4551,0.19);
#4551=AXIS2_PLACEMENT_3D('',#4552,#4553,#4554);
#4552=CARTESIAN_POINT('',(2.7875,0.598847266,-2.15));
#4553=DIRECTION('',(0.0,0.0,1.0));
#4554=DIRECTION('',(-0.551514327,0.83416542,0.0));
#4555=CYLINDRICAL_SURFACE('',#4556,0.19);
#4556=AXIS2_PLACEMENT_3D('',#4557,#4558,#4559);
#4557=CARTESIAN_POINT('',(2.7875,0.598847266,-2.169911098));
#4558=DIRECTION('',(0.0,0.0,-1.0));
#4559=DIRECTION('',(-0.551514327,0.83416542,0.0));
#4560=ADVANCED_FACE('',(#4561),#4629,.T.);
#4561=FACE_BOUND('',#4562,.T.);
#4562=EDGE_LOOP('',(#4563,#4571,#4572,#4580,#4588,#4596,#4605,#4613,#4622));
#4563=ORIENTED_EDGE('',*,*,#4564,.T.);
#4564=EDGE_CURVE('',#4565,#4533,#4567,.F.);
#4565=VERTEX_POINT('',#4566);
#4566=CARTESIAN_POINT('',(2.814787722,0.844661304,-2.15));
#4567=LINE('',#4568,#4569);
#4568=CARTESIAN_POINT('',(2.682712278,0.757338696,-2.15));
#4569=VECTOR('',#4570,1.0);
#4570=DIRECTION('',(0.83416542,0.551514327,0.0));
#4571=ORIENTED_EDGE('',*,*,#4549,.F.);
#4572=ORIENTED_EDGE('',*,*,#4573,.T.);
#4573=EDGE_CURVE('',#4542,#4574,#4576,.F.);
#4574=VERTEX_POINT('',#4575);
#4575=CARTESIAN_POINT('',(2.5975,0.199817211,-2.15));
#4576=LINE('',#4577,#4578);
#4577=CARTESIAN_POINT('',(2.5975,0.199817211,-2.15));
#4578=VECTOR('',#4579,1.0);
#4579=DIRECTION('',(0.0,1.0,0.0));
#4580=ORIENTED_EDGE('',*,*,#4581,.T.);
#4581=EDGE_CURVE('',#4574,#4582,#4584,.T.);
#4582=VERTEX_POINT('',#4583);
#4583=CARTESIAN_POINT('',(2.6,0.199817211,-2.15));
#4584=LINE('',#4585,#4586);
#4585=CARTESIAN_POINT('',(2.5975,0.199817211,-2.15));
#4586=VECTOR('',#4587,1.0);
#4587=DIRECTION('',(1.0,0.0,0.0));
#4588=ORIENTED_EDGE('',*,*,#4589,.T.);
#4589=EDGE_CURVE('',#4582,#4590,#4592,.T.);
#4590=VERTEX_POINT('',#4591);
#4591=CARTESIAN_POINT('',(2.6,0.592963248,-2.15));
#4592=LINE('',#4593,#4594);
#4593=CARTESIAN_POINT('',(2.6,0.199817211,-2.15));
#4594=VECTOR('',#4595,1.0);
#4595=DIRECTION('',(0.0,1.0,0.0));
#4596=ORIENTED_EDGE('',*,*,#4597,.T.);
#4597=EDGE_CURVE('',#4590,#4598,#4600,.F.);
#4598=VERTEX_POINT('',#4599);
#4599=CARTESIAN_POINT('',(2.689059961,0.759373307,-2.15));
#4600=CIRCLE('',#4601,0.2);
#4601=AXIS2_PLACEMENT_3D('',#4602,#4603,#4604);
#4602=CARTESIAN_POINT('',(2.8,0.592963248,-2.15));
#4603=DIRECTION('',(0.0,0.0,1.0));
#4604=DIRECTION('',(-0.554700196,0.832050294,0.0));
#4605=ORIENTED_EDGE('',*,*,#4606,.T.);
#4606=EDGE_CURVE('',#4598,#4607,#4609,.F.);
#4607=VERTEX_POINT('',#4608);
#4608=CARTESIAN_POINT('',(2.810940039,0.840626693,-2.15));
#4609=LINE('',#4610,#4611);
#4610=CARTESIAN_POINT('',(2.810940039,0.840626693,-2.15));
#4611=VECTOR('',#4612,1.0);
#4612=DIRECTION('',(-0.832050294,-0.554700196,0.0));
#4613=ORIENTED_EDGE('',*,*,#4614,.T.);
#4614=EDGE_CURVE('',#4607,#4615,#4617,.F.);
#4615=VERTEX_POINT('',#4616);
#4616=CARTESIAN_POINT('',(2.848887874,0.873498738,-2.15));
#4617=CIRCLE('',#4618,0.2);
#4618=AXIS2_PLACEMENT_3D('',#4619,#4620,#4621);
#4619=CARTESIAN_POINT('',(2.7,1.007036752,-2.15));
#4620=DIRECTION('',(0.0,0.0,-1.0));
#4621=DIRECTION('',(0.744439368,-0.667690069,0.0));
#4622=ORIENTED_EDGE('',*,*,#4623,.T.);
#4623=EDGE_CURVE('',#4615,#4565,#4624,.T.);
#4624=CIRCLE('',#4625,0.19);
#4625=AXIS2_PLACEMENT_3D('',#4626,#4627,#4628);
#4626=CARTESIAN_POINT('',(2.71,1.003152734,-2.15));
#4627=DIRECTION('',(0.0,0.0,-1.0));
#4628=DIRECTION('',(0.730988808,-0.682389451,0.0));
#4629=PLANE('',#4630);
#4630=AXIS2_PLACEMENT_3D('',#4631,#4632,#4633);
#4631=CARTESIAN_POINT('',(2.3,0.649908605,-2.15));
#4632=DIRECTION('',(0.0,0.0,1.0));
#4633=DIRECTION('',(1.0,0.0,0.0));
#4634=ADVANCED_FACE('',(#4635),#4662,.T.);
#4635=FACE_BOUND('',#4636,.T.);
#4636=EDGE_LOOP('',(#4637,#4647,#4654,#4655));
#4637=ORIENTED_EDGE('',*,*,#4638,.T.);
#4638=EDGE_CURVE('',#4639,#4641,#4643,.F.);
#4639=VERTEX_POINT('',#4640);
#4640=CARTESIAN_POINT('',(2.5975,0.099878128,-2.24651005));
#4641=VERTEX_POINT('',#4642);
#4642=CARTESIAN_POINT('',(2.6,0.099878128,-2.24651005));
#4643=LINE('',#4644,#4645);
#4644=CARTESIAN_POINT('',(2.6,0.099878128,-2.24651005));
#4645=VECTOR('',#4646,1.0);
#4646=DIRECTION('',(-1.0,0.0,0.0));
#4647=ORIENTED_EDGE('',*,*,#4648,.T.);
#4648=EDGE_CURVE('',#4641,#4582,#4649,.T.);
#4649=CIRCLE('',#4650,0.1);
#4650=AXIS2_PLACEMENT_3D('',#4651,#4652,#4653);
#4651=CARTESIAN_POINT('',(2.6,0.199817211,-2.25));
#4652=DIRECTION('',(-1.0,0.0,0.0));
#4653=DIRECTION('',(0.0,-0.999390827,0.034899497));
#4654=ORIENTED_EDGE('',*,*,#4581,.F.);
#4655=ORIENTED_EDGE('',*,*,#4656,.T.);
#4656=EDGE_CURVE('',#4574,#4639,#4657,.T.);
#4657=CIRCLE('',#4658,0.1);
#4658=AXIS2_PLACEMENT_3D('',#4659,#4660,#4661);
#4659=CARTESIAN_POINT('',(2.5975,0.199817211,-2.25));
#4660=DIRECTION('',(1.0,0.0,0.0));
#4661=DIRECTION('',(0.0,0.0,1.0));
#4662=CYLINDRICAL_SURFACE('',#4663,0.1);
#4663=AXIS2_PLACEMENT_3D('',#4664,#4665,#4666);
#4664=CARTESIAN_POINT('',(0.792,0.199817211,-2.25));
#4665=DIRECTION('',(-1.0,0.0,0.0));
#4666=DIRECTION('',(0.0,-1.0,0.0));
#4667=ADVANCED_FACE('',(#4668),#4684,.F.);
#4668=FACE_BOUND('',#4669,.T.);
#4669=EDGE_LOOP('',(#4670,#4671,#4677,#4678));
#4670=ORIENTED_EDGE('',*,*,#2269,.F.);
#4671=ORIENTED_EDGE('',*,*,#4672,.T.);
#4672=EDGE_CURVE('',#2262,#4641,#4673,.T.);
#4673=LINE('',#4674,#4675);
#4674=CARTESIAN_POINT('',(2.6,0.077057756,-2.9));
#4675=VECTOR('',#4676,1.0);
#4676=DIRECTION('',(0.0,0.034899497,0.999390827));
#4677=ORIENTED_EDGE('',*,*,#4638,.F.);
#4678=ORIENTED_EDGE('',*,*,#4679,.T.);
#4679=EDGE_CURVE('',#4639,#2270,#4680,.F.);
#4680=LINE('',#4681,#4682);
#4681=CARTESIAN_POINT('',(2.5975,0.077057756,-2.9));
#4682=VECTOR('',#4683,1.0);
#4683=DIRECTION('',(0.0,0.034899497,0.999390827));
#4684=PLANE('',#4685);
#4685=AXIS2_PLACEMENT_3D('',#4686,#4687,#4688);
#4686=CARTESIAN_POINT('',(2.3,0.088467942,-2.573255025));
#4687=DIRECTION('',(0.0,0.999390827,-0.034899497));
#4688=DIRECTION('',(-1.0,0.0,0.0));
#4689=ADVANCED_FACE('',(#4690),#4717,.T.);
#4690=FACE_BOUND('',#4691,.T.);
#4691=EDGE_LOOP('',(#4692,#4693,#4702,#4710));
#4692=ORIENTED_EDGE('',*,*,#4150,.F.);
#4693=ORIENTED_EDGE('',*,*,#4694,.T.);
#4694=EDGE_CURVE('',#4143,#4695,#4697,.T.);
#4695=VERTEX_POINT('',#4696);
#4696=CARTESIAN_POINT('',(2.6,0.0,-2.25));
#4697=CIRCLE('',#4698,0.2);
#4698=AXIS2_PLACEMENT_3D('',#4699,#4700,#4701);
#4699=CARTESIAN_POINT('',(2.6,0.2,-2.25));
#4700=DIRECTION('',(1.0,0.0,0.0));
#4701=DIRECTION('',(0.0,0.0,1.0));
#4702=ORIENTED_EDGE('',*,*,#4703,.T.);
#4703=EDGE_CURVE('',#4695,#4704,#4706,.T.);
#4704=VERTEX_POINT('',#4705);
#4705=CARTESIAN_POINT('',(3.15,0.0,-2.25));
#4706=LINE('',#4707,#4708);
#4707=CARTESIAN_POINT('',(2.6,0.0,-2.25));
#4708=VECTOR('',#4709,1.0);
#4709=DIRECTION('',(1.0,0.0,0.0));
#4710=ORIENTED_EDGE('',*,*,#4711,.T.);
#4711=EDGE_CURVE('',#4704,#4151,#4712,.T.);
#4712=CIRCLE('',#4713,0.2);
#4713=AXIS2_PLACEMENT_3D('',#4714,#4715,#4716);
#4714=CARTESIAN_POINT('',(3.15,0.2,-2.25));
#4715=DIRECTION('',(-1.0,0.0,0.0));
#4716=DIRECTION('',(0.0,-1.0,0.0));
#4717=CYLINDRICAL_SURFACE('',#4718,0.2);
#4718=AXIS2_PLACEMENT_3D('',#4719,#4720,#4721);
#4719=CARTESIAN_POINT('',(-0.092,0.2,-2.25));
#4720=DIRECTION('',(-1.0,0.0,0.0));
#4721=DIRECTION('',(0.0,0.0,1.0));
#4722=ADVANCED_FACE('',(#4723),#4739,.T.);
#4723=FACE_BOUND('',#4724,.T.);
#4724=EDGE_LOOP('',(#4725,#4731,#4732,#4738));
#4725=ORIENTED_EDGE('',*,*,#4726,.T.);
#4726=EDGE_CURVE('',#4126,#4598,#4727,.F.);
#4727=LINE('',#4728,#4729);
#4728=CARTESIAN_POINT('',(2.689059961,0.759373307,-2.15));
#4729=VECTOR('',#4730,1.0);
#4730=DIRECTION('',(0.0,0.0,1.0));
#4731=ORIENTED_EDGE('',*,*,#4597,.F.);
#4732=ORIENTED_EDGE('',*,*,#4733,.T.);
#4733=EDGE_CURVE('',#4590,#4134,#4734,.T.);
#4734=LINE('',#4735,#4736);
#4735=CARTESIAN_POINT('',(2.6,0.592963248,-2.15));
#4736=VECTOR('',#4737,1.0);
#4737=DIRECTION('',(0.0,0.0,1.0));
#4738=ORIENTED_EDGE('',*,*,#4133,.F.);
#4739=CYLINDRICAL_SURFACE('',#4740,0.2);
#4740=AXIS2_PLACEMENT_3D('',#4741,#4742,#4743);
#4741=CARTESIAN_POINT('',(2.8,0.592963248,-2.157055551));
#4742=DIRECTION('',(0.0,0.0,-1.0));
#4743=DIRECTION('',(-0.554700196,0.832050294,0.0));
#4744=ADVANCED_FACE('',(#4745),#4777,.F.);
#4745=FACE_BOUND('',#4746,.T.);
#4746=EDGE_LOOP('',(#4747,#4755,#4763,#4771));
#4747=ORIENTED_EDGE('',*,*,#4748,.T.);
#4748=EDGE_CURVE('',#4749,#4159,#4751,.T.);
#4749=VERTEX_POINT('',#4750);
#4750=CARTESIAN_POINT('',(3.1525,0.9,-2.05));
#4751=LINE('',#4752,#4753);
#4752=CARTESIAN_POINT('',(3.1525,0.9,-2.05));
#4753=VECTOR('',#4754,1.0);
#4754=DIRECTION('',(-1.0,0.0,0.0));
#4755=ORIENTED_EDGE('',*,*,#4756,.T.);
#4756=EDGE_CURVE('',#4159,#4757,#4759,.T.);
#4757=VERTEX_POINT('',#4758);
#4758=CARTESIAN_POINT('',(3.15,1.1,-2.05));
#4759=LINE('',#4760,#4761);
#4760=CARTESIAN_POINT('',(3.15,0.9,-2.05));
#4761=VECTOR('',#4762,1.0);
#4762=DIRECTION('',(0.0,1.0,0.0));
#4763=ORIENTED_EDGE('',*,*,#4764,.T.);
#4764=EDGE_CURVE('',#4757,#4765,#4767,.T.);
#4765=VERTEX_POINT('',#4766);
#4766=CARTESIAN_POINT('',(3.1525,1.1,-2.05));
#4767=LINE('',#4768,#4769);
#4768=CARTESIAN_POINT('',(3.15,1.1,-2.05));
#4769=VECTOR('',#4770,1.0);
#4770=DIRECTION('',(1.0,0.0,0.0));
#4771=ORIENTED_EDGE('',*,*,#4772,.T.);
#4772=EDGE_CURVE('',#4765,#4749,#4773,.T.);
#4773=LINE('',#4774,#4775);
#4774=CARTESIAN_POINT('',(3.1525,1.1,-2.05));
#4775=VECTOR('',#4776,1.0);
#4776=DIRECTION('',(0.0,-1.0,0.0));
#4777=PLANE('',#4778);
#4778=AXIS2_PLACEMENT_3D('',#4779,#4780,#4781);
#4779=CARTESIAN_POINT('',(3.5,1.0,-2.05));
#4780=DIRECTION('',(0.0,0.0,1.0));
#4781=DIRECTION('',(1.0,0.0,0.0));
#4782=ADVANCED_FACE('',(#4783),#4810,.T.);
#4783=FACE_BOUND('',#4784,.T.);
#4784=EDGE_LOOP('',(#4785,#4786,#4795,#4803));
#4785=ORIENTED_EDGE('',*,*,#4764,.F.);
#4786=ORIENTED_EDGE('',*,*,#4787,.T.);
#4787=EDGE_CURVE('',#4757,#4788,#4790,.T.);
#4788=VERTEX_POINT('',#4789);
#4789=CARTESIAN_POINT('',(3.15,1.2,-1.95));
#4790=CIRCLE('',#4791,0.1);
#4791=AXIS2_PLACEMENT_3D('',#4792,#4793,#4794);
#4792=CARTESIAN_POINT('',(3.15,1.1,-1.95));
#4793=DIRECTION('',(1.0,0.0,0.0));
#4794=DIRECTION('',(0.0,0.0,-1.0));
#4795=ORIENTED_EDGE('',*,*,#4796,.T.);
#4796=EDGE_CURVE('',#4788,#4797,#4799,.F.);
#4797=VERTEX_POINT('',#4798);
#4798=CARTESIAN_POINT('',(3.1525,1.2,-1.95));
#4799=LINE('',#4800,#4801);
#4800=CARTESIAN_POINT('',(3.1525,1.2,-1.95));
#4801=VECTOR('',#4802,1.0);
#4802=DIRECTION('',(-1.0,0.0,0.0));
#4803=ORIENTED_EDGE('',*,*,#4804,.T.);
#4804=EDGE_CURVE('',#4797,#4765,#4805,.F.);
#4805=CIRCLE('',#4806,0.1);
#4806=AXIS2_PLACEMENT_3D('',#4807,#4808,#4809);
#4807=CARTESIAN_POINT('',(3.1525,1.1,-1.95));
#4808=DIRECTION('',(1.0,0.0,0.0));
#4809=DIRECTION('',(0.0,0.0,-1.0));
#4810=CYLINDRICAL_SURFACE('',#4811,0.1);
#4811=AXIS2_PLACEMENT_3D('',#4812,#4813,#4814);
#4812=CARTESIAN_POINT('',(0.688,1.1,-1.95));
#4813=DIRECTION('',(-1.0,0.0,0.0));
#4814=DIRECTION('',(0.0,-1.0,0.0));
#4815=ADVANCED_FACE('',(#4816),#4851,.T.);
#4816=FACE_BOUND('',#4817,.T.);
#4817=EDGE_LOOP('',(#4818,#4819,#4827,#4836,#4845));
#4818=ORIENTED_EDGE('',*,*,#4796,.F.);
#4819=ORIENTED_EDGE('',*,*,#4820,.T.);
#4820=EDGE_CURVE('',#4788,#4821,#4823,.T.);
#4821=VERTEX_POINT('',#4822);
#4822=CARTESIAN_POINT('',(3.15,1.2,-0.75));
#4823=LINE('',#4824,#4825);
#4824=CARTESIAN_POINT('',(3.15,1.2,-1.95));
#4825=VECTOR('',#4826,1.0);
#4826=DIRECTION('',(0.0,0.0,1.0));
#4827=ORIENTED_EDGE('',*,*,#4828,.T.);
#4828=EDGE_CURVE('',#4821,#4829,#4831,.F.);
#4829=VERTEX_POINT('',#4830);
#4830=CARTESIAN_POINT('',(2.952499774,1.2,-0.550008461));
#4831=CIRCLE('',#4832,0.2);
#4832=AXIS2_PLACEMENT_3D('',#4833,#4834,#4835);
#4833=CARTESIAN_POINT('',(2.95,1.2,-0.75));
#4834=DIRECTION('',(0.0,1.0,0.0));
#4835=DIRECTION('',(0.012498845,0.0,0.999921886));
#4836=ORIENTED_EDGE('',*,*,#4837,.T.);
#4837=EDGE_CURVE('',#4829,#4838,#4840,.F.);
#4838=VERTEX_POINT('',#4839);
#4839=CARTESIAN_POINT('',(3.1525,1.2,-0.75));
#4840=CIRCLE('',#4841,0.2);
#4841=AXIS2_PLACEMENT_3D('',#4842,#4843,#4844);
#4842=CARTESIAN_POINT('',(2.9525,1.2,-0.75));
#4843=DIRECTION('',(0.0,-1.0,0.0));
#4844=DIRECTION('',(1.0,0.0,0.0));
#4845=ORIENTED_EDGE('',*,*,#4846,.T.);
#4846=EDGE_CURVE('',#4838,#4797,#4847,.F.);
#4847=LINE('',#4848,#4849);
#4848=CARTESIAN_POINT('',(3.1525,1.2,-1.95));
#4849=VECTOR('',#4850,1.0);
#4850=DIRECTION('',(0.0,0.0,1.0));
#4851=PLANE('',#4852);
#4852=AXIS2_PLACEMENT_3D('',#4853,#4854,#4855);
#4853=CARTESIAN_POINT('',(3.075,1.2,-1.1));
#4854=DIRECTION('',(0.0,1.0,0.0));
#4855=DIRECTION('',(1.0,0.0,0.0));
#4856=ADVANCED_FACE('',(#4857),#4892,.T.);
#4857=FACE_BOUND('',#4858,.T.);
#4858=EDGE_LOOP('',(#4859,#4860,#4866,#4867,#4877,#4885));
#4859=ORIENTED_EDGE('',*,*,#4828,.F.);
#4860=ORIENTED_EDGE('',*,*,#4861,.T.);
#4861=EDGE_CURVE('',#4821,#3824,#4862,.F.);
#4862=LINE('',#4863,#4864);
#4863=CARTESIAN_POINT('',(3.15,1.3,-0.75));
#4864=VECTOR('',#4865,1.0);
#4865=DIRECTION('',(0.0,-1.0,0.0));
#4866=ORIENTED_EDGE('',*,*,#3821,.F.);
#4867=ORIENTED_EDGE('',*,*,#4868,.T.);
#4868=EDGE_CURVE('',#3822,#4869,#4871,.T.);
#4869=VERTEX_POINT('',#4870);
#4870=CARTESIAN_POINT('',(2.95,1.3,-0.55));
#4871=B_SPLINE_CURVE_WITH_KNOTS('',3,(#4872,#4873,#4874,#4875,#4876),.UNSPECIFIED.,.F.,.U.,(4,1,4),(0.0,0.5,1.0),.QUASI_UNIFORM_KNOTS.);
#4872=CARTESIAN_POINT('',(2.9524999,1.3,-0.550005858));
#4873=CARTESIAN_POINT('',(2.952083737,1.3,-0.550005858));
#4874=CARTESIAN_POINT('',(2.951251057,1.3,-0.549997071));
#4875=CARTESIAN_POINT('',(2.95041717,1.3,-0.55));
#4876=CARTESIAN_POINT('',(2.95,1.3,-0.55));
#4877=ORIENTED_EDGE('',*,*,#4878,.T.);
#4878=EDGE_CURVE('',#4869,#4879,#4881,.T.);
#4879=VERTEX_POINT('',#4880);
#4880=CARTESIAN_POINT('',(2.95,1.2,-0.55));
#4881=LINE('',#4882,#4883);
#4882=CARTESIAN_POINT('',(2.95,1.3,-0.55));
#4883=VECTOR('',#4884,1.0);
#4884=DIRECTION('',(0.0,-1.0,0.0));
#4885=ORIENTED_EDGE('',*,*,#4886,.T.);
#4886=EDGE_CURVE('',#4879,#4829,#4887,.T.);
#4887=B_SPLINE_CURVE_WITH_KNOTS('',3,(#4888,#4889,#4890,#4891),.UNSPECIFIED.,.F.,.U.,(4,4),(0.0,1.0),.PIECEWISE_BEZIER_KNOTS.);
#4888=CARTESIAN_POINT('',(2.95,1.2,-0.55));
#4889=CARTESIAN_POINT('',(2.950833333,1.2,-0.55));
#4890=CARTESIAN_POINT('',(2.951666576,1.2,-0.550005858));
#4891=CARTESIAN_POINT('',(2.952499909,1.2,-0.550005858));
#4892=CYLINDRICAL_SURFACE('',#4893,0.2);
#4893=AXIS2_PLACEMENT_3D('',#4894,#4895,#4896);
#4894=CARTESIAN_POINT('',(2.95,1.307055551,-0.75));
#4895=DIRECTION('',(0.0,1.0,0.0));
#4896=DIRECTION('',(1.0,0.0,0.0));
#4897=ADVANCED_FACE('',(#4898),#4925,.F.);
#4898=FACE_BOUND('',#4899,.T.);
#4899=EDGE_LOOP('',(#4900,#4901,#4910,#4918));
#4900=ORIENTED_EDGE('',*,*,#3840,.F.);
#4901=ORIENTED_EDGE('',*,*,#4902,.T.);
#4902=EDGE_CURVE('',#3833,#4903,#4905,.T.);
#4903=VERTEX_POINT('',#4904);
#4904=CARTESIAN_POINT('',(3.15,1.1,-2.15));
#4905=CIRCLE('',#4906,0.2);
#4906=AXIS2_PLACEMENT_3D('',#4907,#4908,#4909);
#4907=CARTESIAN_POINT('',(3.15,1.1,-1.95));
#4908=DIRECTION('',(-1.0,0.0,0.0));
#4909=DIRECTION('',(0.0,1.0,0.0));
#4910=ORIENTED_EDGE('',*,*,#4911,.T.);
#4911=EDGE_CURVE('',#4903,#4912,#4914,.T.);
#4912=VERTEX_POINT('',#4913);
#4913=CARTESIAN_POINT('',(3.1525,1.1,-2.15));
#4914=LINE('',#4915,#4916);
#4915=CARTESIAN_POINT('',(3.15,1.1,-2.15));
#4916=VECTOR('',#4917,1.0);
#4917=DIRECTION('',(1.0,0.0,0.0));
#4918=ORIENTED_EDGE('',*,*,#4919,.T.);
#4919=EDGE_CURVE('',#4912,#3841,#4920,.T.);
#4920=CIRCLE('',#4921,0.2);
#4921=AXIS2_PLACEMENT_3D('',#4922,#4923,#4924);
#4922=CARTESIAN_POINT('',(3.1525,1.1,-1.95));
#4923=DIRECTION('',(1.0,0.0,0.0));
#4924=DIRECTION('',(0.0,0.0,-1.0));
#4925=CYLINDRICAL_SURFACE('',#4926,0.2);
#4926=AXIS2_PLACEMENT_3D('',#4927,#4928,#4929);
#4927=CARTESIAN_POINT('',(0.688,1.1,-1.95));
#4928=DIRECTION('',(-1.0,0.0,0.0));
#4929=DIRECTION('',(0.0,-1.0,0.0));
#4930=ADVANCED_FACE('',(#4931),#4956,.T.);
#4931=FACE_BOUND('',#4932,.T.);
#4932=EDGE_LOOP('',(#4933,#4934,#4942,#4950));
#4933=ORIENTED_EDGE('',*,*,#4911,.F.);
#4934=ORIENTED_EDGE('',*,*,#4935,.T.);
#4935=EDGE_CURVE('',#4903,#4936,#4938,.T.);
#4936=VERTEX_POINT('',#4937);
#4937=CARTESIAN_POINT('',(3.15,0.199817211,-2.15));
#4938=LINE('',#4939,#4940);
#4939=CARTESIAN_POINT('',(3.15,1.1,-2.15));
#4940=VECTOR('',#4941,1.0);
#4941=DIRECTION('',(0.0,-1.0,0.0));
#4942=ORIENTED_EDGE('',*,*,#4943,.T.);
#4943=EDGE_CURVE('',#4936,#4944,#4946,.T.);
#4944=VERTEX_POINT('',#4945);
#4945=CARTESIAN_POINT('',(3.1525,0.199817211,-2.15));
#4946=LINE('',#4947,#4948);
#4947=CARTESIAN_POINT('',(3.15,0.199817211,-2.15));
#4948=VECTOR('',#4949,1.0);
#4949=DIRECTION('',(1.0,0.0,0.0));
#4950=ORIENTED_EDGE('',*,*,#4951,.T.);
#4951=EDGE_CURVE('',#4944,#4912,#4952,.T.);
#4952=LINE('',#4953,#4954);
#4953=CARTESIAN_POINT('',(3.1525,0.199817211,-2.15));
#4954=VECTOR('',#4955,1.0);
#4955=DIRECTION('',(0.0,1.0,0.0));
#4956=PLANE('',#4957);
#4957=AXIS2_PLACEMENT_3D('',#4958,#4959,#4960);
#4958=CARTESIAN_POINT('',(3.5,0.649908605,-2.15));
#4959=DIRECTION('',(0.0,0.0,1.0));
#4960=DIRECTION('',(1.0,0.0,0.0));
#4961=ADVANCED_FACE('',(#4962),#4989,.T.);
#4962=FACE_BOUND('',#4963,.T.);
#4963=EDGE_LOOP('',(#4964,#4965,#4974,#4982));
#4964=ORIENTED_EDGE('',*,*,#4943,.F.);
#4965=ORIENTED_EDGE('',*,*,#4966,.T.);
#4966=EDGE_CURVE('',#4936,#4967,#4969,.T.);
#4967=VERTEX_POINT('',#4968);
#4968=CARTESIAN_POINT('',(3.15,0.099878128,-2.24651005));
#4969=CIRCLE('',#4970,0.1);
#4970=AXIS2_PLACEMENT_3D('',#4971,#4972,#4973);
#4971=CARTESIAN_POINT('',(3.15,0.199817211,-2.25));
#4972=DIRECTION('',(1.0,0.0,0.0));
#4973=DIRECTION('',(0.0,0.0,1.0));
#4974=ORIENTED_EDGE('',*,*,#4975,.T.);
#4975=EDGE_CURVE('',#4967,#4976,#4978,.F.);
#4976=VERTEX_POINT('',#4977);
#4977=CARTESIAN_POINT('',(3.1525,0.099878128,-2.24651005));
#4978=LINE('',#4979,#4980);
#4979=CARTESIAN_POINT('',(3.1525,0.099878128,-2.24651005));
#4980=VECTOR('',#4981,1.0);
#4981=DIRECTION('',(-1.0,0.0,0.0));
#4982=ORIENTED_EDGE('',*,*,#4983,.T.);
#4983=EDGE_CURVE('',#4976,#4944,#4984,.F.);
#4984=CIRCLE('',#4985,0.1);
#4985=AXIS2_PLACEMENT_3D('',#4986,#4987,#4988);
#4986=CARTESIAN_POINT('',(3.1525,0.199817211,-2.25));
#4987=DIRECTION('',(1.0,0.0,0.0));
#4988=DIRECTION('',(0.0,0.0,1.0));
#4989=CYLINDRICAL_SURFACE('',#4990,0.1);
#4990=AXIS2_PLACEMENT_3D('',#4991,#4992,#4993);
#4991=CARTESIAN_POINT('',(0.792,0.199817211,-2.25));
#4992=DIRECTION('',(-1.0,0.0,0.0));
#4993=DIRECTION('',(0.0,-1.0,0.0));
#4994=ADVANCED_FACE('',(#4995),#5011,.F.);
#4995=FACE_BOUND('',#4996,.T.);
#4996=EDGE_LOOP('',(#4997,#4998,#5004,#5005));
#4997=ORIENTED_EDGE('',*,*,#4975,.F.);
#4998=ORIENTED_EDGE('',*,*,#4999,.T.);
#4999=EDGE_CURVE('',#4967,#2238,#5000,.T.);
#5000=LINE('',#5001,#5002);
#5001=CARTESIAN_POINT('',(3.15,0.099878128,-2.24651005));
#5002=VECTOR('',#5003,1.0);
#5003=DIRECTION('',(0.0,-0.034899497,-0.999390827));
#5004=ORIENTED_EDGE('',*,*,#2237,.F.);
#5005=ORIENTED_EDGE('',*,*,#5006,.T.);
#5006=EDGE_CURVE('',#2230,#4976,#5007,.T.);
#5007=LINE('',#5008,#5009);
#5008=CARTESIAN_POINT('',(3.1525,0.077057756,-2.9));
#5009=VECTOR('',#5010,1.0);
#5010=DIRECTION('',(0.0,0.034899497,0.999390827));
#5011=PLANE('',#5012);
#5012=AXIS2_PLACEMENT_3D('',#5013,#5014,#5015);
#5013=CARTESIAN_POINT('',(3.45,0.088467942,-2.573255025));
#5014=DIRECTION('',(0.0,0.999390827,-0.034899497));
#5015=DIRECTION('',(-1.0,0.0,0.0));
#5016=ADVANCED_FACE('',(#5017),#5057,.T.);
#5017=FACE_BOUND('',#5018,.T.);
#5018=EDGE_LOOP('',(#5019,#5027,#5035,#5043,#5051));
#5019=ORIENTED_EDGE('',*,*,#5020,.T.);
#5020=EDGE_CURVE('',#4749,#5021,#5023,.T.);
#5021=VERTEX_POINT('',#5022);
#5022=CARTESIAN_POINT('',(3.1525,0.2,-2.05));
#5023=LINE('',#5024,#5025);
#5024=CARTESIAN_POINT('',(3.1525,0.9,-2.05));
#5025=VECTOR('',#5026,1.0);
#5026=DIRECTION('',(0.0,-1.0,0.0));
#5027=ORIENTED_EDGE('',*,*,#5028,.T.);
#5028=EDGE_CURVE('',#5021,#5029,#5031,.F.);
#5029=VERTEX_POINT('',#5030);
#5030=CARTESIAN_POINT('',(3.7475,0.2,-2.05));
#5031=LINE('',#5032,#5033);
#5032=CARTESIAN_POINT('',(3.7475,0.2,-2.05));
#5033=VECTOR('',#5034,1.0);
#5034=DIRECTION('',(-1.0,0.0,0.0));
#5035=ORIENTED_EDGE('',*,*,#5036,.T.);
#5036=EDGE_CURVE('',#5029,#5037,#5039,.F.);
#5037=VERTEX_POINT('',#5038);
#5038=CARTESIAN_POINT('',(3.7475,0.895607999,-2.05));
#5039=LINE('',#5040,#5041);
#5040=CARTESIAN_POINT('',(3.7475,0.895607999,-2.05));
#5041=VECTOR('',#5042,1.0);
#5042=DIRECTION('',(0.0,-1.0,0.0));
#5043=ORIENTED_EDGE('',*,*,#5044,.T.);
#5044=EDGE_CURVE('',#5037,#5045,#5047,.F.);
#5045=VERTEX_POINT('',#5046);
#5046=CARTESIAN_POINT('',(3.751892001,0.9,-2.05));
#5047=LINE('',#5048,#5049);
#5048=CARTESIAN_POINT('',(3.751892001,0.9,-2.05));
#5049=VECTOR('',#5050,1.0);
#5050=DIRECTION('',(-0.707106781,-0.707106781,0.0));
#5051=ORIENTED_EDGE('',*,*,#5052,.T.);
#5052=EDGE_CURVE('',#5045,#4749,#5053,.F.);
#5053=LINE('',#5054,#5055);
#5054=CARTESIAN_POINT('',(3.1525,0.9,-2.05));
#5055=VECTOR('',#5056,1.0);
#5056=DIRECTION('',(1.0,0.0,0.0));
#5057=PLANE('',#5058);
#5058=AXIS2_PLACEMENT_3D('',#5059,#5060,#5061);
#5059=CARTESIAN_POINT('',(3.5,0.65,-2.05));
#5060=DIRECTION('',(0.0,0.0,1.0));
#5061=DIRECTION('',(1.0,0.0,0.0));
#5062=ADVANCED_FACE('',(#5063),#5090,.T.);
#5063=FACE_BOUND('',#5064,.T.);
#5064=EDGE_LOOP('',(#5065,#5066,#5075,#5083));
#5065=ORIENTED_EDGE('',*,*,#5028,.F.);
#5066=ORIENTED_EDGE('',*,*,#5067,.T.);
#5067=EDGE_CURVE('',#5021,#5068,#5070,.T.);
#5068=VERTEX_POINT('',#5069);
#5069=CARTESIAN_POINT('',(3.1525,1.268892399E-13,-2.25));
#5070=CIRCLE('',#5071,0.2);
#5071=AXIS2_PLACEMENT_3D('',#5072,#5073,#5074);
#5072=CARTESIAN_POINT('',(3.1525,0.2,-2.25));
#5073=DIRECTION('',(1.0,0.0,0.0));
#5074=DIRECTION('',(0.0,0.0,1.0));
#5075=ORIENTED_EDGE('',*,*,#5076,.T.);
#5076=EDGE_CURVE('',#5068,#5077,#5079,.F.);
#5077=VERTEX_POINT('',#5078);
#5078=CARTESIAN_POINT('',(3.7475,1.403969533E-13,-2.25));
#5079=LINE('',#5080,#5081);
#5080=CARTESIAN_POINT('',(3.7475,1.014039695E-11,-2.25));
#5081=VECTOR('',#5082,1.0);
#5082=DIRECTION('',(-1.0,0.0,0.0));
#5083=ORIENTED_EDGE('',*,*,#5084,.T.);
#5084=EDGE_CURVE('',#5077,#5029,#5085,.T.);
#5085=CIRCLE('',#5086,0.2);
#5086=AXIS2_PLACEMENT_3D('',#5087,#5088,#5089);
#5087=CARTESIAN_POINT('',(3.7475,0.2,-2.25));
#5088=DIRECTION('',(-1.0,0.0,0.0));
#5089=DIRECTION('',(0.0,-1.0,0.0));
#5090=CYLINDRICAL_SURFACE('',#5091,0.2);
#5091=AXIS2_PLACEMENT_3D('',#5092,#5093,#5094);
#5092=CARTESIAN_POINT('',(0.7946,0.2,-2.25));
#5093=DIRECTION('',(-1.0,0.0,0.0));
#5094=DIRECTION('',(0.0,-1.0,0.0));
#5095=ADVANCED_FACE('',(#5096),#5121,.F.);
#5096=FACE_BOUND('',#5097,.T.);
#5097=EDGE_LOOP('',(#5098,#5106,#5107,#5115));
#5098=ORIENTED_EDGE('',*,*,#5099,.T.);
#5099=EDGE_CURVE('',#5100,#5077,#5102,.T.);
#5100=VERTEX_POINT('',#5101);
#5101=CARTESIAN_POINT('',(3.7475,1.401679698E-13,-3.0));
#5102=LINE('',#5103,#5104);
#5103=CARTESIAN_POINT('',(3.7475,1.014016797E-11,-3.0));
#5104=VECTOR('',#5105,1.0);
#5105=DIRECTION('',(0.0,0.0,1.0));
#5106=ORIENTED_EDGE('',*,*,#5076,.F.);
#5107=ORIENTED_EDGE('',*,*,#5108,.T.);
#5108=EDGE_CURVE('',#5068,#5109,#5111,.T.);
#5109=VERTEX_POINT('',#5110);
#5110=CARTESIAN_POINT('',(3.1525,1.401864735E-13,-3.0));
#5111=LINE('',#5112,#5113);
#5112=CARTESIAN_POINT('',(3.1525,1.012688924E-11,-2.25));
#5113=VECTOR('',#5114,1.0);
#5114=DIRECTION('',(0.0,0.0,-1.0));
#5115=ORIENTED_EDGE('',*,*,#5116,.T.);
#5116=EDGE_CURVE('',#5109,#5100,#5117,.F.);
#5117=LINE('',#5118,#5119);
#5118=CARTESIAN_POINT('',(3.7475,1.014016797E-11,-3.0));
#5119=VECTOR('',#5120,1.0);
#5120=DIRECTION('',(-1.0,0.0,0.0));
#5121=PLANE('',#5122);
#5122=AXIS2_PLACEMENT_3D('',#5123,#5124,#5125);
#5123=CARTESIAN_POINT('',(3.45,1.40221168E-13,-2.625));
#5124=DIRECTION('',(0.0,1.0,0.0));
#5125=DIRECTION('',(1.0,0.0,0.0));
#5126=ADVANCED_FACE('',(#5127),#5152,.F.);
#5127=FACE_BOUND('',#5128,.T.);
#5128=EDGE_LOOP('',(#5129,#5137,#5145,#5151));
#5129=ORIENTED_EDGE('',*,*,#5130,.T.);
#5130=EDGE_CURVE('',#5109,#5131,#5133,.T.);
#5131=VERTEX_POINT('',#5132);
#5132=CARTESIAN_POINT('',(3.1525,0.1,-3.0));
#5133=LINE('',#5134,#5135);
#5134=CARTESIAN_POINT('',(3.1525,1.014018647E-11,-3.0));
#5135=VECTOR('',#5136,1.0);
#5136=DIRECTION('',(0.0,1.0,0.0));
#5137=ORIENTED_EDGE('',*,*,#5138,.T.);
#5138=EDGE_CURVE('',#5131,#5139,#5141,.T.);
#5139=VERTEX_POINT('',#5140);
#5140=CARTESIAN_POINT('',(3.7475,0.1,-3.0));
#5141=LINE('',#5142,#5143);
#5142=CARTESIAN_POINT('',(3.1525,0.1,-3.0));
#5143=VECTOR('',#5144,1.0);
#5144=DIRECTION('',(1.0,0.0,0.0));
#5145=ORIENTED_EDGE('',*,*,#5146,.T.);
#5146=EDGE_CURVE('',#5139,#5100,#5147,.T.);
#5147=LINE('',#5148,#5149);
#5148=CARTESIAN_POINT('',(3.7475,0.1,-3.0));
#5149=VECTOR('',#5150,1.0);
#5150=DIRECTION('',(0.0,-1.0,0.0));
#5151=ORIENTED_EDGE('',*,*,#5116,.F.);
#5152=PLANE('',#5153);
#5153=AXIS2_PLACEMENT_3D('',#5154,#5155,#5156);
#5154=CARTESIAN_POINT('',(3.45,0.05,-3.0));
#5155=DIRECTION('',(0.0,0.0,1.0));
#5156=DIRECTION('',(1.0,0.0,0.0));
#5157=ADVANCED_FACE('',(#5158),#5174,.F.);
#5158=FACE_BOUND('',#5159,.T.);
#5159=EDGE_LOOP('',(#5160,#5166,#5167,#5173));
#5160=ORIENTED_EDGE('',*,*,#5161,.T.);
#5161=EDGE_CURVE('',#4829,#3822,#5162,.T.);
#5162=LINE('',#5163,#5164);
#5163=CARTESIAN_POINT('',(2.952499909,1.2,-0.550005858));
#5164=VECTOR('',#5165,1.0);
#5165=DIRECTION('',(0.0,1.0,0.0));
#5166=ORIENTED_EDGE('',*,*,#3856,.F.);
#5167=ORIENTED_EDGE('',*,*,#5168,.T.);
#5168=EDGE_CURVE('',#3849,#4838,#5169,.F.);
#5169=LINE('',#5170,#5171);
#5170=CARTESIAN_POINT('',(3.1525,1.2,-0.75));
#5171=VECTOR('',#5172,1.0);
#5172=DIRECTION('',(0.0,1.0,0.0));
#5173=ORIENTED_EDGE('',*,*,#4837,.F.);
#5174=CYLINDRICAL_SURFACE('',#5175,0.2);
#5175=AXIS2_PLACEMENT_3D('',#5176,#5177,#5178);
#5176=CARTESIAN_POINT('',(2.9525,1.319911098,-0.75));
#5177=DIRECTION('',(0.0,1.0,0.0));
#5178=DIRECTION('',(1.0,0.0,0.0));
#5179=ADVANCED_FACE('',(#5180),#5213,.F.);
#5180=FACE_BOUND('',#5181,.T.);
#5181=EDGE_LOOP('',(#5182,#5183,#5191,#5199,#5207));
#5182=ORIENTED_EDGE('',*,*,#5044,.F.);
#5183=ORIENTED_EDGE('',*,*,#5184,.T.);
#5184=EDGE_CURVE('',#5037,#5185,#5187,.F.);
#5185=VERTEX_POINT('',#5186);
#5186=CARTESIAN_POINT('',(3.7475,0.895607999,-2.15));
#5187=LINE('',#5188,#5189);
#5188=CARTESIAN_POINT('',(3.7475,0.895607999,-2.15));
#5189=VECTOR('',#5190,1.0);
#5190=DIRECTION('',(0.0,0.0,1.0));
#5191=ORIENTED_EDGE('',*,*,#5192,.T.);
#5192=EDGE_CURVE('',#5185,#5193,#5195,.F.);
#5193=VERTEX_POINT('',#5194);
#5194=CARTESIAN_POINT('',(3.8475,0.995607999,-2.15));
#5195=LINE('',#5196,#5197);
#5196=CARTESIAN_POINT('',(3.8475,0.995607999,-2.15));
#5197=VECTOR('',#5198,1.0);
#5198=DIRECTION('',(-0.707106781,-0.707106781,0.0));
#5199=ORIENTED_EDGE('',*,*,#5200,.T.);
#5200=EDGE_CURVE('',#5193,#5201,#5203,.F.);
#5201=VERTEX_POINT('',#5202);
#5202=CARTESIAN_POINT('',(3.8475,0.995607999,-2.05));
#5203=LINE('',#5204,#5205);
#5204=CARTESIAN_POINT('',(3.8475,0.995607999,-2.05));
#5205=VECTOR('',#5206,1.0);
#5206=DIRECTION('',(0.0,0.0,-1.0));
#5207=ORIENTED_EDGE('',*,*,#5208,.T.);
#5208=EDGE_CURVE('',#5201,#5045,#5209,.T.);
#5209=LINE('',#5210,#5211);
#5210=CARTESIAN_POINT('',(3.8475,0.995607999,-2.05));
#5211=VECTOR('',#5212,1.0);
#5212=DIRECTION('',(-0.707106781,-0.707106781,0.0));
#5213=PLANE('',#5214);
#5214=AXIS2_PLACEMENT_3D('',#5215,#5216,#5217);
#5215=CARTESIAN_POINT('',(3.7975,0.945607999,-2.1));
#5216=DIRECTION('',(-0.707106781,0.707106781,0.0));
#5217=DIRECTION('',(0.0,0.0,1.0));
#5218=ADVANCED_FACE('',(#5219),#5276,.T.);
#5219=FACE_BOUND('',#5220,.T.);
#5220=EDGE_LOOP('',(#5221,#5222,#5230,#5238,#5246,#5254,#5262,#5270));
#5221=ORIENTED_EDGE('',*,*,#5192,.F.);
#5222=ORIENTED_EDGE('',*,*,#5223,.T.);
#5223=EDGE_CURVE('',#5185,#5224,#5226,.F.);
#5224=VERTEX_POINT('',#5225);
#5225=CARTESIAN_POINT('',(3.7475,0.199817211,-2.15));
#5226=LINE('',#5227,#5228);
#5227=CARTESIAN_POINT('',(3.7475,0.199817211,-2.15));
#5228=VECTOR('',#5229,1.0);
#5229=DIRECTION('',(0.0,1.0,0.0));
#5230=ORIENTED_EDGE('',*,*,#5231,.T.);
#5231=EDGE_CURVE('',#5224,#5232,#5234,.T.);
#5232=VERTEX_POINT('',#5233);
#5233=CARTESIAN_POINT('',(3.75,0.199817211,-2.15));
#5234=LINE('',#5235,#5236);
#5235=CARTESIAN_POINT('',(3.7475,0.199817211,-2.15));
#5236=VECTOR('',#5237,1.0);
#5237=DIRECTION('',(1.0,0.0,0.0));
#5238=ORIENTED_EDGE('',*,*,#5239,.T.);
#5239=EDGE_CURVE('',#5232,#5240,#5242,.T.);
#5240=VERTEX_POINT('',#5241);
#5241=CARTESIAN_POINT('',(3.75,0.895607999,-2.15));
#5242=LINE('',#5243,#5244);
#5243=CARTESIAN_POINT('',(3.75,0.199817211,-2.15));
#5244=VECTOR('',#5245,1.0);
#5245=DIRECTION('',(0.0,1.0,0.0));
#5246=ORIENTED_EDGE('',*,*,#5247,.T.);
#5247=EDGE_CURVE('',#5240,#5248,#5250,.F.);
#5248=VERTEX_POINT('',#5249);
#5249=CARTESIAN_POINT('',(3.85,0.995607999,-2.15));
#5250=LINE('',#5251,#5252);
#5251=CARTESIAN_POINT('',(3.85,0.995607999,-2.15));
#5252=VECTOR('',#5253,1.0);
#5253=DIRECTION('',(-0.707106781,-0.707106781,0.0));
#5254=ORIENTED_EDGE('',*,*,#5255,.T.);
#5255=EDGE_CURVE('',#5248,#5256,#5258,.T.);
#5256=VERTEX_POINT('',#5257);
#5257=CARTESIAN_POINT('',(3.85,1.1,-2.15));
#5258=LINE('',#5259,#5260);
#5259=CARTESIAN_POINT('',(3.85,0.995607999,-2.15));
#5260=VECTOR('',#5261,1.0);
#5261=DIRECTION('',(0.0,1.0,0.0));
#5262=ORIENTED_EDGE('',*,*,#5263,.T.);
#5263=EDGE_CURVE('',#5256,#5264,#5266,.F.);
#5264=VERTEX_POINT('',#5265);
#5265=CARTESIAN_POINT('',(3.8475,1.1,-2.15));
#5266=LINE('',#5267,#5268);
#5267=CARTESIAN_POINT('',(3.8475,1.1,-2.15));
#5268=VECTOR('',#5269,1.0);
#5269=DIRECTION('',(1.0,0.0,0.0));
#5270=ORIENTED_EDGE('',*,*,#5271,.T.);
#5271=EDGE_CURVE('',#5264,#5193,#5272,.T.);
#5272=LINE('',#5273,#5274);
#5273=CARTESIAN_POINT('',(3.8475,1.1,-2.15));
#5274=VECTOR('',#5275,1.0);
#5275=DIRECTION('',(0.0,-1.0,0.0));
#5276=PLANE('',#5277);
#5277=AXIS2_PLACEMENT_3D('',#5278,#5279,#5280);
#5278=CARTESIAN_POINT('',(3.5,0.649908605,-2.15));
#5279=DIRECTION('',(0.0,0.0,1.0));
#5280=DIRECTION('',(1.0,0.0,0.0));
#5281=ADVANCED_FACE('',(#5282),#5309,.T.);
#5282=FACE_BOUND('',#5283,.T.);
#5283=EDGE_LOOP('',(#5284,#5294,#5301,#5302));
#5284=ORIENTED_EDGE('',*,*,#5285,.T.);
#5285=EDGE_CURVE('',#5286,#5288,#5290,.F.);
#5286=VERTEX_POINT('',#5287);
#5287=CARTESIAN_POINT('',(3.7475,0.099878128,-2.24651005));
#5288=VERTEX_POINT('',#5289);
#5289=CARTESIAN_POINT('',(3.75,0.099878128,-2.24651005));
#5290=LINE('',#5291,#5292);
#5291=CARTESIAN_POINT('',(3.75,0.099878128,-2.24651005));
#5292=VECTOR('',#5293,1.0);
#5293=DIRECTION('',(-1.0,0.0,0.0));
#5294=ORIENTED_EDGE('',*,*,#5295,.T.);
#5295=EDGE_CURVE('',#5288,#5232,#5296,.T.);
#5296=CIRCLE('',#5297,0.1);
#5297=AXIS2_PLACEMENT_3D('',#5298,#5299,#5300);
#5298=CARTESIAN_POINT('',(3.75,0.199817211,-2.25));
#5299=DIRECTION('',(-1.0,0.0,0.0));
#5300=DIRECTION('',(0.0,-0.999390827,0.034899497));
#5301=ORIENTED_EDGE('',*,*,#5231,.F.);
#5302=ORIENTED_EDGE('',*,*,#5303,.T.);
#5303=EDGE_CURVE('',#5224,#5286,#5304,.T.);
#5304=CIRCLE('',#5305,0.1);
#5305=AXIS2_PLACEMENT_3D('',#5306,#5307,#5308);
#5306=CARTESIAN_POINT('',(3.7475,0.199817211,-2.25));
#5307=DIRECTION('',(1.0,0.0,0.0));
#5308=DIRECTION('',(0.0,0.0,1.0));
#5309=CYLINDRICAL_SURFACE('',#5310,0.1);
#5310=AXIS2_PLACEMENT_3D('',#5311,#5312,#5313);
#5311=CARTESIAN_POINT('',(0.792,0.199817211,-2.25));
#5312=DIRECTION('',(-1.0,0.0,0.0));
#5313=DIRECTION('',(0.0,-1.0,0.0));
#5314=ADVANCED_FACE('',(#5315),#5331,.F.);
#5315=FACE_BOUND('',#5316,.T.);
#5316=EDGE_LOOP('',(#5317,#5318,#5324,#5325));
#5317=ORIENTED_EDGE('',*,*,#2205,.F.);
#5318=ORIENTED_EDGE('',*,*,#5319,.T.);
#5319=EDGE_CURVE('',#2198,#5288,#5320,.T.);
#5320=LINE('',#5321,#5322);
#5321=CARTESIAN_POINT('',(3.75,0.077057756,-2.9));
#5322=VECTOR('',#5323,1.0);
#5323=DIRECTION('',(0.0,0.034899497,0.999390827));
#5324=ORIENTED_EDGE('',*,*,#5285,.F.);
#5325=ORIENTED_EDGE('',*,*,#5326,.T.);
#5326=EDGE_CURVE('',#5286,#2206,#5327,.F.);
#5327=LINE('',#5328,#5329);
#5328=CARTESIAN_POINT('',(3.7475,0.077057756,-2.9));
#5329=VECTOR('',#5330,1.0);
#5330=DIRECTION('',(0.0,0.034899497,0.999390827));
#5331=PLANE('',#5332);
#5332=AXIS2_PLACEMENT_3D('',#5333,#5334,#5335);
#5333=CARTESIAN_POINT('',(3.45,0.088467942,-2.573255025));
#5334=DIRECTION('',(0.0,0.999390827,-0.034899497));
#5335=DIRECTION('',(-1.0,0.0,0.0));
#5336=ADVANCED_FACE('',(#5337),#5411,.T.);
#5337=FACE_BOUND('',#5338,.T.);
#5338=EDGE_LOOP('',(#5339,#5349,#5357,#5365,#5373,#5381,#5389,#5397,#5405));
#5339=ORIENTED_EDGE('',*,*,#5340,.T.);
#5340=EDGE_CURVE('',#5341,#5343,#5345,.T.);
#5341=VERTEX_POINT('',#5342);
#5342=CARTESIAN_POINT('',(3.75,0.2,-2.05));
#5343=VERTEX_POINT('',#5344);
#5344=CARTESIAN_POINT('',(4.6,0.2,-2.05));
#5345=LINE('',#5346,#5347);
#5346=CARTESIAN_POINT('',(3.75,0.2,-2.05));
#5347=VECTOR('',#5348,1.0);
#5348=DIRECTION('',(1.0,0.0,0.0));
#5349=ORIENTED_EDGE('',*,*,#5350,.T.);
#5350=EDGE_CURVE('',#5343,#5351,#5353,.T.);
#5351=VERTEX_POINT('',#5352);
#5352=CARTESIAN_POINT('',(4.6,1.9,-2.05));
#5353=LINE('',#5354,#5355);
#5354=CARTESIAN_POINT('',(4.6,0.2,-2.05));
#5355=VECTOR('',#5356,1.0);
#5356=DIRECTION('',(0.0,1.0,0.0));
#5357=ORIENTED_EDGE('',*,*,#5358,.T.);
#5358=EDGE_CURVE('',#5351,#5359,#5361,.F.);
#5359=VERTEX_POINT('',#5360);
#5360=CARTESIAN_POINT('',(4.5,2.1,-2.05));
#5361=LINE('',#5362,#5363);
#5362=CARTESIAN_POINT('',(4.5,2.1,-2.05));
#5363=VECTOR('',#5364,1.0);
#5364=DIRECTION('',(0.447213596,-0.894427191,0.0));
#5365=ORIENTED_EDGE('',*,*,#5366,.T.);
#5366=EDGE_CURVE('',#5359,#5367,#5369,.F.);
#5367=VERTEX_POINT('',#5368);
#5368=CARTESIAN_POINT('',(3.9,2.1,-2.05));
#5369=LINE('',#5370,#5371);
#5370=CARTESIAN_POINT('',(3.9,2.1,-2.05));
#5371=VECTOR('',#5372,1.0);
#5372=DIRECTION('',(1.0,0.0,0.0));
#5373=ORIENTED_EDGE('',*,*,#5374,.T.);
#5374=EDGE_CURVE('',#5367,#5375,#5377,.F.);
#5375=VERTEX_POINT('',#5376);
#5376=CARTESIAN_POINT('',(4.0,2.0,-2.05));
#5377=LINE('',#5378,#5379);
#5378=CARTESIAN_POINT('',(4.0,2.0,-2.05));
#5379=VECTOR('',#5380,1.0);
#5380=DIRECTION('',(-0.707106781,0.707106781,0.0));
#5381=ORIENTED_EDGE('',*,*,#5382,.T.);
#5382=EDGE_CURVE('',#5375,#5383,#5385,.T.);
#5383=VERTEX_POINT('',#5384);
#5384=CARTESIAN_POINT('',(4.0,0.9,-2.05));
#5385=LINE('',#5386,#5387);
#5386=CARTESIAN_POINT('',(4.0,2.0,-2.05));
#5387=VECTOR('',#5388,1.0);
#5388=DIRECTION('',(0.0,-1.0,0.0));
#5389=ORIENTED_EDGE('',*,*,#5390,.T.);
#5390=EDGE_CURVE('',#5383,#5391,#5393,.T.);
#5391=VERTEX_POINT('',#5392);
#5392=CARTESIAN_POINT('',(3.754392001,0.9,-2.05));
#5393=LINE('',#5394,#5395);
#5394=CARTESIAN_POINT('',(4.0,0.9,-2.05));
#5395=VECTOR('',#5396,1.0);
#5396=DIRECTION('',(-1.0,0.0,0.0));
#5397=ORIENTED_EDGE('',*,*,#5398,.T.);
#5398=EDGE_CURVE('',#5391,#5399,#5401,.F.);
#5399=VERTEX_POINT('',#5400);
#5400=CARTESIAN_POINT('',(3.75,0.895607999,-2.05));
#5401=LINE('',#5402,#5403);
#5402=CARTESIAN_POINT('',(3.75,0.895607999,-2.05));
#5403=VECTOR('',#5404,1.0);
#5404=DIRECTION('',(0.707106781,0.707106781,0.0));
#5405=ORIENTED_EDGE('',*,*,#5406,.T.);
#5406=EDGE_CURVE('',#5399,#5341,#5407,.T.);
#5407=LINE('',#5408,#5409);
#5408=CARTESIAN_POINT('',(3.75,0.895607999,-2.05));
#5409=VECTOR('',#5410,1.0);
#5410=DIRECTION('',(0.0,-1.0,0.0));
#5411=PLANE('',#5412);
#5412=AXIS2_PLACEMENT_3D('',#5413,#5414,#5415);
#5413=CARTESIAN_POINT('',(4.175,1.15,-2.05));
#5414=DIRECTION('',(0.0,0.0,1.0));
#5415=DIRECTION('',(1.0,0.0,0.0));
#5416=ADVANCED_FACE('',(#5417),#5462,.T.);
#5417=FACE_BOUND('',#5418,.T.);
#5418=EDGE_LOOP('',(#5419,#5428,#5429,#5438,#5446,#5455));
#5419=ORIENTED_EDGE('',*,*,#5420,.T.);
#5420=EDGE_CURVE('',#5421,#5343,#5423,.T.);
#5421=VERTEX_POINT('',#5422);
#5422=CARTESIAN_POINT('',(4.6,0.067712434,-2.1));
#5423=CIRCLE('',#5424,0.2);
#5424=AXIS2_PLACEMENT_3D('',#5425,#5426,#5427);
#5425=CARTESIAN_POINT('',(4.6,0.2,-2.25));
#5426=DIRECTION('',(-1.0,0.0,0.0));
#5427=DIRECTION('',(0.0,-0.661437828,0.75));
#5428=ORIENTED_EDGE('',*,*,#5340,.F.);
#5429=ORIENTED_EDGE('',*,*,#5430,.T.);
#5430=EDGE_CURVE('',#5341,#5431,#5433,.T.);
#5431=VERTEX_POINT('',#5432);
#5432=CARTESIAN_POINT('',(3.75,0.0,-2.25));
#5433=CIRCLE('',#5434,0.2);
#5434=AXIS2_PLACEMENT_3D('',#5435,#5436,#5437);
#5435=CARTESIAN_POINT('',(3.75,0.2,-2.25));
#5436=DIRECTION('',(1.0,0.0,0.0));
#5437=DIRECTION('',(0.0,0.0,1.0));
#5438=ORIENTED_EDGE('',*,*,#5439,.T.);
#5439=EDGE_CURVE('',#5431,#5440,#5442,.T.);
#5440=VERTEX_POINT('',#5441);
#5441=CARTESIAN_POINT('',(4.6,0.0,-2.25));
#5442=LINE('',#5443,#5444);
#5443=CARTESIAN_POINT('',(3.75,0.0,-2.25));
#5444=VECTOR('',#5445,1.0);
#5445=DIRECTION('',(1.0,0.0,0.0));
#5446=ORIENTED_EDGE('',*,*,#5447,.T.);
#5447=EDGE_CURVE('',#5440,#5448,#5450,.T.);
#5448=VERTEX_POINT('',#5449);
#5449=CARTESIAN_POINT('',(4.6,0.05,-2.117712434));
#5450=CIRCLE('',#5451,0.2);
#5451=AXIS2_PLACEMENT_3D('',#5452,#5453,#5454);
#5452=CARTESIAN_POINT('',(4.6,0.2,-2.25));
#5453=DIRECTION('',(-1.0,0.0,0.0));
#5454=DIRECTION('',(0.0,-1.0,0.0));
#5455=ORIENTED_EDGE('',*,*,#5456,.T.);
#5456=EDGE_CURVE('',#5448,#5421,#5457,.F.);
#5457=CIRCLE('',#5458,0.2);
#5458=AXIS2_PLACEMENT_3D('',#5459,#5460,#5461);
#5459=CARTESIAN_POINT('',(4.6,0.2,-2.25));
#5460=DIRECTION('',(1.0,0.0,0.0));
#5461=DIRECTION('',(0.0,-0.661437828,0.75));
#5462=CYLINDRICAL_SURFACE('',#5463,0.2);
#5463=AXIS2_PLACEMENT_3D('',#5464,#5465,#5466);
#5464=CARTESIAN_POINT('',(-0.092,0.2,-2.25));
#5465=DIRECTION('',(-1.0,0.0,0.0));
#5466=DIRECTION('',(0.0,0.0,1.0));
#5467=ADVANCED_FACE('',(#5468),#5492,.F.);
#5468=FACE_BOUND('',#5469,.T.);
#5469=EDGE_LOOP('',(#5470,#5478,#5484,#5485,#5491));
#5470=ORIENTED_EDGE('',*,*,#5471,.T.);
#5471=EDGE_CURVE('',#5391,#5472,#5474,.T.);
#5472=VERTEX_POINT('',#5473);
#5473=CARTESIAN_POINT('',(3.85,0.995607999,-2.05));
#5474=LINE('',#5475,#5476);
#5475=CARTESIAN_POINT('',(3.754392001,0.9,-2.05));
#5476=VECTOR('',#5477,1.0);
#5477=DIRECTION('',(0.707106781,0.707106781,0.0));
#5478=ORIENTED_EDGE('',*,*,#5479,.T.);
#5479=EDGE_CURVE('',#5472,#5248,#5480,.F.);
#5480=LINE('',#5481,#5482);
#5481=CARTESIAN_POINT('',(3.85,0.995607999,-2.15));
#5482=VECTOR('',#5483,1.0);
#5483=DIRECTION('',(0.0,0.0,1.0));
#5484=ORIENTED_EDGE('',*,*,#5247,.F.);
#5485=ORIENTED_EDGE('',*,*,#5486,.T.);
#5486=EDGE_CURVE('',#5240,#5399,#5487,.F.);
#5487=LINE('',#5488,#5489);
#5488=CARTESIAN_POINT('',(3.75,0.895607999,-2.05));
#5489=VECTOR('',#5490,1.0);
#5490=DIRECTION('',(0.0,0.0,-1.0));
#5491=ORIENTED_EDGE('',*,*,#5398,.F.);
#5492=PLANE('',#5493);
#5493=AXIS2_PLACEMENT_3D('',#5494,#5495,#5496);
#5494=CARTESIAN_POINT('',(3.8,0.945607999,-2.1));
#5495=DIRECTION('',(0.707106781,-0.707106781,0.0));
#5496=DIRECTION('',(0.0,0.0,-1.0));
#5497=ADVANCED_FACE('',(#5498),#5532,.T.);
#5498=FACE_BOUND('',#5499,.T.);
#5499=EDGE_LOOP('',(#5500,#5501,#5509,#5517,#5526));
#5500=ORIENTED_EDGE('',*,*,#5447,.F.);
#5501=ORIENTED_EDGE('',*,*,#5502,.T.);
#5502=EDGE_CURVE('',#5440,#5503,#5505,.F.);
#5503=VERTEX_POINT('',#5504);
#5504=CARTESIAN_POINT('',(4.6,0.0,-2.5));
#5505=LINE('',#5506,#5507);
#5506=CARTESIAN_POINT('',(4.6,0.0,-2.5));
#5507=VECTOR('',#5508,1.0);
#5508=DIRECTION('',(0.0,0.0,1.0));
#5509=ORIENTED_EDGE('',*,*,#5510,.T.);
#5510=EDGE_CURVE('',#5503,#5511,#5513,.T.);
#5511=VERTEX_POINT('',#5512);
#5512=CARTESIAN_POINT('',(4.6,0.058578644,-2.5));
#5513=LINE('',#5514,#5515);
#5514=CARTESIAN_POINT('',(4.6,0.0,-2.5));
#5515=VECTOR('',#5516,1.0);
#5516=DIRECTION('',(0.0,1.0,0.0));
#5517=ORIENTED_EDGE('',*,*,#5518,.T.);
#5518=EDGE_CURVE('',#5511,#5519,#5521,.T.);
#5519=VERTEX_POINT('',#5520);
#5520=CARTESIAN_POINT('',(4.6,0.05,-2.45));
#5521=CIRCLE('',#5522,0.15);
#5522=AXIS2_PLACEMENT_3D('',#5523,#5524,#5525);
#5523=CARTESIAN_POINT('',(4.6,0.2,-2.45));
#5524=DIRECTION('',(-1.0,0.0,0.0));
#5525=DIRECTION('',(0.0,-0.942809042,-0.333333333));
#5526=ORIENTED_EDGE('',*,*,#5527,.T.);
#5527=EDGE_CURVE('',#5519,#5448,#5528,.F.);
#5528=LINE('',#5529,#5530);
#5529=CARTESIAN_POINT('',(4.6,0.05,-2.117712434));
#5530=VECTOR('',#5531,1.0);
#5531=DIRECTION('',(0.0,0.0,-1.0));
#5532=PLANE('',#5533);
#5533=AXIS2_PLACEMENT_3D('',#5534,#5535,#5536);
#5534=CARTESIAN_POINT('',(4.6,0.95,-2.525));
#5535=DIRECTION('',(1.0,0.0,0.0));
#5536=DIRECTION('',(0.0,1.0,0.0));
#5537=ADVANCED_FACE('',(#5538),#5571,.T.);
#5538=FACE_BOUND('',#5539,.T.);
#5539=EDGE_LOOP('',(#5540,#5541,#5549,#5557,#5565));
#5540=ORIENTED_EDGE('',*,*,#5510,.F.);
#5541=ORIENTED_EDGE('',*,*,#5542,.T.);
#5542=EDGE_CURVE('',#5503,#5543,#5545,.T.);
#5543=VERTEX_POINT('',#5544);
#5544=CARTESIAN_POINT('',(4.5,0.0,-2.6));
#5545=LINE('',#5546,#5547);
#5546=CARTESIAN_POINT('',(4.6,0.0,-2.5));
#5547=VECTOR('',#5548,1.0);
#5548=DIRECTION('',(-0.707106781,0.0,-0.707106781));
#5549=ORIENTED_EDGE('',*,*,#5550,.T.);
#5550=EDGE_CURVE('',#5543,#5551,#5553,.F.);
#5551=VERTEX_POINT('',#5552);
#5552=CARTESIAN_POINT('',(4.5,1.2,-2.6));
#5553=LINE('',#5554,#5555);
#5554=CARTESIAN_POINT('',(4.5,1.2,-2.6));
#5555=VECTOR('',#5556,1.0);
#5556=DIRECTION('',(0.0,-1.0,0.0));
#5557=ORIENTED_EDGE('',*,*,#5558,.T.);
#5558=EDGE_CURVE('',#5551,#5559,#5561,.F.);
#5559=VERTEX_POINT('',#5560);
#5560=CARTESIAN_POINT('',(4.6,1.3,-2.5));
#5561=LINE('',#5562,#5563);
#5562=CARTESIAN_POINT('',(4.6,1.3,-2.5));
#5563=VECTOR('',#5564,1.0);
#5564=DIRECTION('',(-0.577350269,-0.577350269,-0.577350269));
#5565=ORIENTED_EDGE('',*,*,#5566,.T.);
#5566=EDGE_CURVE('',#5559,#5511,#5567,.T.);
#5567=LINE('',#5568,#5569);
#5568=CARTESIAN_POINT('',(4.6,1.3,-2.5));
#5569=VECTOR('',#5570,1.0);
#5570=DIRECTION('',(0.0,-1.0,0.0));
#5571=PLANE('',#5572);
#5572=AXIS2_PLACEMENT_3D('',#5573,#5574,#5575);
#5573=CARTESIAN_POINT('',(4.55,0.65,-2.55));
#5574=DIRECTION('',(0.707106781,0.0,-0.707106781));
#5575=DIRECTION('',(0.0,-1.0,0.0));
#5576=ADVANCED_FACE('',(#5577),#5602,.F.);
#5577=FACE_BOUND('',#5578,.T.);
#5578=EDGE_LOOP('',(#5579,#5587,#5595,#5601));
#5579=ORIENTED_EDGE('',*,*,#5580,.T.);
#5580=EDGE_CURVE('',#5543,#5581,#5583,.F.);
#5581=VERTEX_POINT('',#5582);
#5582=CARTESIAN_POINT('',(3.9,0.0,-2.6));
#5583=LINE('',#5584,#5585);
#5584=CARTESIAN_POINT('',(3.9,0.0,-2.6));
#5585=VECTOR('',#5586,1.0);
#5586=DIRECTION('',(1.0,0.0,0.0));
#5587=ORIENTED_EDGE('',*,*,#5588,.T.);
#5588=EDGE_CURVE('',#5581,#5589,#5591,.T.);
#5589=VERTEX_POINT('',#5590);
#5590=CARTESIAN_POINT('',(3.9,1.2,-2.6));
#5591=LINE('',#5592,#5593);
#5592=CARTESIAN_POINT('',(3.9,0.0,-2.6));
#5593=VECTOR('',#5594,1.0);
#5594=DIRECTION('',(0.0,1.0,0.0));
#5595=ORIENTED_EDGE('',*,*,#5596,.T.);
#5596=EDGE_CURVE('',#5589,#5551,#5597,.T.);
#5597=LINE('',#5598,#5599);
#5598=CARTESIAN_POINT('',(3.9,1.2,-2.6));
#5599=VECTOR('',#5600,1.0);
#5600=DIRECTION('',(1.0,0.0,0.0));
#5601=ORIENTED_EDGE('',*,*,#5550,.F.);
#5602=PLANE('',#5603);
#5603=AXIS2_PLACEMENT_3D('',#5604,#5605,#5606);
#5604=CARTESIAN_POINT('',(4.2,0.6,-2.6));
#5605=DIRECTION('',(0.0,0.0,1.0));
#5606=DIRECTION('',(1.0,0.0,0.0));
#5607=ADVANCED_FACE('',(#5608),#5640,.T.);
#5608=FACE_BOUND('',#5609,.T.);
#5609=EDGE_LOOP('',(#5610,#5618,#5626,#5634));
#5610=ORIENTED_EDGE('',*,*,#5611,.T.);
#5611=EDGE_CURVE('',#5612,#2174,#5614,.T.);
#5612=VERTEX_POINT('',#5613);
#5613=CARTESIAN_POINT('',(3.9,1.2,-2.9));
#5614=LINE('',#5615,#5616);
#5615=CARTESIAN_POINT('',(3.9,1.2,-2.9));
#5616=VECTOR('',#5617,1.0);
#5617=DIRECTION('',(0.0,-1.0,0.0));
#5618=ORIENTED_EDGE('',*,*,#5619,.T.);
#5619=EDGE_CURVE('',#2174,#5620,#5622,.T.);
#5620=VERTEX_POINT('',#5621);
#5621=CARTESIAN_POINT('',(3.925,0.8,-2.9));
#5622=LINE('',#5623,#5624);
#5623=CARTESIAN_POINT('',(3.9,0.8,-2.9));
#5624=VECTOR('',#5625,1.0);
#5625=DIRECTION('',(1.0,0.0,0.0));
#5626=ORIENTED_EDGE('',*,*,#5627,.T.);
#5627=EDGE_CURVE('',#5620,#5628,#5630,.T.);
#5628=VERTEX_POINT('',#5629);
#5629=CARTESIAN_POINT('',(3.925,1.2,-2.9));
#5630=LINE('',#5631,#5632);
#5631=CARTESIAN_POINT('',(3.925,0.8,-2.9));
#5632=VECTOR('',#5633,1.0);
#5633=DIRECTION('',(0.0,1.0,0.0));
#5634=ORIENTED_EDGE('',*,*,#5635,.T.);
#5635=EDGE_CURVE('',#5628,#5612,#5636,.F.);
#5636=LINE('',#5637,#5638);
#5637=CARTESIAN_POINT('',(3.9,1.2,-2.9));
#5638=VECTOR('',#5639,1.0);
#5639=DIRECTION('',(1.0,0.0,0.0));
#5640=PLANE('',#5641);
#5641=AXIS2_PLACEMENT_3D('',#5642,#5643,#5644);
#5642=CARTESIAN_POINT('',(2.3,1.4,-2.9));
#5643=DIRECTION('',(0.0,0.0,1.0));
#5644=DIRECTION('',(1.0,0.0,0.0));
#5645=ADVANCED_FACE('',(#5646),#5703,.F.);
#5646=FACE_BOUND('',#5647,.T.);
#5647=EDGE_LOOP('',(#5648,#5656,#5664,#5672,#5681,#5689,#5695,#5696,#5702));
#5648=ORIENTED_EDGE('',*,*,#5649,.T.);
#5649=EDGE_CURVE('',#5628,#5650,#5652,.F.);
#5650=VERTEX_POINT('',#5651);
#5651=CARTESIAN_POINT('',(4.167810879,1.2,-2.790964717));
#5652=LINE('',#5653,#5654);
#5653=CARTESIAN_POINT('',(4.167810879,1.2,-2.790964717));
#5654=VECTOR('',#5655,1.0);
#5655=DIRECTION('',(-0.912244046,0.0,-0.409647165));
#5656=ORIENTED_EDGE('',*,*,#5657,.T.);
#5657=EDGE_CURVE('',#5650,#5658,#5660,.T.);
#5658=VERTEX_POINT('',#5659);
#5659=CARTESIAN_POINT('',(4.208775595,1.2,-2.882189121));
#5660=LINE('',#5661,#5662);
#5661=CARTESIAN_POINT('',(4.167810879,1.2,-2.790964717));
#5662=VECTOR('',#5663,1.0);
#5663=DIRECTION('',(0.409647165,0.0,-0.912244046));
#5664=ORIENTED_EDGE('',*,*,#5665,.T.);
#5665=EDGE_CURVE('',#5658,#5666,#5668,.F.);
#5666=VERTEX_POINT('',#5667);
#5667=CARTESIAN_POINT('',(4.005049496,1.2,-2.973673214));
#5668=LINE('',#5669,#5670);
#5669=CARTESIAN_POINT('',(4.005049496,1.2,-2.973673214));
#5670=VECTOR('',#5671,1.0);
#5671=DIRECTION('',(0.912244046,0.0,0.409647165));
#5672=ORIENTED_EDGE('',*,*,#5673,.T.);
#5673=EDGE_CURVE('',#5666,#5674,#5676,.T.);
#5674=VERTEX_POINT('',#5675);
#5675=CARTESIAN_POINT('',(3.899686019,1.199999881,-2.999714522));
#5676=CIRCLE('',#5677,0.3);
#5677=AXIS2_PLACEMENT_3D('',#5678,#5679,#5680);
#5678=CARTESIAN_POINT('',(3.882155347,1.2,-2.7));
#5679=DIRECTION('',(0.0,1.0,0.0));
#5680=DIRECTION('',(0.409647165,0.0,-0.912244046));
#5681=ORIENTED_EDGE('',*,*,#5682,.T.);
#5682=EDGE_CURVE('',#5674,#5683,#5685,.T.);
#5683=VERTEX_POINT('',#5684);
#5684=CARTESIAN_POINT('',(4.5,1.2,-3.0));
#5685=LINE('',#5686,#5687);
#5686=CARTESIAN_POINT('',(4.25,1.2,-3.0));
#5687=VECTOR('',#5688,1.0);
#5688=DIRECTION('',(1.0,0.0,0.0));
#5689=ORIENTED_EDGE('',*,*,#5690,.T.);
#5690=EDGE_CURVE('',#5683,#5551,#5691,.F.);
#5691=LINE('',#5692,#5693);
#5692=CARTESIAN_POINT('',(4.5,1.2,-2.6));
#5693=VECTOR('',#5694,1.0);
#5694=DIRECTION('',(0.0,0.0,-1.0));
#5695=ORIENTED_EDGE('',*,*,#5596,.F.);
#5696=ORIENTED_EDGE('',*,*,#5697,.T.);
#5697=EDGE_CURVE('',#5589,#5612,#5698,.T.);
#5698=LINE('',#5699,#5700);
#5699=CARTESIAN_POINT('',(3.9,1.2,-2.6));
#5700=VECTOR('',#5701,1.0);
#5701=DIRECTION('',(0.0,0.0,-1.0));
#5702=ORIENTED_EDGE('',*,*,#5635,.F.);
#5703=PLANE('',#5704);
#5704=AXIS2_PLACEMENT_3D('',#5705,#5706,#5707);
#5705=CARTESIAN_POINT('',(4.2,1.2,-2.8));
#5706=DIRECTION('',(0.0,1.0,0.0));
#5707=DIRECTION('',(1.0,0.0,0.0));
#5708=ADVANCED_FACE('',(#5709),#5745,.T.);
#5709=FACE_BOUND('',#5710,.T.);
#5710=EDGE_LOOP('',(#5711,#5712,#5720,#5729,#5737,#5744));
#5711=ORIENTED_EDGE('',*,*,#5627,.F.);
#5712=ORIENTED_EDGE('',*,*,#5713,.T.);
#5713=EDGE_CURVE('',#5620,#5714,#5716,.T.);
#5714=VERTEX_POINT('',#5715);
#5715=CARTESIAN_POINT('',(4.167810879,0.8,-2.790964717));
#5716=LINE('',#5717,#5718);
#5717=CARTESIAN_POINT('',(3.925,0.8,-2.9));
#5718=VECTOR('',#5719,1.0);
#5719=DIRECTION('',(0.912244046,0.0,0.409647165));
#5720=ORIENTED_EDGE('',*,*,#5721,.T.);
#5721=EDGE_CURVE('',#5714,#5722,#5724,.F.);
#5722=VERTEX_POINT('',#5723);
#5723=CARTESIAN_POINT('',(4.259035283,0.9,-2.75));
#5724=CIRCLE('',#5725,0.1);
#5725=AXIS2_PLACEMENT_3D('',#5726,#5727,#5728);
#5726=CARTESIAN_POINT('',(4.167810879,0.9,-2.790964717));
#5727=DIRECTION('',(0.409647165,0.0,-0.912244046));
#5728=DIRECTION('',(0.912244046,0.0,0.409647165));
#5729=ORIENTED_EDGE('',*,*,#5730,.T.);
#5730=EDGE_CURVE('',#5722,#5731,#5733,.T.);
#5731=VERTEX_POINT('',#5732);
#5732=CARTESIAN_POINT('',(4.259035283,1.1,-2.75));
#5733=LINE('',#5734,#5735);
#5734=CARTESIAN_POINT('',(4.259035283,0.9,-2.75));
#5735=VECTOR('',#5736,1.0);
#5736=DIRECTION('',(0.0,1.0,0.0));
#5737=ORIENTED_EDGE('',*,*,#5738,.T.);
#5738=EDGE_CURVE('',#5731,#5650,#5739,.F.);
#5739=CIRCLE('',#5740,0.1);
#5740=AXIS2_PLACEMENT_3D('',#5741,#5742,#5743);
#5741=CARTESIAN_POINT('',(4.167810879,1.1,-2.790964717));
#5742=DIRECTION('',(0.409647165,0.0,-0.912244046));
#5743=DIRECTION('',(0.0,1.0,0.0));
#5744=ORIENTED_EDGE('',*,*,#5649,.F.);
#5745=PLANE('',#5746);
#5746=AXIS2_PLACEMENT_3D('',#5747,#5748,#5749);
#5747=CARTESIAN_POINT('',(4.092017642,1.0,-2.825));
#5748=DIRECTION('',(-0.409647165,0.0,0.912244046));
#5749=DIRECTION('',(0.0,1.0,0.0));
#5750=ADVANCED_FACE('',(#5751),#5777,.T.);
#5751=FACE_BOUND('',#5752,.T.);
#5752=EDGE_LOOP('',(#5753,#5761,#5770,#5776));
#5753=ORIENTED_EDGE('',*,*,#5754,.T.);
#5754=EDGE_CURVE('',#5714,#5755,#5757,.T.);
#5755=VERTEX_POINT('',#5756);
#5756=CARTESIAN_POINT('',(4.208775595,0.8,-2.882189121));
#5757=LINE('',#5758,#5759);
#5758=CARTESIAN_POINT('',(4.167810879,0.8,-2.790964717));
#5759=VECTOR('',#5760,1.0);
#5760=DIRECTION('',(0.409647165,0.0,-0.912244046));
#5761=ORIENTED_EDGE('',*,*,#5762,.T.);
#5762=EDGE_CURVE('',#5755,#5763,#5765,.T.);
#5763=VERTEX_POINT('',#5764);
#5764=CARTESIAN_POINT('',(4.3,0.9,-2.841224405));
#5765=CIRCLE('',#5766,0.1);
#5766=AXIS2_PLACEMENT_3D('',#5767,#5768,#5769);
#5767=CARTESIAN_POINT('',(4.208775595,0.9,-2.882189121));
#5768=DIRECTION('',(-0.409647165,0.0,0.912244046));
#5769=DIRECTION('',(0.0,-1.0,0.0));
#5770=ORIENTED_EDGE('',*,*,#5771,.T.);
#5771=EDGE_CURVE('',#5763,#5722,#5772,.T.);
#5772=LINE('',#5773,#5774);
#5773=CARTESIAN_POINT('',(4.3,0.9,-2.841224405));
#5774=VECTOR('',#5775,1.0);
#5775=DIRECTION('',(-0.409647165,0.0,0.912244046));
#5776=ORIENTED_EDGE('',*,*,#5721,.F.);
#5777=CYLINDRICAL_SURFACE('',#5778,0.1);
#5778=AXIS2_PLACEMENT_3D('',#5779,#5780,#5781);
#5779=CARTESIAN_POINT('',(4.211794157,0.9,-2.888911161));
#5780=DIRECTION('',(0.409647165,6.259272319E-26,-0.912244046));
#5781=DIRECTION('',(2.564093162E-26,-1.0,-5.709983908E-26));
#5782=ADVANCED_FACE('',(#5783),#5816,.F.);
#5783=FACE_BOUND('',#5784,.T.);
#5784=EDGE_LOOP('',(#5785,#5794,#5800,#5801,#5809,#5815));
#5785=ORIENTED_EDGE('',*,*,#5786,.T.);
#5786=EDGE_CURVE('',#5658,#5787,#5789,.F.);
#5787=VERTEX_POINT('',#5788);
#5788=CARTESIAN_POINT('',(4.3,1.1,-2.841224405));
#5789=CIRCLE('',#5790,0.1);
#5790=AXIS2_PLACEMENT_3D('',#5791,#5792,#5793);
#5791=CARTESIAN_POINT('',(4.208775595,1.1,-2.882189121));
#5792=DIRECTION('',(-0.409647165,0.0,0.912244046));
#5793=DIRECTION('',(0.912244046,0.0,0.409647165));
#5794=ORIENTED_EDGE('',*,*,#5795,.T.);
#5795=EDGE_CURVE('',#5787,#5763,#5796,.T.);
#5796=LINE('',#5797,#5798);
#5797=CARTESIAN_POINT('',(4.3,1.1,-2.841224405));
#5798=VECTOR('',#5799,1.0);
#5799=DIRECTION('',(0.0,-1.0,0.0));
#5800=ORIENTED_EDGE('',*,*,#5762,.F.);
#5801=ORIENTED_EDGE('',*,*,#5802,.T.);
#5802=EDGE_CURVE('',#5755,#5803,#5805,.T.);
#5803=VERTEX_POINT('',#5804);
#5804=CARTESIAN_POINT('',(4.005049496,0.8,-2.973673214));
#5805=LINE('',#5806,#5807);
#5806=CARTESIAN_POINT('',(4.208775595,0.8,-2.882189121));
#5807=VECTOR('',#5808,1.0);
#5808=DIRECTION('',(-0.912244046,0.0,-0.409647165));
#5809=ORIENTED_EDGE('',*,*,#5810,.T.);
#5810=EDGE_CURVE('',#5803,#5666,#5811,.T.);
#5811=LINE('',#5812,#5813);
#5812=CARTESIAN_POINT('',(4.005049496,0.8,-2.973673214));
#5813=VECTOR('',#5814,1.0);
#5814=DIRECTION('',(0.0,1.0,0.0));
#5815=ORIENTED_EDGE('',*,*,#5665,.F.);
#5816=PLANE('',#5817);
#5817=AXIS2_PLACEMENT_3D('',#5818,#5819,#5820);
#5818=CARTESIAN_POINT('',(4.152524748,1.0,-2.907448809));
#5819=DIRECTION('',(-0.409647165,0.0,0.912244046));
#5820=DIRECTION('',(0.0,1.0,0.0));
#5821=ADVANCED_FACE('',(#5822,#6055),#6171,.F.);
#5822=FACE_BOUND('',#5823,.T.);
#5823=EDGE_LOOP('',(#5824,#5833,#5841,#5849,#5857,#5866,#5874,#5882,#5890,#5898,#5906,#5914,#5922,#5930,#5938,#5944,#5953,#5961,#5969,#5977,#5984,#5992,#6000,#6008,#6016,#6024,#6032,#6040,#6048,#6054));
#5824=ORIENTED_EDGE('',*,*,#5825,.T.);
#5825=EDGE_CURVE('',#2799,#5826,#5828,.F.);
#5826=VERTEX_POINT('',#5827);
#5827=CARTESIAN_POINT('',(0.75,2.1,-2.85));
#5828=CIRCLE('',#5829,0.15);
#5829=AXIS2_PLACEMENT_3D('',#5830,#5831,#5832);
#5830=CARTESIAN_POINT('',(0.6,2.1,-2.85));
#5831=DIRECTION('',(0.0,-1.0,0.0));
#5832=DIRECTION('',(1.0,0.0,0.0));
#5833=ORIENTED_EDGE('',*,*,#5834,.T.);
#5834=EDGE_CURVE('',#5826,#5835,#5837,.T.);
#5835=VERTEX_POINT('',#5836);
#5836=CARTESIAN_POINT('',(0.75,2.1,-2.8));
#5837=LINE('',#5838,#5839);
#5838=CARTESIAN_POINT('',(0.75,2.1,-2.85));
#5839=VECTOR('',#5840,1.0);
#5840=DIRECTION('',(0.0,0.0,1.0));
#5841=ORIENTED_EDGE('',*,*,#5842,.T.);
#5842=EDGE_CURVE('',#5835,#5843,#5845,.T.);
#5843=VERTEX_POINT('',#5844);
#5844=CARTESIAN_POINT('',(3.85,2.1,-2.8));
#5845=LINE('',#5846,#5847);
#5846=CARTESIAN_POINT('',(0.75,2.1,-2.8));
#5847=VECTOR('',#5848,1.0);
#5848=DIRECTION('',(1.0,0.0,0.0));
#5849=ORIENTED_EDGE('',*,*,#5850,.T.);
#5850=EDGE_CURVE('',#5843,#5851,#5853,.T.);
#5851=VERTEX_POINT('',#5852);
#5852=CARTESIAN_POINT('',(3.85,2.1,-2.85));
#5853=LINE('',#5854,#5855);
#5854=CARTESIAN_POINT('',(3.85,2.1,-2.8));
#5855=VECTOR('',#5856,1.0);
#5856=DIRECTION('',(0.0,0.0,-1.0));
#5857=ORIENTED_EDGE('',*,*,#5858,.T.);
#5858=EDGE_CURVE('',#5851,#5859,#5861,.F.);
#5859=VERTEX_POINT('',#5860);
#5860=CARTESIAN_POINT('',(3.888196601,2.1,-2.75));
#5861=CIRCLE('',#5862,0.15);
#5862=AXIS2_PLACEMENT_3D('',#5863,#5864,#5865);
#5863=CARTESIAN_POINT('',(4.0,2.1,-2.85));
#5864=DIRECTION('',(0.0,-1.0,0.0));
#5865=DIRECTION('',(-0.745355992,0.0,0.666666667));
#5866=ORIENTED_EDGE('',*,*,#5867,.T.);
#5867=EDGE_CURVE('',#5859,#5868,#5870,.F.);
#5868=VERTEX_POINT('',#5869);
#5869=CARTESIAN_POINT('',(3.2,2.1,-2.75));
#5870=LINE('',#5871,#5872);
#5871=CARTESIAN_POINT('',(3.2,2.1,-2.75));
#5872=VECTOR('',#5873,1.0);
#5873=DIRECTION('',(1.0,0.0,0.0));
#5874=ORIENTED_EDGE('',*,*,#5875,.T.);
#5875=EDGE_CURVE('',#5868,#5876,#5878,.F.);
#5876=VERTEX_POINT('',#5877);
#5877=CARTESIAN_POINT('',(3.2,2.1,-2.7));
#5878=LINE('',#5879,#5880);
#5879=CARTESIAN_POINT('',(3.2,2.1,-2.7));
#5880=VECTOR('',#5881,1.0);
#5881=DIRECTION('',(0.0,0.0,-1.0));
#5882=ORIENTED_EDGE('',*,*,#5883,.T.);
#5883=EDGE_CURVE('',#5876,#5884,#5886,.F.);
#5884=VERTEX_POINT('',#5885);
#5885=CARTESIAN_POINT('',(3.7,2.1,-2.22));
#5886=LINE('',#5887,#5888);
#5887=CARTESIAN_POINT('',(3.7,2.1,-2.22));
#5888=VECTOR('',#5889,1.0);
#5889=DIRECTION('',(-0.721387321,0.0,-0.692531828));
#5890=ORIENTED_EDGE('',*,*,#5891,.T.);
#5891=EDGE_CURVE('',#5884,#5892,#5894,.F.);
#5892=VERTEX_POINT('',#5893);
#5893=CARTESIAN_POINT('',(3.7,2.1,-1.9));
#5894=LINE('',#5895,#5896);
#5895=CARTESIAN_POINT('',(3.7,2.1,-1.9));
#5896=VECTOR('',#5897,1.0);
#5897=DIRECTION('',(0.0,0.0,-1.0));
#5898=ORIENTED_EDGE('',*,*,#5899,.T.);
#5899=EDGE_CURVE('',#5892,#5900,#5902,.F.);
#5900=VERTEX_POINT('',#5901);
#5901=CARTESIAN_POINT('',(3.8,2.1,-1.9));
#5902=LINE('',#5903,#5904);
#5903=CARTESIAN_POINT('',(3.8,2.1,-1.9));
#5904=VECTOR('',#5905,1.0);
#5905=DIRECTION('',(-1.0,0.0,0.0));
#5906=ORIENTED_EDGE('',*,*,#5907,.T.);
#5907=EDGE_CURVE('',#5900,#5908,#5910,.F.);
#5908=VERTEX_POINT('',#5909);
#5909=CARTESIAN_POINT('',(3.8,2.1,-1.1));
#5910=LINE('',#5911,#5912);
#5911=CARTESIAN_POINT('',(3.8,2.1,-1.1));
#5912=VECTOR('',#5913,1.0);
#5913=DIRECTION('',(0.0,0.0,-1.0));
#5914=ORIENTED_EDGE('',*,*,#5915,.T.);
#5915=EDGE_CURVE('',#5908,#5916,#5918,.F.);
#5916=VERTEX_POINT('',#5917);
#5917=CARTESIAN_POINT('',(3.7,2.1,-1.1));
#5918=LINE('',#5919,#5920);
#5919=CARTESIAN_POINT('',(3.7,2.1,-1.1));
#5920=VECTOR('',#5921,1.0);
#5921=DIRECTION('',(1.0,0.0,0.0));
#5922=ORIENTED_EDGE('',*,*,#5923,.T.);
#5923=EDGE_CURVE('',#5916,#5924,#5926,.F.);
#5924=VERTEX_POINT('',#5925);
#5925=CARTESIAN_POINT('',(3.7,2.1,-0.78));
#5926=LINE('',#5927,#5928);
#5927=CARTESIAN_POINT('',(3.7,2.1,-0.78));
#5928=VECTOR('',#5929,1.0);
#5929=DIRECTION('',(0.0,0.0,-1.0));
#5930=ORIENTED_EDGE('',*,*,#5931,.T.);
#5931=EDGE_CURVE('',#5924,#5932,#5934,.F.);
#5932=VERTEX_POINT('',#5933);
#5933=CARTESIAN_POINT('',(3.2,2.1,-0.3));
#5934=LINE('',#5935,#5936);
#5935=CARTESIAN_POINT('',(3.2,2.1,-0.3));
#5936=VECTOR('',#5937,1.0);
#5937=DIRECTION('',(0.721387321,0.0,-0.692531828));
#5938=ORIENTED_EDGE('',*,*,#5939,.T.);
#5939=EDGE_CURVE('',#5932,#865,#5940,.T.);
#5940=LINE('',#5941,#5942);
#5941=CARTESIAN_POINT('',(3.2,2.1,-0.3));
#5942=VECTOR('',#5943,1.0);
#5943=DIRECTION('',(0.0,0.0,1.0));
#5944=ORIENTED_EDGE('',*,*,#5945,.T.);
#5945=EDGE_CURVE('',#865,#5946,#5948,.F.);
#5946=VERTEX_POINT('',#5947);
#5947=CARTESIAN_POINT('',(3.15,2.1,-0.05));
#5948=CIRCLE('',#5949,0.15);
#5949=AXIS2_PLACEMENT_3D('',#5950,#5951,#5952);
#5950=CARTESIAN_POINT('',(3.3,2.1,-0.05));
#5951=DIRECTION('',(0.0,-1.0,0.0));
#5952=DIRECTION('',(-1.0,0.0,0.0));
#5953=ORIENTED_EDGE('',*,*,#5954,.T.);
#5954=EDGE_CURVE('',#5946,#5955,#5957,.T.);
#5955=VERTEX_POINT('',#5956);
#5956=CARTESIAN_POINT('',(3.15,2.1,-0.2));
#5957=LINE('',#5958,#5959);
#5958=CARTESIAN_POINT('',(3.15,2.1,-0.05));
#5959=VECTOR('',#5960,1.0);
#5960=DIRECTION('',(0.0,0.0,-1.0));
#5961=ORIENTED_EDGE('',*,*,#5962,.T.);
#5962=EDGE_CURVE('',#5955,#5963,#5965,.T.);
#5963=VERTEX_POINT('',#5964);
#5964=CARTESIAN_POINT('',(1.45,2.1,-0.2));
#5965=LINE('',#5966,#5967);
#5966=CARTESIAN_POINT('',(3.15,2.1,-0.2));
#5967=VECTOR('',#5968,1.0);
#5968=DIRECTION('',(-1.0,0.0,0.0));
#5969=ORIENTED_EDGE('',*,*,#5970,.T.);
#5970=EDGE_CURVE('',#5963,#5971,#5973,.T.);
#5971=VERTEX_POINT('',#5972);
#5972=CARTESIAN_POINT('',(1.45,2.1,-0.05));
#5973=LINE('',#5974,#5975);
#5974=CARTESIAN_POINT('',(1.45,2.1,-0.2));
#5975=VECTOR('',#5976,1.0);
#5976=DIRECTION('',(0.0,0.0,1.0));
#5977=ORIENTED_EDGE('',*,*,#5978,.T.);
#5978=EDGE_CURVE('',#5971,#314,#5979,.F.);
#5979=CIRCLE('',#5980,0.15);
#5980=AXIS2_PLACEMENT_3D('',#5981,#5982,#5983);
#5981=CARTESIAN_POINT('',(1.3,2.1,-0.05));
#5982=DIRECTION('',(0.0,-1.0,0.0));
#5983=DIRECTION('',(0.666666667,0.0,-0.745355992));
#5984=ORIENTED_EDGE('',*,*,#5985,.T.);
#5985=EDGE_CURVE('',#314,#5986,#5988,.F.);
#5986=VERTEX_POINT('',#5987);
#5987=CARTESIAN_POINT('',(1.4,2.1,-0.3));
#5988=LINE('',#5989,#5990);
#5989=CARTESIAN_POINT('',(1.4,2.1,-0.3));
#5990=VECTOR('',#5991,1.0);
#5991=DIRECTION('',(0.0,0.0,1.0));
#5992=ORIENTED_EDGE('',*,*,#5993,.T.);
#5993=EDGE_CURVE('',#5986,#5994,#5996,.F.);
#5994=VERTEX_POINT('',#5995);
#5995=CARTESIAN_POINT('',(0.9,2.1,-0.78));
#5996=LINE('',#5997,#5998);
#5997=CARTESIAN_POINT('',(0.9,2.1,-0.78));
#5998=VECTOR('',#5999,1.0);
#5999=DIRECTION('',(0.721387321,0.0,0.692531828));
#6000=ORIENTED_EDGE('',*,*,#6001,.T.);
#6001=EDGE_CURVE('',#5994,#6002,#6004,.F.);
#6002=VERTEX_POINT('',#6003);
#6003=CARTESIAN_POINT('',(0.9,2.1,-1.1));
#6004=LINE('',#6005,#6006);
#6005=CARTESIAN_POINT('',(0.9,2.1,-1.1));
#6006=VECTOR('',#6007,1.0);
#6007=DIRECTION('',(0.0,0.0,1.0));
#6008=ORIENTED_EDGE('',*,*,#6009,.T.);
#6009=EDGE_CURVE('',#6002,#6010,#6012,.F.);
#6010=VERTEX_POINT('',#6011);
#6011=CARTESIAN_POINT('',(0.8,2.1,-1.1));
#6012=LINE('',#6013,#6014);
#6013=CARTESIAN_POINT('',(0.8,2.1,-1.1));
#6014=VECTOR('',#6015,1.0);
#6015=DIRECTION('',(1.0,0.0,0.0));
#6016=ORIENTED_EDGE('',*,*,#6017,.T.);
#6017=EDGE_CURVE('',#6010,#6018,#6020,.F.);
#6018=VERTEX_POINT('',#6019);
#6019=CARTESIAN_POINT('',(0.8,2.1,-1.9));
#6020=LINE('',#6021,#6022);
#6021=CARTESIAN_POINT('',(0.8,2.1,-1.9));
#6022=VECTOR('',#6023,1.0);
#6023=DIRECTION('',(0.0,0.0,1.0));
#6024=ORIENTED_EDGE('',*,*,#6025,.T.);
#6025=EDGE_CURVE('',#6018,#6026,#6028,.F.);
#6026=VERTEX_POINT('',#6027);
#6027=CARTESIAN_POINT('',(0.9,2.1,-1.9));
#6028=LINE('',#6029,#6030);
#6029=CARTESIAN_POINT('',(0.9,2.1,-1.9));
#6030=VECTOR('',#6031,1.0);
#6031=DIRECTION('',(-1.0,0.0,0.0));
#6032=ORIENTED_EDGE('',*,*,#6033,.T.);
#6033=EDGE_CURVE('',#6026,#6034,#6036,.F.);
#6034=VERTEX_POINT('',#6035);
#6035=CARTESIAN_POINT('',(0.9,2.1,-2.22));
#6036=LINE('',#6037,#6038);
#6037=CARTESIAN_POINT('',(0.9,2.1,-2.22));
#6038=VECTOR('',#6039,1.0);
#6039=DIRECTION('',(0.0,0.0,1.0));
#6040=ORIENTED_EDGE('',*,*,#6041,.T.);
#6041=EDGE_CURVE('',#6034,#6042,#6044,.F.);
#6042=VERTEX_POINT('',#6043);
#6043=CARTESIAN_POINT('',(1.4,2.1,-2.7));
#6044=LINE('',#6045,#6046);
#6045=CARTESIAN_POINT('',(1.4,2.1,-2.7));
#6046=VECTOR('',#6047,1.0);
#6047=DIRECTION('',(-0.721387321,0.0,0.692531828));
#6048=ORIENTED_EDGE('',*,*,#6049,.T.);
#6049=EDGE_CURVE('',#6042,#2749,#6050,.T.);
#6050=LINE('',#6051,#6052);
#6051=CARTESIAN_POINT('',(1.4,2.1,-2.7));
#6052=VECTOR('',#6053,1.0);
#6053=DIRECTION('',(0.0,0.0,-1.0));
#6054=ORIENTED_EDGE('',*,*,#2806,.F.);
#6055=FACE_BOUND('',#6056,.T.);
#6056=EDGE_LOOP('',(#6057,#6068,#6076,#6084,#6092,#6100,#6108,#6116,#6124,#6132,#6140,#6148,#6156,#6165));
#6057=ORIENTED_EDGE('',*,*,#6058,.T.);
#6058=EDGE_CURVE('',#6059,#6061,#6063,.T.);
#6059=VERTEX_POINT('',#6060);
#6060=CARTESIAN_POINT('',(2.74,2.1,-0.5));
#6061=VERTEX_POINT('',#6062);
#6062=CARTESIAN_POINT('',(2.8,2.1,-0.44));
#6063=CIRCLE('',#6064,0.06);
#6064=AXIS2_PLACEMENT_3D('',#6065,#6066,#6067);
#6065=CARTESIAN_POINT('',(2.74,2.1,-0.44));
#6066=DIRECTION('',(0.0,-1.0,0.0));
#6067=DIRECTION('',(0.0,0.0,-1.0));
#6068=ORIENTED_EDGE('',*,*,#6069,.T.);
#6069=EDGE_CURVE('',#6061,#6070,#6072,.F.);
#6070=VERTEX_POINT('',#6071);
#6071=CARTESIAN_POINT('',(2.8,2.1,-0.3));
#6072=LINE('',#6073,#6074);
#6073=CARTESIAN_POINT('',(2.8,2.1,-0.3));
#6074=VECTOR('',#6075,1.0);
#6075=DIRECTION('',(0.0,0.0,-1.0));
#6076=ORIENTED_EDGE('',*,*,#6077,.T.);
#6077=EDGE_CURVE('',#6070,#6078,#6080,.T.);
#6078=VERTEX_POINT('',#6079);
#6079=CARTESIAN_POINT('',(3.15,2.1,-0.3));
#6080=LINE('',#6081,#6082);
#6081=CARTESIAN_POINT('',(2.8,2.1,-0.3));
#6082=VECTOR('',#6083,1.0);
#6083=DIRECTION('',(1.0,0.0,0.0));
#6084=ORIENTED_EDGE('',*,*,#6085,.T.);
#6085=EDGE_CURVE('',#6078,#6086,#6088,.F.);
#6086=VERTEX_POINT('',#6087);
#6087=CARTESIAN_POINT('',(3.65,2.1,-0.8));
#6088=LINE('',#6089,#6090);
#6089=CARTESIAN_POINT('',(3.65,2.1,-0.8));
#6090=VECTOR('',#6091,1.0);
#6091=DIRECTION('',(-0.707106781,0.0,0.707106781));
#6092=ORIENTED_EDGE('',*,*,#6093,.T.);
#6093=EDGE_CURVE('',#6086,#6094,#6096,.T.);
#6094=VERTEX_POINT('',#6095);
#6095=CARTESIAN_POINT('',(3.65,2.1,-2.2));
#6096=LINE('',#6097,#6098);
#6097=CARTESIAN_POINT('',(3.65,2.1,-0.8));
#6098=VECTOR('',#6099,1.0);
#6099=DIRECTION('',(0.0,0.0,-1.0));
#6100=ORIENTED_EDGE('',*,*,#6101,.T.);
#6101=EDGE_CURVE('',#6094,#6102,#6104,.F.);
#6102=VERTEX_POINT('',#6103);
#6103=CARTESIAN_POINT('',(3.15,2.1,-2.7));
#6104=LINE('',#6105,#6106);
#6105=CARTESIAN_POINT('',(3.15,2.1,-2.7));
#6106=VECTOR('',#6107,1.0);
#6107=DIRECTION('',(0.707106781,0.0,0.707106781));
#6108=ORIENTED_EDGE('',*,*,#6109,.T.);
#6109=EDGE_CURVE('',#6102,#6110,#6112,.T.);
#6110=VERTEX_POINT('',#6111);
#6111=CARTESIAN_POINT('',(1.45,2.1,-2.7));
#6112=LINE('',#6113,#6114);
#6113=CARTESIAN_POINT('',(3.15,2.1,-2.7));
#6114=VECTOR('',#6115,1.0);
#6115=DIRECTION('',(-1.0,0.0,0.0));
#6116=ORIENTED_EDGE('',*,*,#6117,.T.);
#6117=EDGE_CURVE('',#6110,#6118,#6120,.F.);
#6118=VERTEX_POINT('',#6119);
#6119=CARTESIAN_POINT('',(0.95,2.1,-2.2));
#6120=LINE('',#6121,#6122);
#6121=CARTESIAN_POINT('',(0.95,2.1,-2.2));
#6122=VECTOR('',#6123,1.0);
#6123=DIRECTION('',(0.707106781,0.0,-0.707106781));
#6124=ORIENTED_EDGE('',*,*,#6125,.T.);
#6125=EDGE_CURVE('',#6118,#6126,#6128,.T.);
#6126=VERTEX_POINT('',#6127);
#6127=CARTESIAN_POINT('',(0.95,2.1,-0.8));
#6128=LINE('',#6129,#6130);
#6129=CARTESIAN_POINT('',(0.95,2.1,-2.2));
#6130=VECTOR('',#6131,1.0);
#6131=DIRECTION('',(0.0,0.0,1.0));
#6132=ORIENTED_EDGE('',*,*,#6133,.T.);
#6133=EDGE_CURVE('',#6126,#6134,#6136,.F.);
#6134=VERTEX_POINT('',#6135);
#6135=CARTESIAN_POINT('',(1.45,2.1,-0.3));
#6136=LINE('',#6137,#6138);
#6137=CARTESIAN_POINT('',(1.45,2.1,-0.3));
#6138=VECTOR('',#6139,1.0);
#6139=DIRECTION('',(-0.707106781,0.0,-0.707106781));
#6140=ORIENTED_EDGE('',*,*,#6141,.T.);
#6141=EDGE_CURVE('',#6134,#6142,#6144,.T.);
#6142=VERTEX_POINT('',#6143);
#6143=CARTESIAN_POINT('',(1.8,2.1,-0.3));
#6144=LINE('',#6145,#6146);
#6145=CARTESIAN_POINT('',(1.45,2.1,-0.3));
#6146=VECTOR('',#6147,1.0);
#6147=DIRECTION('',(1.0,0.0,0.0));
#6148=ORIENTED_EDGE('',*,*,#6149,.T.);
#6149=EDGE_CURVE('',#6142,#6150,#6152,.F.);
#6150=VERTEX_POINT('',#6151);
#6151=CARTESIAN_POINT('',(1.8,2.1,-0.44));
#6152=LINE('',#6153,#6154);
#6153=CARTESIAN_POINT('',(1.8,2.1,-0.44));
#6154=VECTOR('',#6155,1.0);
#6155=DIRECTION('',(0.0,0.0,1.0));
#6156=ORIENTED_EDGE('',*,*,#6157,.T.);
#6157=EDGE_CURVE('',#6150,#6158,#6160,.T.);
#6158=VERTEX_POINT('',#6159);
#6159=CARTESIAN_POINT('',(1.86,2.1,-0.5));
#6160=CIRCLE('',#6161,0.06);
#6161=AXIS2_PLACEMENT_3D('',#6162,#6163,#6164);
#6162=CARTESIAN_POINT('',(1.86,2.1,-0.44));
#6163=DIRECTION('',(0.0,-1.0,0.0));
#6164=DIRECTION('',(-1.0,0.0,0.0));
#6165=ORIENTED_EDGE('',*,*,#6166,.T.);
#6166=EDGE_CURVE('',#6158,#6059,#6167,.F.);
#6167=LINE('',#6168,#6169);
#6168=CARTESIAN_POINT('',(2.74,2.1,-0.5));
#6169=VECTOR('',#6170,1.0);
#6170=DIRECTION('',(-1.0,0.0,0.0));
#6171=PLANE('',#6172);
#6172=AXIS2_PLACEMENT_3D('',#6173,#6174,#6175);
#6173=CARTESIAN_POINT('',(2.3,2.1,-1.45));
#6174=DIRECTION('',(0.0,1.0,0.0));
#6175=DIRECTION('',(1.0,0.0,0.0));
#6176=ADVANCED_FACE('',(#6177),#6202,.T.);
#6177=FACE_BOUND('',#6178,.T.);
#6178=EDGE_LOOP('',(#6179,#6187,#6195,#6201));
#6179=ORIENTED_EDGE('',*,*,#6180,.T.);
#6180=EDGE_CURVE('',#5876,#6181,#6183,.T.);
#6181=VERTEX_POINT('',#6182);
#6182=CARTESIAN_POINT('',(3.2,1.45,-2.7));
#6183=LINE('',#6184,#6185);
#6184=CARTESIAN_POINT('',(3.2,2.1,-2.7));
#6185=VECTOR('',#6186,1.0);
#6186=DIRECTION('',(0.0,-1.0,0.0));
#6187=ORIENTED_EDGE('',*,*,#6188,.T.);
#6188=EDGE_CURVE('',#6181,#6189,#6191,.T.);
#6189=VERTEX_POINT('',#6190);
#6190=CARTESIAN_POINT('',(3.7,1.45,-2.22));
#6191=LINE('',#6192,#6193);
#6192=CARTESIAN_POINT('',(3.2,1.45,-2.7));
#6193=VECTOR('',#6194,1.0);
#6194=DIRECTION('',(0.721387321,0.0,0.692531828));
#6195=ORIENTED_EDGE('',*,*,#6196,.T.);
#6196=EDGE_CURVE('',#6189,#5884,#6197,.F.);
#6197=LINE('',#6198,#6199);
#6198=CARTESIAN_POINT('',(3.7,2.1,-2.22));
#6199=VECTOR('',#6200,1.0);
#6200=DIRECTION('',(0.0,-1.0,0.0));
#6201=ORIENTED_EDGE('',*,*,#5883,.F.);
#6202=PLANE('',#6203);
#6203=AXIS2_PLACEMENT_3D('',#6204,#6205,#6206);
#6204=CARTESIAN_POINT('',(3.45,1.775,-2.46));
#6205=DIRECTION('',(-0.692531828,0.0,0.721387321));
#6206=DIRECTION('',(0.0,1.0,0.0));
#6207=ADVANCED_FACE('',(#6208),#6261,.T.);
#6208=FACE_BOUND('',#6209,.T.);
#6209=EDGE_LOOP('',(#6210,#6216,#6222,#6230,#6238,#6246,#6254,#6260));
#6210=ORIENTED_EDGE('',*,*,#6211,.T.);
#6211=EDGE_CURVE('',#2751,#2115,#6212,.F.);
#6212=LINE('',#6213,#6214);
#6213=CARTESIAN_POINT('',(1.4,1.5,-2.9));
#6214=VECTOR('',#6215,1.0);
#6215=DIRECTION('',(0.0,1.0,0.0));
#6216=ORIENTED_EDGE('',*,*,#6217,.T.);
#6217=EDGE_CURVE('',#2115,#2140,#6218,.T.);
#6218=LINE('',#6219,#6220);
#6219=CARTESIAN_POINT('',(1.4,1.5,-2.9));
#6220=VECTOR('',#6221,1.0);
#6221=DIRECTION('',(1.0,0.0,0.0));
#6222=ORIENTED_EDGE('',*,*,#6223,.T.);
#6223=EDGE_CURVE('',#2140,#6224,#6226,.T.);
#6224=VERTEX_POINT('',#6225);
#6225=CARTESIAN_POINT('',(3.2,1.74,-2.9));
#6226=LINE('',#6227,#6228);
#6227=CARTESIAN_POINT('',(3.2,1.5,-2.9));
#6228=VECTOR('',#6229,1.0);
#6229=DIRECTION('',(0.0,1.0,0.0));
#6230=ORIENTED_EDGE('',*,*,#6231,.T.);
#6231=EDGE_CURVE('',#6224,#6232,#6234,.T.);
#6232=VERTEX_POINT('',#6233);
#6233=CARTESIAN_POINT('',(3.85,1.74,-2.9));
#6234=LINE('',#6235,#6236);
#6235=CARTESIAN_POINT('',(3.2,1.74,-2.9));
#6236=VECTOR('',#6237,1.0);
#6237=DIRECTION('',(1.0,0.0,0.0));
#6238=ORIENTED_EDGE('',*,*,#6239,.T.);
#6239=EDGE_CURVE('',#6232,#6240,#6242,.T.);
#6240=VERTEX_POINT('',#6241);
#6241=CARTESIAN_POINT('',(3.85,2.0,-2.9));
#6242=LINE('',#6243,#6244);
#6243=CARTESIAN_POINT('',(3.85,1.74,-2.9));
#6244=VECTOR('',#6245,1.0);
#6245=DIRECTION('',(0.0,1.0,0.0));
#6246=ORIENTED_EDGE('',*,*,#6247,.T.);
#6247=EDGE_CURVE('',#6240,#6248,#6250,.T.);
#6248=VERTEX_POINT('',#6249);
#6249=CARTESIAN_POINT('',(0.75,2.0,-2.9));
#6250=LINE('',#6251,#6252);
#6251=CARTESIAN_POINT('',(3.85,2.0,-2.9));
#6252=VECTOR('',#6253,1.0);
#6253=DIRECTION('',(-1.0,0.0,0.0));
#6254=ORIENTED_EDGE('',*,*,#6255,.T.);
#6255=EDGE_CURVE('',#6248,#2759,#6256,.F.);
#6256=LINE('',#6257,#6258);
#6257=CARTESIAN_POINT('',(0.75,1.74,-2.9));
#6258=VECTOR('',#6259,1.0);
#6259=DIRECTION('',(0.0,1.0,0.0));
#6260=ORIENTED_EDGE('',*,*,#2758,.F.);
#6261=PLANE('',#6262);
#6262=AXIS2_PLACEMENT_3D('',#6263,#6264,#6265);
#6263=CARTESIAN_POINT('',(2.3,1.4,-2.9));
#6264=DIRECTION('',(0.0,0.0,1.0));
#6265=DIRECTION('',(1.0,0.0,0.0));
#6266=ADVANCED_FACE('',(#6267),#6329,.F.);
#6267=FACE_BOUND('',#6268,.T.);
#6268=EDGE_LOOP('',(#6269,#6277,#6283,#6291,#6299,#6307,#6315,#6321,#6322,#6328));
#6269=ORIENTED_EDGE('',*,*,#6270,.T.);
#6270=EDGE_CURVE('',#5859,#6271,#6273,.F.);
#6271=VERTEX_POINT('',#6272);
#6272=CARTESIAN_POINT('',(4.111803399,2.1,-2.75));
#6273=LINE('',#6274,#6275);
#6274=CARTESIAN_POINT('',(4.111803399,2.1,-2.75));
#6275=VECTOR('',#6276,1.0);
#6276=DIRECTION('',(-1.0,0.0,0.0));
#6277=ORIENTED_EDGE('',*,*,#6278,.T.);
#6278=EDGE_CURVE('',#6271,#905,#6279,.T.);
#6279=LINE('',#6280,#6281);
#6280=CARTESIAN_POINT('',(4.111803399,2.1,-2.75));
#6281=VECTOR('',#6282,1.0);
#6282=DIRECTION('',(1.0,0.0,0.0));
#6283=ORIENTED_EDGE('',*,*,#6284,.T.);
#6284=EDGE_CURVE('',#905,#6285,#6287,.T.);
#6285=VERTEX_POINT('',#6286);
#6286=CARTESIAN_POINT('',(4.6,1.9,-2.833333333));
#6287=LINE('',#6288,#6289);
#6288=CARTESIAN_POINT('',(4.5,2.1,-2.75));
#6289=VECTOR('',#6290,1.0);
#6290=DIRECTION('',(0.419058177,-0.838116355,-0.349215148));
#6291=ORIENTED_EDGE('',*,*,#6292,.T.);
#6292=EDGE_CURVE('',#6285,#6293,#6295,.T.);
#6293=VERTEX_POINT('',#6294);
#6294=CARTESIAN_POINT('',(4.6,1.5,-3.0));
#6295=LINE('',#6296,#6297);
#6296=CARTESIAN_POINT('',(4.6,1.9,-2.833333333));
#6297=VECTOR('',#6298,1.0);
#6298=DIRECTION('',(0.0,-0.923076923,-0.384615385));
#6299=ORIENTED_EDGE('',*,*,#6300,.T.);
#6300=EDGE_CURVE('',#6293,#6301,#6303,.T.);
#6301=VERTEX_POINT('',#6302);
#6302=CARTESIAN_POINT('',(3.9,1.5,-3.0));
#6303=LINE('',#6304,#6305);
#6304=CARTESIAN_POINT('',(4.6,1.5,-3.0));
#6305=VECTOR('',#6306,1.0);
#6306=DIRECTION('',(-1.0,0.0,0.0));
#6307=ORIENTED_EDGE('',*,*,#6308,.T.);
#6308=EDGE_CURVE('',#6301,#6309,#6311,.T.);
#6309=VERTEX_POINT('',#6310);
#6310=CARTESIAN_POINT('',(3.9,1.74,-2.9));
#6311=LINE('',#6312,#6313);
#6312=CARTESIAN_POINT('',(3.9,1.5,-3.0));
#6313=VECTOR('',#6314,1.0);
#6314=DIRECTION('',(0.0,0.923076923,0.384615385));
#6315=ORIENTED_EDGE('',*,*,#6316,.T.);
#6316=EDGE_CURVE('',#6309,#6232,#6317,.T.);
#6317=LINE('',#6318,#6319);
#6318=CARTESIAN_POINT('',(3.9,1.74,-2.9));
#6319=VECTOR('',#6320,1.0);
#6320=DIRECTION('',(-1.0,0.0,0.0));
#6321=ORIENTED_EDGE('',*,*,#6231,.F.);
#6322=ORIENTED_EDGE('',*,*,#6323,.T.);
#6323=EDGE_CURVE('',#6224,#5868,#6324,.T.);
#6324=LINE('',#6325,#6326);
#6325=CARTESIAN_POINT('',(3.2,1.74,-2.9));
#6326=VECTOR('',#6327,1.0);
#6327=DIRECTION('',(0.0,0.923076923,0.384615385));
#6328=ORIENTED_EDGE('',*,*,#5867,.F.);
#6329=PLANE('',#6330);
#6330=AXIS2_PLACEMENT_3D('',#6331,#6332,#6333);
#6331=CARTESIAN_POINT('',(3.9,1.8,-2.875));
#6332=DIRECTION('',(0.0,-0.384615385,0.923076923));
#6333=DIRECTION('',(-1.0,0.0,0.0));
#6334=ADVANCED_FACE('',(#6335),#6371,.T.);
#6335=FACE_BOUND('',#6336,.T.);
#6336=EDGE_LOOP('',(#6337,#6347,#6356,#6364));
#6337=ORIENTED_EDGE('',*,*,#6338,.T.);
#6338=EDGE_CURVE('',#6339,#6341,#6343,.T.);
#6339=VERTEX_POINT('',#6340);
#6340=CARTESIAN_POINT('',(0.85,1.45,-1.776794919));
#6341=VERTEX_POINT('',#6342);
#6342=CARTESIAN_POINT('',(0.85,1.495,-1.776794919));
#6343=LINE('',#6344,#6345);
#6344=CARTESIAN_POINT('',(0.85,1.45,-1.776794919));
#6345=VECTOR('',#6346,1.0);
#6346=DIRECTION('',(0.0,1.0,0.0));
#6347=ORIENTED_EDGE('',*,*,#6348,.T.);
#6348=EDGE_CURVE('',#6341,#6349,#6351,.T.);
#6349=VERTEX_POINT('',#6350);
#6350=CARTESIAN_POINT('',(0.9,1.495,-1.86339746));
#6351=CIRCLE('',#6352,0.1);
#6352=AXIS2_PLACEMENT_3D('',#6353,#6354,#6355);
#6353=CARTESIAN_POINT('',(0.95,1.495,-1.776794919));
#6354=DIRECTION('',(0.0,-1.0,0.0));
#6355=DIRECTION('',(-1.0,0.0,0.0));
#6356=ORIENTED_EDGE('',*,*,#6357,.T.);
#6357=EDGE_CURVE('',#6349,#6358,#6360,.T.);
#6358=VERTEX_POINT('',#6359);
#6359=CARTESIAN_POINT('',(0.9,1.45,-1.86339746));
#6360=LINE('',#6361,#6362);
#6361=CARTESIAN_POINT('',(0.9,1.495,-1.86339746));
#6362=VECTOR('',#6363,1.0);
#6363=DIRECTION('',(0.0,-1.0,0.0));
#6364=ORIENTED_EDGE('',*,*,#6365,.T.);
#6365=EDGE_CURVE('',#6358,#6339,#6366,.F.);
#6366=CIRCLE('',#6367,0.1);
#6367=AXIS2_PLACEMENT_3D('',#6368,#6369,#6370);
#6368=CARTESIAN_POINT('',(0.95,1.45,-1.776794919));
#6369=DIRECTION('',(0.0,-1.0,0.0));
#6370=DIRECTION('',(-1.0,0.0,0.0));
#6371=CYLINDRICAL_SURFACE('',#6372,0.1);
#6372=AXIS2_PLACEMENT_3D('',#6373,#6374,#6375);
#6373=CARTESIAN_POINT('',(0.95,1.50032109,-1.776794919));
#6374=DIRECTION('',(0.0,1.0,0.0));
#6375=DIRECTION('',(-1.0,0.0,0.0));
#6376=ADVANCED_FACE('',(#6377),#6402,.F.);
#6377=FACE_BOUND('',#6378,.T.);
#6378=EDGE_LOOP('',(#6379,#6389,#6395,#6396));
#6379=ORIENTED_EDGE('',*,*,#6380,.T.);
#6380=EDGE_CURVE('',#6381,#6383,#6385,.F.);
#6381=VERTEX_POINT('',#6382);
#6382=CARTESIAN_POINT('',(0.85,1.45,-1.223205081));
#6383=VERTEX_POINT('',#6384);
#6384=CARTESIAN_POINT('',(0.85,1.495,-1.223205081));
#6385=LINE('',#6386,#6387);
#6386=CARTESIAN_POINT('',(0.85,1.495,-1.223205081));
#6387=VECTOR('',#6388,1.0);
#6388=DIRECTION('',(0.0,-1.0,0.0));
#6389=ORIENTED_EDGE('',*,*,#6390,.T.);
#6390=EDGE_CURVE('',#6383,#6341,#6391,.F.);
#6391=LINE('',#6392,#6393);
#6392=CARTESIAN_POINT('',(0.85,1.495,-1.776794919));
#6393=VECTOR('',#6394,1.0);
#6394=DIRECTION('',(0.0,0.0,1.0));
#6395=ORIENTED_EDGE('',*,*,#6338,.F.);
#6396=ORIENTED_EDGE('',*,*,#6397,.T.);
#6397=EDGE_CURVE('',#6339,#6381,#6398,.T.);
#6398=LINE('',#6399,#6400);
#6399=CARTESIAN_POINT('',(0.85,1.45,-1.776794919));
#6400=VECTOR('',#6401,1.0);
#6401=DIRECTION('',(0.0,0.0,1.0));
#6402=PLANE('',#6403);
#6403=AXIS2_PLACEMENT_3D('',#6404,#6405,#6406);
#6404=CARTESIAN_POINT('',(0.85,1.4725,-1.5));
#6405=DIRECTION('',(1.0,0.0,0.0));
#6406=DIRECTION('',(0.0,1.0,0.0));
#6407=ADVANCED_FACE('',(#6408),#6435,.T.);
#6408=FACE_BOUND('',#6409,.T.);
#6409=EDGE_LOOP('',(#6410,#6420,#6427,#6428));
#6410=ORIENTED_EDGE('',*,*,#6411,.T.);
#6411=EDGE_CURVE('',#6412,#6414,#6416,.F.);
#6412=VERTEX_POINT('',#6413);
#6413=CARTESIAN_POINT('',(0.9,1.45,-1.13660254));
#6414=VERTEX_POINT('',#6415);
#6415=CARTESIAN_POINT('',(0.9,1.495,-1.13660254));
#6416=LINE('',#6417,#6418);
#6417=CARTESIAN_POINT('',(0.9,1.495,-1.13660254));
#6418=VECTOR('',#6419,1.0);
#6419=DIRECTION('',(0.0,-1.0,0.0));
#6420=ORIENTED_EDGE('',*,*,#6421,.T.);
#6421=EDGE_CURVE('',#6414,#6383,#6422,.T.);
#6422=CIRCLE('',#6423,0.1);
#6423=AXIS2_PLACEMENT_3D('',#6424,#6425,#6426);
#6424=CARTESIAN_POINT('',(0.95,1.495,-1.223205081));
#6425=DIRECTION('',(0.0,-1.0,0.0));
#6426=DIRECTION('',(-0.5,0.0,0.866025404));
#6427=ORIENTED_EDGE('',*,*,#6380,.F.);
#6428=ORIENTED_EDGE('',*,*,#6429,.T.);
#6429=EDGE_CURVE('',#6381,#6412,#6430,.T.);
#6430=CIRCLE('',#6431,0.1);
#6431=AXIS2_PLACEMENT_3D('',#6432,#6433,#6434);
#6432=CARTESIAN_POINT('',(0.95,1.45,-1.223205081));
#6433=DIRECTION('',(0.0,1.0,0.0));
#6434=DIRECTION('',(-1.0,0.0,0.0));
#6435=CYLINDRICAL_SURFACE('',#6436,0.1);
#6436=AXIS2_PLACEMENT_3D('',#6437,#6438,#6439);
#6437=CARTESIAN_POINT('',(0.95,1.44467891,-1.223205081));
#6438=DIRECTION('',(0.0,-1.0,0.0));
#6439=DIRECTION('',(-1.0,0.0,0.0));
#6440=ADVANCED_FACE('',(#6441),#6478,.T.);
#6441=FACE_BOUND('',#6442,.T.);
#6442=EDGE_LOOP('',(#6443,#6451,#6457,#6458,#6466,#6472));
#6443=ORIENTED_EDGE('',*,*,#6444,.T.);
#6444=EDGE_CURVE('',#6412,#6445,#6447,.T.);
#6445=VERTEX_POINT('',#6446);
#6446=CARTESIAN_POINT('',(0.9,1.45,-1.1));
#6447=LINE('',#6448,#6449);
#6448=CARTESIAN_POINT('',(0.9,1.45,-1.13660254));
#6449=VECTOR('',#6450,1.0);
#6450=DIRECTION('',(0.0,0.0,1.0));
#6451=ORIENTED_EDGE('',*,*,#6452,.T.);
#6452=EDGE_CURVE('',#6445,#3634,#6453,.F.);
#6453=LINE('',#6454,#6455);
#6454=CARTESIAN_POINT('',(0.9,1.3,-1.1));
#6455=VECTOR('',#6456,1.0);
#6456=DIRECTION('',(0.0,1.0,0.0));
#6457=ORIENTED_EDGE('',*,*,#3633,.F.);
#6458=ORIENTED_EDGE('',*,*,#6459,.T.);
#6459=EDGE_CURVE('',#3626,#6460,#6462,.F.);
#6460=VERTEX_POINT('',#6461);
#6461=CARTESIAN_POINT('',(0.9,1.45,-1.895163585));
#6462=LINE('',#6463,#6464);
#6463=CARTESIAN_POINT('',(0.9,1.45,-1.895163585));
#6464=VECTOR('',#6465,1.0);
#6465=DIRECTION('',(0.0,-1.0,0.0));
#6466=ORIENTED_EDGE('',*,*,#6467,.T.);
#6467=EDGE_CURVE('',#6460,#6358,#6468,.T.);
#6468=LINE('',#6469,#6470);
#6469=CARTESIAN_POINT('',(0.9,1.45,-1.895163585));
#6470=VECTOR('',#6471,1.0);
#6471=DIRECTION('',(0.0,0.0,1.0));
#6472=ORIENTED_EDGE('',*,*,#6473,.T.);
#6473=EDGE_CURVE('',#6358,#6412,#6474,.T.);
#6474=LINE('',#6475,#6476);
#6475=CARTESIAN_POINT('',(0.9,1.45,-1.86339746));
#6476=VECTOR('',#6477,1.0);
#6477=DIRECTION('',(0.0,0.0,1.0));
#6478=PLANE('',#6479);
#6479=AXIS2_PLACEMENT_3D('',#6480,#6481,#6482);
#6480=CARTESIAN_POINT('',(0.9,1.375,-1.497581792));
#6481=DIRECTION('',(1.0,0.0,0.0));
#6482=DIRECTION('',(0.0,1.0,0.0));
#6483=ADVANCED_FACE('',(#6484),#6507,.F.);
#6484=FACE_BOUND('',#6485,.T.);
#6485=EDGE_LOOP('',(#6486,#6492,#6500,#6506));
#6486=ORIENTED_EDGE('',*,*,#6487,.T.);
#6487=EDGE_CURVE('',#6002,#6445,#6488,.T.);
#6488=LINE('',#6489,#6490);
#6489=CARTESIAN_POINT('',(0.9,2.1,-1.1));
#6490=VECTOR('',#6491,1.0);
#6491=DIRECTION('',(0.0,-1.0,0.0));
#6492=ORIENTED_EDGE('',*,*,#6493,.T.);
#6493=EDGE_CURVE('',#6445,#6494,#6496,.F.);
#6494=VERTEX_POINT('',#6495);
#6495=CARTESIAN_POINT('',(0.8,1.45,-1.1));
#6496=LINE('',#6497,#6498);
#6497=CARTESIAN_POINT('',(0.8,1.45,-1.1));
#6498=VECTOR('',#6499,1.0);
#6499=DIRECTION('',(1.0,0.0,0.0));
#6500=ORIENTED_EDGE('',*,*,#6501,.T.);
#6501=EDGE_CURVE('',#6494,#6010,#6502,.T.);
#6502=LINE('',#6503,#6504);
#6503=CARTESIAN_POINT('',(0.8,1.45,-1.1));
#6504=VECTOR('',#6505,1.0);
#6505=DIRECTION('',(0.0,1.0,0.0));
#6506=ORIENTED_EDGE('',*,*,#6009,.F.);
#6507=PLANE('',#6508);
#6508=AXIS2_PLACEMENT_3D('',#6509,#6510,#6511);
#6509=CARTESIAN_POINT('',(0.85,1.775,-1.1));
#6510=DIRECTION('',(0.0,0.0,1.0));
#6511=DIRECTION('',(1.0,0.0,0.0));
#6512=ADVANCED_FACE('',(#6513),#6531,.T.);
#6513=FACE_BOUND('',#6514,.T.);
#6514=EDGE_LOOP('',(#6515,#6516,#6524,#6530));
#6515=ORIENTED_EDGE('',*,*,#6501,.F.);
#6516=ORIENTED_EDGE('',*,*,#6517,.T.);
#6517=EDGE_CURVE('',#6494,#6518,#6520,.F.);
#6518=VERTEX_POINT('',#6519);
#6519=CARTESIAN_POINT('',(0.8,1.45,-1.9));
#6520=LINE('',#6521,#6522);
#6521=CARTESIAN_POINT('',(0.8,1.45,-1.9));
#6522=VECTOR('',#6523,1.0);
#6523=DIRECTION('',(0.0,0.0,1.0));
#6524=ORIENTED_EDGE('',*,*,#6525,.T.);
#6525=EDGE_CURVE('',#6518,#6018,#6526,.F.);
#6526=LINE('',#6527,#6528);
#6527=CARTESIAN_POINT('',(0.8,2.1,-1.9));
#6528=VECTOR('',#6529,1.0);
#6529=DIRECTION('',(0.0,-1.0,0.0));
#6530=ORIENTED_EDGE('',*,*,#6017,.F.);
#6531=PLANE('',#6532);
#6532=AXIS2_PLACEMENT_3D('',#6533,#6534,#6535);
#6533=CARTESIAN_POINT('',(0.8,1.775,-1.5));
#6534=DIRECTION('',(1.0,0.0,0.0));
#6535=DIRECTION('',(0.0,1.0,0.0));
#6536=ADVANCED_FACE('',(#6537),#6555,.T.);
#6537=FACE_BOUND('',#6538,.T.);
#6538=EDGE_LOOP('',(#6539,#6540,#6548,#6554));
#6539=ORIENTED_EDGE('',*,*,#6525,.F.);
#6540=ORIENTED_EDGE('',*,*,#6541,.T.);
#6541=EDGE_CURVE('',#6518,#6542,#6544,.F.);
#6542=VERTEX_POINT('',#6543);
#6543=CARTESIAN_POINT('',(0.9,1.45,-1.9));
#6544=LINE('',#6545,#6546);
#6545=CARTESIAN_POINT('',(0.9,1.45,-1.9));
#6546=VECTOR('',#6547,1.0);
#6547=DIRECTION('',(-1.0,0.0,0.0));
#6548=ORIENTED_EDGE('',*,*,#6549,.T.);
#6549=EDGE_CURVE('',#6542,#6026,#6550,.F.);
#6550=LINE('',#6551,#6552);
#6551=CARTESIAN_POINT('',(0.9,2.1,-1.9));
#6552=VECTOR('',#6553,1.0);
#6553=DIRECTION('',(0.0,-1.0,0.0));
#6554=ORIENTED_EDGE('',*,*,#6025,.F.);
#6555=PLANE('',#6556);
#6556=AXIS2_PLACEMENT_3D('',#6557,#6558,#6559);
#6557=CARTESIAN_POINT('',(0.85,1.775,-1.9));
#6558=DIRECTION('',(0.0,0.0,1.0));
#6559=DIRECTION('',(1.0,0.0,0.0));
#6560=ADVANCED_FACE('',(#6561),#6579,.T.);
#6561=FACE_BOUND('',#6562,.T.);
#6562=EDGE_LOOP('',(#6563,#6564,#6572,#6578));
#6563=ORIENTED_EDGE('',*,*,#6549,.F.);
#6564=ORIENTED_EDGE('',*,*,#6565,.T.);
#6565=EDGE_CURVE('',#6542,#6566,#6568,.F.);
#6566=VERTEX_POINT('',#6567);
#6567=CARTESIAN_POINT('',(0.9,1.45,-2.22));
#6568=LINE('',#6569,#6570);
#6569=CARTESIAN_POINT('',(0.9,1.45,-2.22));
#6570=VECTOR('',#6571,1.0);
#6571=DIRECTION('',(0.0,0.0,1.0));
#6572=ORIENTED_EDGE('',*,*,#6573,.T.);
#6573=EDGE_CURVE('',#6566,#6034,#6574,.F.);
#6574=LINE('',#6575,#6576);
#6575=CARTESIAN_POINT('',(0.9,2.1,-2.22));
#6576=VECTOR('',#6577,1.0);
#6577=DIRECTION('',(0.0,-1.0,0.0));
#6578=ORIENTED_EDGE('',*,*,#6033,.F.);
#6579=PLANE('',#6580);
#6580=AXIS2_PLACEMENT_3D('',#6581,#6582,#6583);
#6581=CARTESIAN_POINT('',(0.9,1.775,-2.06));
#6582=DIRECTION('',(1.0,0.0,0.0));
#6583=DIRECTION('',(0.0,1.0,0.0));
#6584=ADVANCED_FACE('',(#6585),#6603,.T.);
#6585=FACE_BOUND('',#6586,.T.);
#6586=EDGE_LOOP('',(#6587,#6588,#6596,#6602));
#6587=ORIENTED_EDGE('',*,*,#6573,.F.);
#6588=ORIENTED_EDGE('',*,*,#6589,.T.);
#6589=EDGE_CURVE('',#6566,#6590,#6592,.T.);
#6590=VERTEX_POINT('',#6591);
#6591=CARTESIAN_POINT('',(1.4,1.45,-2.7));
#6592=LINE('',#6593,#6594);
#6593=CARTESIAN_POINT('',(0.9,1.45,-2.22));
#6594=VECTOR('',#6595,1.0);
#6595=DIRECTION('',(0.721387321,0.0,-0.692531828));
#6596=ORIENTED_EDGE('',*,*,#6597,.T.);
#6597=EDGE_CURVE('',#6590,#6042,#6598,.F.);
#6598=LINE('',#6599,#6600);
#6599=CARTESIAN_POINT('',(1.4,2.1,-2.7));
#6600=VECTOR('',#6601,1.0);
#6601=DIRECTION('',(0.0,-1.0,0.0));
#6602=ORIENTED_EDGE('',*,*,#6041,.F.);
#6603=PLANE('',#6604);
#6604=AXIS2_PLACEMENT_3D('',#6605,#6606,#6607);
#6605=CARTESIAN_POINT('',(1.15,1.775,-2.46));
#6606=DIRECTION('',(0.692531828,0.0,0.721387321));
#6607=DIRECTION('',(0.0,-1.0,0.0));
#6608=ADVANCED_FACE('',(#6609),#6627,.F.);
#6609=FACE_BOUND('',#6610,.T.);
#6610=EDGE_LOOP('',(#6611,#6612,#6620,#6626));
#6611=ORIENTED_EDGE('',*,*,#6196,.F.);
#6612=ORIENTED_EDGE('',*,*,#6613,.T.);
#6613=EDGE_CURVE('',#6189,#6614,#6616,.F.);
#6614=VERTEX_POINT('',#6615);
#6615=CARTESIAN_POINT('',(3.7,1.45,-1.9));
#6616=LINE('',#6617,#6618);
#6617=CARTESIAN_POINT('',(3.7,1.45,-1.9));
#6618=VECTOR('',#6619,1.0);
#6619=DIRECTION('',(0.0,0.0,-1.0));
#6620=ORIENTED_EDGE('',*,*,#6621,.T.);
#6621=EDGE_CURVE('',#6614,#5892,#6622,.F.);
#6622=LINE('',#6623,#6624);
#6623=CARTESIAN_POINT('',(3.7,2.1,-1.9));
#6624=VECTOR('',#6625,1.0);
#6625=DIRECTION('',(0.0,-1.0,0.0));
#6626=ORIENTED_EDGE('',*,*,#5891,.F.);
#6627=PLANE('',#6628);
#6628=AXIS2_PLACEMENT_3D('',#6629,#6630,#6631);
#6629=CARTESIAN_POINT('',(3.7,1.775,-2.06));
#6630=DIRECTION('',(1.0,0.0,0.0));
#6631=DIRECTION('',(0.0,1.0,0.0));
#6632=ADVANCED_FACE('',(#6633),#6651,.T.);
#6633=FACE_BOUND('',#6634,.T.);
#6634=EDGE_LOOP('',(#6635,#6636,#6644,#6650));
#6635=ORIENTED_EDGE('',*,*,#6621,.F.);
#6636=ORIENTED_EDGE('',*,*,#6637,.T.);
#6637=EDGE_CURVE('',#6614,#6638,#6640,.F.);
#6638=VERTEX_POINT('',#6639);
#6639=CARTESIAN_POINT('',(3.8,1.45,-1.9));
#6640=LINE('',#6641,#6642);
#6641=CARTESIAN_POINT('',(3.8,1.45,-1.9));
#6642=VECTOR('',#6643,1.0);
#6643=DIRECTION('',(-1.0,0.0,0.0));
#6644=ORIENTED_EDGE('',*,*,#6645,.T.);
#6645=EDGE_CURVE('',#6638,#5900,#6646,.F.);
#6646=LINE('',#6647,#6648);
#6647=CARTESIAN_POINT('',(3.8,2.1,-1.9));
#6648=VECTOR('',#6649,1.0);
#6649=DIRECTION('',(0.0,-1.0,0.0));
#6650=ORIENTED_EDGE('',*,*,#5899,.F.);
#6651=PLANE('',#6652);
#6652=AXIS2_PLACEMENT_3D('',#6653,#6654,#6655);
#6653=CARTESIAN_POINT('',(3.75,1.775,-1.9));
#6654=DIRECTION('',(0.0,0.0,1.0));
#6655=DIRECTION('',(1.0,0.0,0.0));
#6656=ADVANCED_FACE('',(#6657),#6675,.F.);
#6657=FACE_BOUND('',#6658,.T.);
#6658=EDGE_LOOP('',(#6659,#6660,#6668,#6674));
#6659=ORIENTED_EDGE('',*,*,#6645,.F.);
#6660=ORIENTED_EDGE('',*,*,#6661,.T.);
#6661=EDGE_CURVE('',#6638,#6662,#6664,.F.);
#6662=VERTEX_POINT('',#6663);
#6663=CARTESIAN_POINT('',(3.8,1.45,-1.1));
#6664=LINE('',#6665,#6666);
#6665=CARTESIAN_POINT('',(3.8,1.45,-1.1));
#6666=VECTOR('',#6667,1.0);
#6667=DIRECTION('',(0.0,0.0,-1.0));
#6668=ORIENTED_EDGE('',*,*,#6669,.T.);
#6669=EDGE_CURVE('',#6662,#5908,#6670,.F.);
#6670=LINE('',#6671,#6672);
#6671=CARTESIAN_POINT('',(3.8,2.1,-1.1));
#6672=VECTOR('',#6673,1.0);
#6673=DIRECTION('',(0.0,-1.0,0.0));
#6674=ORIENTED_EDGE('',*,*,#5907,.F.);
#6675=PLANE('',#6676);
#6676=AXIS2_PLACEMENT_3D('',#6677,#6678,#6679);
#6677=CARTESIAN_POINT('',(3.8,1.775,-1.5));
#6678=DIRECTION('',(1.0,0.0,0.0));
#6679=DIRECTION('',(0.0,1.0,0.0));
#6680=ADVANCED_FACE('',(#6681),#6699,.F.);
#6681=FACE_BOUND('',#6682,.T.);
#6682=EDGE_LOOP('',(#6683,#6684,#6692,#6698));
#6683=ORIENTED_EDGE('',*,*,#6669,.F.);
#6684=ORIENTED_EDGE('',*,*,#6685,.T.);
#6685=EDGE_CURVE('',#6662,#6686,#6688,.F.);
#6686=VERTEX_POINT('',#6687);
#6687=CARTESIAN_POINT('',(3.7,1.45,-1.1));
#6688=LINE('',#6689,#6690);
#6689=CARTESIAN_POINT('',(3.7,1.45,-1.1));
#6690=VECTOR('',#6691,1.0);
#6691=DIRECTION('',(1.0,0.0,0.0));
#6692=ORIENTED_EDGE('',*,*,#6693,.T.);
#6693=EDGE_CURVE('',#6686,#5916,#6694,.F.);
#6694=LINE('',#6695,#6696);
#6695=CARTESIAN_POINT('',(3.7,2.1,-1.1));
#6696=VECTOR('',#6697,1.0);
#6697=DIRECTION('',(0.0,-1.0,0.0));
#6698=ORIENTED_EDGE('',*,*,#5915,.F.);
#6699=PLANE('',#6700);
#6700=AXIS2_PLACEMENT_3D('',#6701,#6702,#6703);
#6701=CARTESIAN_POINT('',(3.75,1.775,-1.1));
#6702=DIRECTION('',(0.0,0.0,1.0));
#6703=DIRECTION('',(1.0,0.0,0.0));
#6704=ADVANCED_FACE('',(#6705),#6744,.F.);
#6705=FACE_BOUND('',#6706,.T.);
#6706=EDGE_LOOP('',(#6707,#6717,#6723,#6724,#6730,#6738));
#6707=ORIENTED_EDGE('',*,*,#6708,.T.);
#6708=EDGE_CURVE('',#6709,#6711,#6713,.T.);
#6709=VERTEX_POINT('',#6710);
#6710=CARTESIAN_POINT('',(3.7,1.45,-1.86339746));
#6711=VERTEX_POINT('',#6712);
#6712=CARTESIAN_POINT('',(3.7,1.45,-1.895163585));
#6713=LINE('',#6714,#6715);
#6714=CARTESIAN_POINT('',(3.7,1.45,-1.86339746));
#6715=VECTOR('',#6716,1.0);
#6716=DIRECTION('',(0.0,0.0,-1.0));
#6717=ORIENTED_EDGE('',*,*,#6718,.T.);
#6718=EDGE_CURVE('',#6711,#3667,#6719,.T.);
#6719=LINE('',#6720,#6721);
#6720=CARTESIAN_POINT('',(3.7,1.45,-1.895163585));
#6721=VECTOR('',#6722,1.0);
#6722=DIRECTION('',(0.0,-1.0,0.0));
#6723=ORIENTED_EDGE('',*,*,#3666,.F.);
#6724=ORIENTED_EDGE('',*,*,#6725,.T.);
#6725=EDGE_CURVE('',#3659,#6686,#6726,.F.);
#6726=LINE('',#6727,#6728);
#6727=CARTESIAN_POINT('',(3.7,1.45,-1.1));
#6728=VECTOR('',#6729,1.0);
#6729=DIRECTION('',(0.0,-1.0,0.0));
#6730=ORIENTED_EDGE('',*,*,#6731,.T.);
#6731=EDGE_CURVE('',#6686,#6732,#6734,.T.);
#6732=VERTEX_POINT('',#6733);
#6733=CARTESIAN_POINT('',(3.7,1.45,-1.13660254));
#6734=LINE('',#6735,#6736);
#6735=CARTESIAN_POINT('',(3.7,1.45,-1.1));
#6736=VECTOR('',#6737,1.0);
#6737=DIRECTION('',(0.0,0.0,-1.0));
#6738=ORIENTED_EDGE('',*,*,#6739,.T.);
#6739=EDGE_CURVE('',#6732,#6709,#6740,.T.);
#6740=LINE('',#6741,#6742);
#6741=CARTESIAN_POINT('',(3.7,1.45,-1.13660254));
#6742=VECTOR('',#6743,1.0);
#6743=DIRECTION('',(0.0,0.0,-1.0));
#6744=PLANE('',#6745);
#6745=AXIS2_PLACEMENT_3D('',#6746,#6747,#6748);
#6746=CARTESIAN_POINT('',(3.7,1.375,-1.497581792));
#6747=DIRECTION('',(1.0,0.0,0.0));
#6748=DIRECTION('',(0.0,1.0,0.0));
#6749=ADVANCED_FACE('',(#6750),#6784,.T.);
#6750=FACE_BOUND('',#6751,.T.);
#6751=EDGE_LOOP('',(#6752,#6762,#6771,#6777));
#6752=ORIENTED_EDGE('',*,*,#6753,.T.);
#6753=EDGE_CURVE('',#6754,#6756,#6758,.F.);
#6754=VERTEX_POINT('',#6755);
#6755=CARTESIAN_POINT('',(3.75,1.45,-1.223205081));
#6756=VERTEX_POINT('',#6757);
#6757=CARTESIAN_POINT('',(3.75,1.495,-1.223205081));
#6758=LINE('',#6759,#6760);
#6759=CARTESIAN_POINT('',(3.75,1.495,-1.223205081));
#6760=VECTOR('',#6761,1.0);
#6761=DIRECTION('',(0.0,-1.0,0.0));
#6762=ORIENTED_EDGE('',*,*,#6763,.T.);
#6763=EDGE_CURVE('',#6756,#6764,#6766,.T.);
#6764=VERTEX_POINT('',#6765);
#6765=CARTESIAN_POINT('',(3.7,1.495,-1.13660254));
#6766=CIRCLE('',#6767,0.1);
#6767=AXIS2_PLACEMENT_3D('',#6768,#6769,#6770);
#6768=CARTESIAN_POINT('',(3.65,1.495,-1.223205081));
#6769=DIRECTION('',(0.0,-1.0,0.0));
#6770=DIRECTION('',(1.0,0.0,0.0));
#6771=ORIENTED_EDGE('',*,*,#6772,.T.);
#6772=EDGE_CURVE('',#6764,#6732,#6773,.T.);
#6773=LINE('',#6774,#6775);
#6774=CARTESIAN_POINT('',(3.7,1.495,-1.13660254));
#6775=VECTOR('',#6776,1.0);
#6776=DIRECTION('',(0.0,-1.0,0.0));
#6777=ORIENTED_EDGE('',*,*,#6778,.T.);
#6778=EDGE_CURVE('',#6732,#6754,#6779,.F.);
#6779=CIRCLE('',#6780,0.1);
#6780=AXIS2_PLACEMENT_3D('',#6781,#6782,#6783);
#6781=CARTESIAN_POINT('',(3.65,1.45,-1.223205081));
#6782=DIRECTION('',(0.0,-1.0,0.0));
#6783=DIRECTION('',(1.0,0.0,0.0));
#6784=CYLINDRICAL_SURFACE('',#6785,0.1);
#6785=AXIS2_PLACEMENT_3D('',#6786,#6787,#6788);
#6786=CARTESIAN_POINT('',(3.65,1.50032109,-1.223205081));
#6787=DIRECTION('',(0.0,1.0,0.0));
#6788=DIRECTION('',(1.0,0.0,0.0));
#6789=ADVANCED_FACE('',(#6790),#6815,.T.);
#6790=FACE_BOUND('',#6791,.T.);
#6791=EDGE_LOOP('',(#6792,#6802,#6808,#6809));
#6792=ORIENTED_EDGE('',*,*,#6793,.T.);
#6793=EDGE_CURVE('',#6794,#6796,#6798,.F.);
#6794=VERTEX_POINT('',#6795);
#6795=CARTESIAN_POINT('',(3.75,1.45,-1.776794919));
#6796=VERTEX_POINT('',#6797);
#6797=CARTESIAN_POINT('',(3.75,1.495,-1.776794919));
#6798=LINE('',#6799,#6800);
#6799=CARTESIAN_POINT('',(3.75,1.495,-1.776794919));
#6800=VECTOR('',#6801,1.0);
#6801=DIRECTION('',(0.0,-1.0,0.0));
#6802=ORIENTED_EDGE('',*,*,#6803,.T.);
#6803=EDGE_CURVE('',#6796,#6756,#6804,.F.);
#6804=LINE('',#6805,#6806);
#6805=CARTESIAN_POINT('',(3.75,1.495,-1.223205081));
#6806=VECTOR('',#6807,1.0);
#6807=DIRECTION('',(0.0,0.0,-1.0));
#6808=ORIENTED_EDGE('',*,*,#6753,.F.);
#6809=ORIENTED_EDGE('',*,*,#6810,.T.);
#6810=EDGE_CURVE('',#6754,#6794,#6811,.T.);
#6811=LINE('',#6812,#6813);
#6812=CARTESIAN_POINT('',(3.75,1.45,-1.223205081));
#6813=VECTOR('',#6814,1.0);
#6814=DIRECTION('',(0.0,0.0,-1.0));
#6815=PLANE('',#6816);
#6816=AXIS2_PLACEMENT_3D('',#6817,#6818,#6819);
#6817=CARTESIAN_POINT('',(3.75,1.4725,-1.5));
#6818=DIRECTION('',(1.0,0.0,0.0));
#6819=DIRECTION('',(0.0,1.0,0.0));
#6820=ADVANCED_FACE('',(#6821),#6846,.T.);
#6821=FACE_BOUND('',#6822,.T.);
#6822=EDGE_LOOP('',(#6823,#6831,#6838,#6839));
#6823=ORIENTED_EDGE('',*,*,#6824,.T.);
#6824=EDGE_CURVE('',#6709,#6825,#6827,.F.);
#6825=VERTEX_POINT('',#6826);
#6826=CARTESIAN_POINT('',(3.7,1.495,-1.86339746));
#6827=LINE('',#6828,#6829);
#6828=CARTESIAN_POINT('',(3.7,1.495,-1.86339746));
#6829=VECTOR('',#6830,1.0);
#6830=DIRECTION('',(0.0,-1.0,0.0));
#6831=ORIENTED_EDGE('',*,*,#6832,.T.);
#6832=EDGE_CURVE('',#6825,#6796,#6833,.T.);
#6833=CIRCLE('',#6834,0.1);
#6834=AXIS2_PLACEMENT_3D('',#6835,#6836,#6837);
#6835=CARTESIAN_POINT('',(3.65,1.495,-1.776794919));
#6836=DIRECTION('',(0.0,-1.0,0.0));
#6837=DIRECTION('',(0.5,0.0,-0.866025404));
#6838=ORIENTED_EDGE('',*,*,#6793,.F.);
#6839=ORIENTED_EDGE('',*,*,#6840,.T.);
#6840=EDGE_CURVE('',#6794,#6709,#6841,.T.);
#6841=CIRCLE('',#6842,0.1);
#6842=AXIS2_PLACEMENT_3D('',#6843,#6844,#6845);
#6843=CARTESIAN_POINT('',(3.65,1.45,-1.776794919));
#6844=DIRECTION('',(0.0,1.0,0.0));
#6845=DIRECTION('',(1.0,0.0,0.0));
#6846=CYLINDRICAL_SURFACE('',#6847,0.1);
#6847=AXIS2_PLACEMENT_3D('',#6848,#6849,#6850);
#6848=CARTESIAN_POINT('',(3.65,1.44467891,-1.776794919));
#6849=DIRECTION('',(0.0,-1.0,0.0));
#6850=DIRECTION('',(1.0,0.0,0.0));
#6851=ADVANCED_FACE('',(#6852),#6878,.T.);
#6852=FACE_BOUND('',#6853,.T.);
#6853=EDGE_LOOP('',(#6854,#6862,#6863,#6864,#6872));
#6854=ORIENTED_EDGE('',*,*,#6855,.T.);
#6855=EDGE_CURVE('',#6856,#3675,#6858,.T.);
#6856=VERTEX_POINT('',#6857);
#6857=CARTESIAN_POINT('',(3.587782717,1.45,-1.895163585));
#6858=LINE('',#6859,#6860);
#6859=CARTESIAN_POINT('',(3.587782717,1.45,-1.895163585));
#6860=VECTOR('',#6861,1.0);
#6861=DIRECTION('',(0.0,-1.0,0.0));
#6862=ORIENTED_EDGE('',*,*,#3674,.F.);
#6863=ORIENTED_EDGE('',*,*,#6718,.F.);
#6864=ORIENTED_EDGE('',*,*,#6865,.T.);
#6865=EDGE_CURVE('',#6711,#6866,#6868,.T.);
#6866=VERTEX_POINT('',#6867);
#6867=CARTESIAN_POINT('',(3.666376035,1.45,-1.895163585));
#6868=LINE('',#6869,#6870);
#6869=CARTESIAN_POINT('',(3.7,1.45,-1.895163585));
#6870=VECTOR('',#6871,1.0);
#6871=DIRECTION('',(-1.0,0.0,0.0));
#6872=ORIENTED_EDGE('',*,*,#6873,.T.);
#6873=EDGE_CURVE('',#6866,#6856,#6874,.T.);
#6874=LINE('',#6875,#6876);
#6875=CARTESIAN_POINT('',(3.666376035,1.45,-1.895163585));
#6876=VECTOR('',#6877,1.0);
#6877=DIRECTION('',(-1.0,0.0,0.0));
#6878=PLANE('',#6879);
#6879=AXIS2_PLACEMENT_3D('',#6880,#6881,#6882);
#6880=CARTESIAN_POINT('',(3.643891358,1.375,-1.895163585));
#6881=DIRECTION('',(0.0,0.0,1.0));
#6882=DIRECTION('',(1.0,0.0,0.0));
#6883=ADVANCED_FACE('',(#6884),#6918,.F.);
#6884=FACE_BOUND('',#6885,.T.);
#6885=EDGE_LOOP('',(#6886,#6896,#6903,#6904,#6911));
#6886=ORIENTED_EDGE('',*,*,#6887,.T.);
#6887=EDGE_CURVE('',#6888,#6890,#6892,.F.);
#6888=VERTEX_POINT('',#6889);
#6889=CARTESIAN_POINT('',(3.65,1.45,-1.95));
#6890=VERTEX_POINT('',#6891);
#6891=CARTESIAN_POINT('',(3.65,1.495,-1.95));
#6892=LINE('',#6893,#6894);
#6893=CARTESIAN_POINT('',(3.65,1.495,-1.95));
#6894=VECTOR('',#6895,1.0);
#6895=DIRECTION('',(0.0,-1.0,0.0));
#6896=ORIENTED_EDGE('',*,*,#6897,.T.);
#6897=EDGE_CURVE('',#6890,#6825,#6898,.T.);
#6898=CIRCLE('',#6899,0.1);
#6899=AXIS2_PLACEMENT_3D('',#6900,#6901,#6902);
#6900=CARTESIAN_POINT('',(3.75,1.495,-1.95));
#6901=DIRECTION('',(0.0,1.0,0.0));
#6902=DIRECTION('',(-1.0,0.0,0.0));
#6903=ORIENTED_EDGE('',*,*,#6824,.F.);
#6904=ORIENTED_EDGE('',*,*,#6905,.T.);
#6905=EDGE_CURVE('',#6709,#6866,#6906,.T.);
#6906=CIRCLE('',#6907,0.1);
#6907=AXIS2_PLACEMENT_3D('',#6908,#6909,#6910);
#6908=CARTESIAN_POINT('',(3.75,1.45,-1.95));
#6909=DIRECTION('',(0.0,-1.0,0.0));
#6910=DIRECTION('',(-0.5,0.0,0.866025404));
#6911=ORIENTED_EDGE('',*,*,#6912,.T.);
#6912=EDGE_CURVE('',#6866,#6888,#6913,.F.);
#6913=CIRCLE('',#6914,0.1);
#6914=AXIS2_PLACEMENT_3D('',#6915,#6916,#6917);
#6915=CARTESIAN_POINT('',(3.75,1.45,-1.95));
#6916=DIRECTION('',(0.0,1.0,0.0));
#6917=DIRECTION('',(-1.0,0.0,0.0));
#6918=CYLINDRICAL_SURFACE('',#6919,0.1);
#6919=AXIS2_PLACEMENT_3D('',#6920,#6921,#6922);
#6920=CARTESIAN_POINT('',(3.75,1.44467891,-1.95));
#6921=DIRECTION('',(0.0,-1.0,0.0));
#6922=DIRECTION('',(-1.0,0.0,0.0));
#6923=ADVANCED_FACE('',(#6924),#6949,.T.);
#6924=FACE_BOUND('',#6925,.T.);
#6925=EDGE_LOOP('',(#6926,#6936,#6942,#6943));
#6926=ORIENTED_EDGE('',*,*,#6927,.T.);
#6927=EDGE_CURVE('',#6928,#6930,#6932,.F.);
#6928=VERTEX_POINT('',#6929);
#6929=CARTESIAN_POINT('',(3.65,1.45,-2.067157288));
#6930=VERTEX_POINT('',#6931);
#6931=CARTESIAN_POINT('',(3.65,1.495,-2.067157288));
#6932=LINE('',#6933,#6934);
#6933=CARTESIAN_POINT('',(3.65,1.495,-2.067157288));
#6934=VECTOR('',#6935,1.0);
#6935=DIRECTION('',(0.0,-1.0,0.0));
#6936=ORIENTED_EDGE('',*,*,#6937,.T.);
#6937=EDGE_CURVE('',#6930,#6890,#6938,.T.);
#6938=LINE('',#6939,#6940);
#6939=CARTESIAN_POINT('',(3.65,1.495,-2.067157288));
#6940=VECTOR('',#6941,1.0);
#6941=DIRECTION('',(0.0,0.0,1.0));
#6942=ORIENTED_EDGE('',*,*,#6887,.F.);
#6943=ORIENTED_EDGE('',*,*,#6944,.T.);
#6944=EDGE_CURVE('',#6888,#6928,#6945,.T.);
#6945=LINE('',#6946,#6947);
#6946=CARTESIAN_POINT('',(3.65,1.45,-1.95));
#6947=VECTOR('',#6948,1.0);
#6948=DIRECTION('',(0.0,0.0,-1.0));
#6949=PLANE('',#6950);
#6950=AXIS2_PLACEMENT_3D('',#6951,#6952,#6953);
#6951=CARTESIAN_POINT('',(3.65,1.4725,-2.008578644));
#6952=DIRECTION('',(1.0,0.0,0.0));
#6953=DIRECTION('',(0.0,1.0,0.0));
#6954=ADVANCED_FACE('',(#6955),#6982,.T.);
#6955=FACE_BOUND('',#6956,.T.);
#6956=EDGE_LOOP('',(#6957,#6967,#6974,#6975));
#6957=ORIENTED_EDGE('',*,*,#6958,.T.);
#6958=EDGE_CURVE('',#6959,#6961,#6963,.F.);
#6959=VERTEX_POINT('',#6960);
#6960=CARTESIAN_POINT('',(3.591421356,1.45,-2.208578644));
#6961=VERTEX_POINT('',#6962);
#6962=CARTESIAN_POINT('',(3.591421356,1.495,-2.208578644));
#6963=LINE('',#6964,#6965);
#6964=CARTESIAN_POINT('',(3.591421356,1.495,-2.208578644));
#6965=VECTOR('',#6966,1.0);
#6966=DIRECTION('',(0.0,-1.0,0.0));
#6967=ORIENTED_EDGE('',*,*,#6968,.T.);
#6968=EDGE_CURVE('',#6961,#6930,#6969,.T.);
#6969=CIRCLE('',#6970,0.2);
#6970=AXIS2_PLACEMENT_3D('',#6971,#6972,#6973);
#6971=CARTESIAN_POINT('',(3.45,1.495,-2.067157288));
#6972=DIRECTION('',(0.0,-1.0,0.0));
#6973=DIRECTION('',(0.707106781,0.0,-0.707106781));
#6974=ORIENTED_EDGE('',*,*,#6927,.F.);
#6975=ORIENTED_EDGE('',*,*,#6976,.T.);
#6976=EDGE_CURVE('',#6928,#6959,#6977,.F.);
#6977=CIRCLE('',#6978,0.2);
#6978=AXIS2_PLACEMENT_3D('',#6979,#6980,#6981);
#6979=CARTESIAN_POINT('',(3.45,1.45,-2.067157288));
#6980=DIRECTION('',(0.0,-1.0,0.0));
#6981=DIRECTION('',(0.707106781,0.0,-0.707106781));
#6982=CYLINDRICAL_SURFACE('',#6983,0.2);
#6983=AXIS2_PLACEMENT_3D('',#6984,#6985,#6986);
#6984=CARTESIAN_POINT('',(3.45,1.50032109,-2.067157288));
#6985=DIRECTION('',(0.0,1.0,0.0));
#6986=DIRECTION('',(0.707106781,0.0,-0.707106781));
#6987=ADVANCED_FACE('',(#6988),#7013,.T.);
#6988=FACE_BOUND('',#6989,.T.);
#6989=EDGE_LOOP('',(#6990,#7000,#7006,#7007));
#6990=ORIENTED_EDGE('',*,*,#6991,.T.);
#6991=EDGE_CURVE('',#6992,#6994,#6996,.F.);
#6992=VERTEX_POINT('',#6993);
#6993=CARTESIAN_POINT('',(3.008578644,1.45,-2.791421356));
#6994=VERTEX_POINT('',#6995);
#6995=CARTESIAN_POINT('',(3.008578644,1.495,-2.791421356));
#6996=LINE('',#6997,#6998);
#6997=CARTESIAN_POINT('',(3.008578644,1.495,-2.791421356));
#6998=VECTOR('',#6999,1.0);
#6999=DIRECTION('',(0.0,-1.0,0.0));
#7000=ORIENTED_EDGE('',*,*,#7001,.T.);
#7001=EDGE_CURVE('',#6994,#6961,#7002,.T.);
#7002=LINE('',#7003,#7004);
#7003=CARTESIAN_POINT('',(3.008578644,1.495,-2.791421356));
#7004=VECTOR('',#7005,1.0);
#7005=DIRECTION('',(0.707106781,0.0,0.707106781));
#7006=ORIENTED_EDGE('',*,*,#6958,.F.);
#7007=ORIENTED_EDGE('',*,*,#7008,.T.);
#7008=EDGE_CURVE('',#6959,#6992,#7009,.T.);
#7009=LINE('',#7010,#7011);
#7010=CARTESIAN_POINT('',(3.591421356,1.45,-2.208578644));
#7011=VECTOR('',#7012,1.0);
#7012=DIRECTION('',(-0.707106781,0.0,-0.707106781));
#7013=PLANE('',#7014);
#7014=AXIS2_PLACEMENT_3D('',#7015,#7016,#7017);
#7015=CARTESIAN_POINT('',(3.3,1.4725,-2.5));
#7016=DIRECTION('',(0.707106781,0.0,-0.707106781));
#7017=DIRECTION('',(0.0,-1.0,0.0));
#7018=ADVANCED_FACE('',(#7019),#7046,.T.);
#7019=FACE_BOUND('',#7020,.T.);
#7020=EDGE_LOOP('',(#7021,#7031,#7038,#7039));
#7021=ORIENTED_EDGE('',*,*,#7022,.T.);
#7022=EDGE_CURVE('',#7023,#7025,#7027,.F.);
#7023=VERTEX_POINT('',#7024);
#7024=CARTESIAN_POINT('',(2.867157288,1.45,-2.85));
#7025=VERTEX_POINT('',#7026);
#7026=CARTESIAN_POINT('',(2.867157288,1.495,-2.85));
#7027=LINE('',#7028,#7029);
#7028=CARTESIAN_POINT('',(2.867157288,1.495,-2.85));
#7029=VECTOR('',#7030,1.0);
#7030=DIRECTION('',(0.0,-1.0,0.0));
#7031=ORIENTED_EDGE('',*,*,#7032,.T.);
#7032=EDGE_CURVE('',#7025,#6994,#7033,.T.);
#7033=CIRCLE('',#7034,0.2);
#7034=AXIS2_PLACEMENT_3D('',#7035,#7036,#7037);
#7035=CARTESIAN_POINT('',(2.867157288,1.495,-2.65));
#7036=DIRECTION('',(0.0,-1.0,0.0));
#7037=DIRECTION('',(0.0,0.0,-1.0));
#7038=ORIENTED_EDGE('',*,*,#6991,.F.);
#7039=ORIENTED_EDGE('',*,*,#7040,.T.);
#7040=EDGE_CURVE('',#6992,#7023,#7041,.F.);
#7041=CIRCLE('',#7042,0.2);
#7042=AXIS2_PLACEMENT_3D('',#7043,#7044,#7045);
#7043=CARTESIAN_POINT('',(2.867157288,1.45,-2.65));
#7044=DIRECTION('',(0.0,-1.0,0.0));
#7045=DIRECTION('',(0.0,0.0,-1.0));
#7046=CYLINDRICAL_SURFACE('',#7047,0.2);
#7047=AXIS2_PLACEMENT_3D('',#7048,#7049,#7050);
#7048=CARTESIAN_POINT('',(2.867157288,1.50032109,-2.65));
#7049=DIRECTION('',(0.0,1.0,0.0));
#7050=DIRECTION('',(0.0,0.0,-1.0));
#7051=ADVANCED_FACE('',(#7052),#7077,.F.);
#7052=FACE_BOUND('',#7053,.T.);
#7053=EDGE_LOOP('',(#7054,#7064,#7070,#7071));
#7054=ORIENTED_EDGE('',*,*,#7055,.T.);
#7055=EDGE_CURVE('',#7056,#7058,#7060,.F.);
#7056=VERTEX_POINT('',#7057);
#7057=CARTESIAN_POINT('',(1.732842712,1.45,-2.85));
#7058=VERTEX_POINT('',#7059);
#7059=CARTESIAN_POINT('',(1.732842712,1.495,-2.85));
#7060=LINE('',#7061,#7062);
#7061=CARTESIAN_POINT('',(1.732842712,1.495,-2.85));
#7062=VECTOR('',#7063,1.0);
#7063=DIRECTION('',(0.0,-1.0,0.0));
#7064=ORIENTED_EDGE('',*,*,#7065,.T.);
#7065=EDGE_CURVE('',#7058,#7025,#7066,.T.);
#7066=LINE('',#7067,#7068);
#7067=CARTESIAN_POINT('',(1.732842712,1.495,-2.85));
#7068=VECTOR('',#7069,1.0);
#7069=DIRECTION('',(1.0,0.0,0.0));
#7070=ORIENTED_EDGE('',*,*,#7022,.F.);
#7071=ORIENTED_EDGE('',*,*,#7072,.T.);
#7072=EDGE_CURVE('',#7023,#7056,#7073,.T.);
#7073=LINE('',#7074,#7075);
#7074=CARTESIAN_POINT('',(2.867157288,1.45,-2.85));
#7075=VECTOR('',#7076,1.0);
#7076=DIRECTION('',(-1.0,0.0,0.0));
#7077=PLANE('',#7078);
#7078=AXIS2_PLACEMENT_3D('',#7079,#7080,#7081);
#7079=CARTESIAN_POINT('',(2.3,1.4725,-2.85));
#7080=DIRECTION('',(0.0,0.0,1.0));
#7081=DIRECTION('',(1.0,0.0,0.0));
#7082=ADVANCED_FACE('',(#7083),#7110,.T.);
#7083=FACE_BOUND('',#7084,.T.);
#7084=EDGE_LOOP('',(#7085,#7095,#7102,#7103));
#7085=ORIENTED_EDGE('',*,*,#7086,.T.);
#7086=EDGE_CURVE('',#7087,#7089,#7091,.F.);
#7087=VERTEX_POINT('',#7088);
#7088=CARTESIAN_POINT('',(1.591421356,1.45,-2.791421356));
#7089=VERTEX_POINT('',#7090);
#7090=CARTESIAN_POINT('',(1.591421356,1.495,-2.791421356));
#7091=LINE('',#7092,#7093);
#7092=CARTESIAN_POINT('',(1.591421356,1.495,-2.791421356));
#7093=VECTOR('',#7094,1.0);
#7094=DIRECTION('',(0.0,-1.0,0.0));
#7095=ORIENTED_EDGE('',*,*,#7096,.T.);
#7096=EDGE_CURVE('',#7089,#7058,#7097,.T.);
#7097=CIRCLE('',#7098,0.2);
#7098=AXIS2_PLACEMENT_3D('',#7099,#7100,#7101);
#7099=CARTESIAN_POINT('',(1.732842712,1.495,-2.65));
#7100=DIRECTION('',(0.0,-1.0,0.0));
#7101=DIRECTION('',(-0.707106781,0.0,-0.707106781));
#7102=ORIENTED_EDGE('',*,*,#7055,.F.);
#7103=ORIENTED_EDGE('',*,*,#7104,.T.);
#7104=EDGE_CURVE('',#7056,#7087,#7105,.F.);
#7105=CIRCLE('',#7106,0.2);
#7106=AXIS2_PLACEMENT_3D('',#7107,#7108,#7109);
#7107=CARTESIAN_POINT('',(1.732842712,1.45,-2.65));
#7108=DIRECTION('',(0.0,-1.0,0.0));
#7109=DIRECTION('',(-0.707106781,0.0,-0.707106781));
#7110=CYLINDRICAL_SURFACE('',#7111,0.2);
#7111=AXIS2_PLACEMENT_3D('',#7112,#7113,#7114);
#7112=CARTESIAN_POINT('',(1.732842712,1.50032109,-2.65));
#7113=DIRECTION('',(0.0,1.0,0.0));
#7114=DIRECTION('',(-0.707106781,0.0,-0.707106781));
#7115=ADVANCED_FACE('',(#7116),#7141,.F.);
#7116=FACE_BOUND('',#7117,.T.);
#7117=EDGE_LOOP('',(#7118,#7128,#7134,#7135));
#7118=ORIENTED_EDGE('',*,*,#7119,.T.);
#7119=EDGE_CURVE('',#7120,#7122,#7124,.F.);
#7120=VERTEX_POINT('',#7121);
#7121=CARTESIAN_POINT('',(1.008578644,1.45,-2.208578644));
#7122=VERTEX_POINT('',#7123);
#7123=CARTESIAN_POINT('',(1.008578644,1.495,-2.208578644));
#7124=LINE('',#7125,#7126);
#7125=CARTESIAN_POINT('',(1.008578644,1.495,-2.208578644));
#7126=VECTOR('',#7127,1.0);
#7127=DIRECTION('',(0.0,-1.0,0.0));
#7128=ORIENTED_EDGE('',*,*,#7129,.T.);
#7129=EDGE_CURVE('',#7122,#7089,#7130,.T.);
#7130=LINE('',#7131,#7132);
#7131=CARTESIAN_POINT('',(1.008578644,1.495,-2.208578644));
#7132=VECTOR('',#7133,1.0);
#7133=DIRECTION('',(0.707106781,0.0,-0.707106781));
#7134=ORIENTED_EDGE('',*,*,#7086,.F.);
#7135=ORIENTED_EDGE('',*,*,#7136,.T.);
#7136=EDGE_CURVE('',#7087,#7120,#7137,.T.);
#7137=LINE('',#7138,#7139);
#7138=CARTESIAN_POINT('',(1.591421356,1.45,-2.791421356));
#7139=VECTOR('',#7140,1.0);
#7140=DIRECTION('',(-0.707106781,0.0,0.707106781));
#7141=PLANE('',#7142);
#7142=AXIS2_PLACEMENT_3D('',#7143,#7144,#7145);
#7143=CARTESIAN_POINT('',(1.3,1.4725,-2.5));
#7144=DIRECTION('',(0.707106781,0.0,0.707106781));
#7145=DIRECTION('',(0.0,-1.0,0.0));
#7146=ADVANCED_FACE('',(#7147),#7174,.T.);
#7147=FACE_BOUND('',#7148,.T.);
#7148=EDGE_LOOP('',(#7149,#7159,#7166,#7167));
#7149=ORIENTED_EDGE('',*,*,#7150,.T.);
#7150=EDGE_CURVE('',#7151,#7153,#7155,.F.);
#7151=VERTEX_POINT('',#7152);
#7152=CARTESIAN_POINT('',(0.95,1.45,-2.067157288));
#7153=VERTEX_POINT('',#7154);
#7154=CARTESIAN_POINT('',(0.95,1.495,-2.067157288));
#7155=LINE('',#7156,#7157);
#7156=CARTESIAN_POINT('',(0.95,1.495,-2.067157288));
#7157=VECTOR('',#7158,1.0);
#7158=DIRECTION('',(0.0,-1.0,0.0));
#7159=ORIENTED_EDGE('',*,*,#7160,.T.);
#7160=EDGE_CURVE('',#7153,#7122,#7161,.T.);
#7161=CIRCLE('',#7162,0.2);
#7162=AXIS2_PLACEMENT_3D('',#7163,#7164,#7165);
#7163=CARTESIAN_POINT('',(1.15,1.495,-2.067157288));
#7164=DIRECTION('',(0.0,-1.0,0.0));
#7165=DIRECTION('',(-1.0,0.0,0.0));
#7166=ORIENTED_EDGE('',*,*,#7119,.F.);
#7167=ORIENTED_EDGE('',*,*,#7168,.T.);
#7168=EDGE_CURVE('',#7120,#7151,#7169,.F.);
#7169=CIRCLE('',#7170,0.2);
#7170=AXIS2_PLACEMENT_3D('',#7171,#7172,#7173);
#7171=CARTESIAN_POINT('',(1.15,1.45,-2.067157288));
#7172=DIRECTION('',(0.0,-1.0,0.0));
#7173=DIRECTION('',(-1.0,0.0,0.0));
#7174=CYLINDRICAL_SURFACE('',#7175,0.2);
#7175=AXIS2_PLACEMENT_3D('',#7176,#7177,#7178);
#7176=CARTESIAN_POINT('',(1.15,1.50032109,-2.067157288));
#7177=DIRECTION('',(0.0,1.0,0.0));
#7178=DIRECTION('',(-1.0,0.0,0.0));
#7179=ADVANCED_FACE('',(#7180),#7205,.F.);
#7180=FACE_BOUND('',#7181,.T.);
#7181=EDGE_LOOP('',(#7182,#7192,#7198,#7199));
#7182=ORIENTED_EDGE('',*,*,#7183,.T.);
#7183=EDGE_CURVE('',#7184,#7186,#7188,.F.);
#7184=VERTEX_POINT('',#7185);
#7185=CARTESIAN_POINT('',(0.95,1.45,-1.95));
#7186=VERTEX_POINT('',#7187);
#7187=CARTESIAN_POINT('',(0.95,1.495,-1.95));
#7188=LINE('',#7189,#7190);
#7189=CARTESIAN_POINT('',(0.95,1.495,-1.95));
#7190=VECTOR('',#7191,1.0);
#7191=DIRECTION('',(0.0,-1.0,0.0));
#7192=ORIENTED_EDGE('',*,*,#7193,.T.);
#7193=EDGE_CURVE('',#7186,#7153,#7194,.T.);
#7194=LINE('',#7195,#7196);
#7195=CARTESIAN_POINT('',(0.95,1.495,-1.95));
#7196=VECTOR('',#7197,1.0);
#7197=DIRECTION('',(0.0,0.0,-1.0));
#7198=ORIENTED_EDGE('',*,*,#7150,.F.);
#7199=ORIENTED_EDGE('',*,*,#7200,.T.);
#7200=EDGE_CURVE('',#7151,#7184,#7201,.T.);
#7201=LINE('',#7202,#7203);
#7202=CARTESIAN_POINT('',(0.95,1.45,-2.067157288));
#7203=VECTOR('',#7204,1.0);
#7204=DIRECTION('',(0.0,0.0,1.0));
#7205=PLANE('',#7206);
#7206=AXIS2_PLACEMENT_3D('',#7207,#7208,#7209);
#7207=CARTESIAN_POINT('',(0.95,1.4725,-2.008578644));
#7208=DIRECTION('',(1.0,0.0,0.0));
#7209=DIRECTION('',(0.0,1.0,0.0));
#7210=ADVANCED_FACE('',(#7211),#7238,.F.);
#7211=FACE_BOUND('',#7212,.T.);
#7212=EDGE_LOOP('',(#7213,#7222,#7223,#7230,#7231));
#7213=ORIENTED_EDGE('',*,*,#7214,.T.);
#7214=EDGE_CURVE('',#7215,#6358,#7217,.T.);
#7215=VERTEX_POINT('',#7216);
#7216=CARTESIAN_POINT('',(0.933623965,1.45,-1.895163585));
#7217=CIRCLE('',#7218,0.1);
#7218=AXIS2_PLACEMENT_3D('',#7219,#7220,#7221);
#7219=CARTESIAN_POINT('',(0.85,1.45,-1.95));
#7220=DIRECTION('',(0.0,-1.0,0.0));
#7221=DIRECTION('',(0.836239652,0.0,0.548364154));
#7222=ORIENTED_EDGE('',*,*,#6357,.F.);
#7223=ORIENTED_EDGE('',*,*,#7224,.T.);
#7224=EDGE_CURVE('',#6349,#7186,#7225,.T.);
#7225=CIRCLE('',#7226,0.1);
#7226=AXIS2_PLACEMENT_3D('',#7227,#7228,#7229);
#7227=CARTESIAN_POINT('',(0.85,1.495,-1.95));
#7228=DIRECTION('',(0.0,1.0,0.0));
#7229=DIRECTION('',(0.5,0.0,0.866025404));
#7230=ORIENTED_EDGE('',*,*,#7183,.F.);
#7231=ORIENTED_EDGE('',*,*,#7232,.T.);
#7232=EDGE_CURVE('',#7184,#7215,#7233,.F.);
#7233=CIRCLE('',#7234,0.1);
#7234=AXIS2_PLACEMENT_3D('',#7235,#7236,#7237);
#7235=CARTESIAN_POINT('',(0.85,1.45,-1.95));
#7236=DIRECTION('',(0.0,1.0,0.0));
#7237=DIRECTION('',(0.836239652,0.0,0.548364154));
#7238=CYLINDRICAL_SURFACE('',#7239,0.1);
#7239=AXIS2_PLACEMENT_3D('',#7240,#7241,#7242);
#7240=CARTESIAN_POINT('',(0.85,1.44467891,-1.95));
#7241=DIRECTION('',(0.0,-1.0,0.0));
#7242=DIRECTION('',(0.0,0.0,1.0));
#7243=ADVANCED_FACE('',(#7244),#7268,.T.);
#7244=FACE_BOUND('',#7245,.T.);
#7245=EDGE_LOOP('',(#7246,#7252,#7253,#7254,#7262));
#7246=ORIENTED_EDGE('',*,*,#7247,.T.);
#7247=EDGE_CURVE('',#7215,#6460,#7248,.T.);
#7248=LINE('',#7249,#7250);
#7249=CARTESIAN_POINT('',(0.933623965,1.45,-1.895163585));
#7250=VECTOR('',#7251,1.0);
#7251=DIRECTION('',(-1.0,0.0,0.0));
#7252=ORIENTED_EDGE('',*,*,#6459,.F.);
#7253=ORIENTED_EDGE('',*,*,#3625,.F.);
#7254=ORIENTED_EDGE('',*,*,#7255,.T.);
#7255=EDGE_CURVE('',#3617,#7256,#7258,.F.);
#7256=VERTEX_POINT('',#7257);
#7257=CARTESIAN_POINT('',(1.012217283,1.45,-1.895163585));
#7258=LINE('',#7259,#7260);
#7259=CARTESIAN_POINT('',(1.012217283,1.45,-1.895163585));
#7260=VECTOR('',#7261,1.0);
#7261=DIRECTION('',(0.0,-1.0,0.0));
#7262=ORIENTED_EDGE('',*,*,#7263,.T.);
#7263=EDGE_CURVE('',#7256,#7215,#7264,.T.);
#7264=LINE('',#7265,#7266);
#7265=CARTESIAN_POINT('',(1.012217283,1.45,-1.895163585));
#7266=VECTOR('',#7267,1.0);
#7267=DIRECTION('',(-1.0,0.0,0.0));
#7268=PLANE('',#7269);
#7269=AXIS2_PLACEMENT_3D('',#7270,#7271,#7272);
#7270=CARTESIAN_POINT('',(0.956108642,1.375,-1.895163585));
#7271=DIRECTION('',(0.0,0.0,1.0));
#7272=DIRECTION('',(1.0,0.0,0.0));
#7273=ADVANCED_FACE('',(#7274),#7317,.F.);
#7274=FACE_BOUND('',#7275,.T.);
#7275=EDGE_LOOP('',(#7276,#7284,#7285,#7293,#7301,#7310));
#7276=ORIENTED_EDGE('',*,*,#7277,.T.);
#7277=EDGE_CURVE('',#7278,#6232,#7280,.F.);
#7278=VERTEX_POINT('',#7279);
#7279=CARTESIAN_POINT('',(3.85,1.473205081,-2.9));
#7280=LINE('',#7281,#7282);
#7281=CARTESIAN_POINT('',(3.85,1.74,-2.9));
#7282=VECTOR('',#7283,1.0);
#7283=DIRECTION('',(0.0,-1.0,0.0));
#7284=ORIENTED_EDGE('',*,*,#6316,.F.);
#7285=ORIENTED_EDGE('',*,*,#7286,.T.);
#7286=EDGE_CURVE('',#6309,#7287,#7289,.T.);
#7287=VERTEX_POINT('',#7288);
#7288=CARTESIAN_POINT('',(3.9,1.2,-2.9));
#7289=LINE('',#7290,#7291);
#7290=CARTESIAN_POINT('',(3.9,1.74,-2.9));
#7291=VECTOR('',#7292,1.0);
#7292=DIRECTION('',(0.0,-1.0,0.0));
#7293=ORIENTED_EDGE('',*,*,#7294,.T.);
#7294=EDGE_CURVE('',#7287,#7295,#7297,.T.);
#7295=VERTEX_POINT('',#7296);
#7296=CARTESIAN_POINT('',(3.85,1.2,-2.9));
#7297=LINE('',#7298,#7299);
#7298=CARTESIAN_POINT('',(3.9,1.2,-2.9));
#7299=VECTOR('',#7300,1.0);
#7300=DIRECTION('',(-1.0,0.0,0.0));
#7301=ORIENTED_EDGE('',*,*,#7302,.T.);
#7302=EDGE_CURVE('',#7295,#7303,#7305,.F.);
#7303=VERTEX_POINT('',#7304);
#7304=CARTESIAN_POINT('',(3.8,1.38660254,-2.9));
#7305=CIRCLE('',#7306,0.1);
#7306=AXIS2_PLACEMENT_3D('',#7307,#7308,#7309);
#7307=CARTESIAN_POINT('',(3.85,1.3,-2.9));
#7308=DIRECTION('',(0.0,0.0,1.0));
#7309=DIRECTION('',(-0.5,0.866025404,0.0));
#7310=ORIENTED_EDGE('',*,*,#7311,.T.);
#7311=EDGE_CURVE('',#7303,#7278,#7312,.F.);
#7312=CIRCLE('',#7313,0.1);
#7313=AXIS2_PLACEMENT_3D('',#7314,#7315,#7316);
#7314=CARTESIAN_POINT('',(3.75,1.473205081,-2.9));
#7315=DIRECTION('',(0.0,0.0,-1.0));
#7316=DIRECTION('',(1.0,0.0,0.0));
#7317=PLANE('',#7318);
#7318=AXIS2_PLACEMENT_3D('',#7319,#7320,#7321);
#7319=CARTESIAN_POINT('',(2.3,0.87,-2.9));
#7320=DIRECTION('',(0.0,0.0,1.0));
#7321=DIRECTION('',(1.0,0.0,0.0));
#7322=ADVANCED_FACE('',(#7323),#7338,.F.);
#7323=FACE_BOUND('',#7324,.T.);
#7324=EDGE_LOOP('',(#7325,#7326,#7327,#7332));
#7325=ORIENTED_EDGE('',*,*,#7286,.F.);
#7326=ORIENTED_EDGE('',*,*,#6308,.F.);
#7327=ORIENTED_EDGE('',*,*,#7328,.T.);
#7328=EDGE_CURVE('',#6301,#5674,#7329,.F.);
#7329=B_SPLINE_CURVE_WITH_KNOTS('',1,(#7330,#7331),.UNSPECIFIED.,.F.,.U.,(2,2),(0.0,1.0),.PIECEWISE_BEZIER_KNOTS.);
#7330=CARTESIAN_POINT('',(3.899887522,1.19999962,-3.0));
#7331=CARTESIAN_POINT('',(3.9,1.5,-3.0));
#7332=ORIENTED_EDGE('',*,*,#7333,.T.);
#7333=EDGE_CURVE('',#5674,#7287,#7334,.T.);
#7334=LINE('',#7335,#7336);
#7335=CARTESIAN_POINT('',(3.9,1.2,-2.95));
#7336=VECTOR('',#7337,1.0);
#7337=DIRECTION('',(0.0,0.0,1.0));
#7338=PLANE('',#7339);
#7339=AXIS2_PLACEMENT_3D('',#7340,#7341,#7342);
#7340=CARTESIAN_POINT('',(3.9,1.47,-2.95));
#7341=DIRECTION('',(1.0,0.0,0.0));
#7342=DIRECTION('',(0.0,1.0,0.0));
#7343=ADVANCED_FACE('',(#7344),#7363,.F.);
#7344=FACE_BOUND('',#7345,.T.);
#7345=EDGE_LOOP('',(#7346,#7347,#7355,#7361,#7362));
#7346=ORIENTED_EDGE('',*,*,#6300,.F.);
#7347=ORIENTED_EDGE('',*,*,#7348,.T.);
#7348=EDGE_CURVE('',#6293,#7349,#7351,.F.);
#7349=VERTEX_POINT('',#7350);
#7350=CARTESIAN_POINT('',(4.6,1.3,-3.0));
#7351=LINE('',#7352,#7353);
#7352=CARTESIAN_POINT('',(4.6,1.3,-3.0));
#7353=VECTOR('',#7354,1.0);
#7354=DIRECTION('',(0.0,1.0,0.0));
#7355=ORIENTED_EDGE('',*,*,#7356,.T.);
#7356=EDGE_CURVE('',#7349,#5683,#7357,.F.);
#7357=LINE('',#7358,#7359);
#7358=CARTESIAN_POINT('',(4.5,1.2,-3.0));
#7359=VECTOR('',#7360,1.0);
#7360=DIRECTION('',(0.707106781,0.707106781,0.0));
#7361=ORIENTED_EDGE('',*,*,#5682,.F.);
#7362=ORIENTED_EDGE('',*,*,#7328,.F.);
#7363=PLANE('',#7364);
#7364=AXIS2_PLACEMENT_3D('',#7365,#7366,#7367);
#7365=CARTESIAN_POINT('',(4.25,1.35,-3.0));
#7366=DIRECTION('',(0.0,0.0,1.0));
#7367=DIRECTION('',(1.0,0.0,0.0));
#7368=ADVANCED_FACE('',(#7369),#7380,.T.);
#7369=FACE_BOUND('',#7370,.T.);
#7370=EDGE_LOOP('',(#7371,#7372,#7378,#7379));
#7371=ORIENTED_EDGE('',*,*,#5738,.F.);
#7372=ORIENTED_EDGE('',*,*,#7373,.T.);
#7373=EDGE_CURVE('',#5731,#5787,#7374,.T.);
#7374=LINE('',#7375,#7376);
#7375=CARTESIAN_POINT('',(4.259035283,1.1,-2.75));
#7376=VECTOR('',#7377,1.0);
#7377=DIRECTION('',(0.409647165,0.0,-0.912244046));
#7378=ORIENTED_EDGE('',*,*,#5786,.F.);
#7379=ORIENTED_EDGE('',*,*,#5657,.F.);
#7380=CYLINDRICAL_SURFACE('',#7381,0.1);
#7381=AXIS2_PLACEMENT_3D('',#7382,#7383,#7384);
#7382=CARTESIAN_POINT('',(4.164792317,1.1,-2.784242676));
#7383=DIRECTION('',(-0.409647165,-2.205791639E-25,0.912244046));
#7384=DIRECTION('',(-9.035962921E-26,1.0,2.012220291E-25));
#7385=ADVANCED_FACE('',(#7386),#7392,.T.);
#7386=FACE_BOUND('',#7387,.T.);
#7387=EDGE_LOOP('',(#7388,#7389,#7390,#7391));
#7388=ORIENTED_EDGE('',*,*,#5795,.F.);
#7389=ORIENTED_EDGE('',*,*,#7373,.F.);
#7390=ORIENTED_EDGE('',*,*,#5730,.F.);
#7391=ORIENTED_EDGE('',*,*,#5771,.F.);
#7392=PLANE('',#7393);
#7393=AXIS2_PLACEMENT_3D('',#7394,#7395,#7396);
#7394=CARTESIAN_POINT('',(4.279517642,1.0,-2.795612202));
#7395=DIRECTION('',(0.912244046,0.0,0.409647165));
#7396=DIRECTION('',(0.0,-1.0,0.0));
#7397=ADVANCED_FACE('',(#7398),#7414,.T.);
#7398=FACE_BOUND('',#7399,.T.);
#7399=EDGE_LOOP('',(#7400,#7406,#7407,#7413));
#7400=ORIENTED_EDGE('',*,*,#7401,.T.);
#7401=EDGE_CURVE('',#6158,#1126,#7402,.T.);
#7402=LINE('',#7403,#7404);
#7403=CARTESIAN_POINT('',(1.86,2.1,-0.5));
#7404=VECTOR('',#7405,1.0);
#7405=DIRECTION('',(0.0,-1.0,0.0));
#7406=ORIENTED_EDGE('',*,*,#1233,.F.);
#7407=ORIENTED_EDGE('',*,*,#7408,.T.);
#7408=EDGE_CURVE('',#1225,#6059,#7409,.T.);
#7409=LINE('',#7410,#7411);
#7410=CARTESIAN_POINT('',(2.74,1.75,-0.5));
#7411=VECTOR('',#7412,1.0);
#7412=DIRECTION('',(0.0,1.0,0.0));
#7413=ORIENTED_EDGE('',*,*,#6166,.F.);
#7414=PLANE('',#7415);
#7415=AXIS2_PLACEMENT_3D('',#7416,#7417,#7418);
#7416=CARTESIAN_POINT('',(2.3,1.925,-0.5));
#7417=DIRECTION('',(0.0,0.0,1.0));
#7418=DIRECTION('',(1.0,0.0,0.0));
#7419=ADVANCED_FACE('',(#7420),#7431,.F.);
#7420=FACE_BOUND('',#7421,.T.);
#7421=EDGE_LOOP('',(#7422,#7428,#7429,#7430));
#7422=ORIENTED_EDGE('',*,*,#7423,.T.);
#7423=EDGE_CURVE('',#6150,#1128,#7424,.T.);
#7424=LINE('',#7425,#7426);
#7425=CARTESIAN_POINT('',(1.8,2.1,-0.44));
#7426=VECTOR('',#7427,1.0);
#7427=DIRECTION('',(0.0,-1.0,0.0));
#7428=ORIENTED_EDGE('',*,*,#1125,.F.);
#7429=ORIENTED_EDGE('',*,*,#7401,.F.);
#7430=ORIENTED_EDGE('',*,*,#6157,.F.);
#7431=CYLINDRICAL_SURFACE('',#7432,0.06);
#7432=AXIS2_PLACEMENT_3D('',#7433,#7434,#7435);
#7433=CARTESIAN_POINT('',(1.86,2.107,-0.44));
#7434=DIRECTION('',(0.0,1.0,0.0));
#7435=DIRECTION('',(-1.0,0.0,0.0));
#7436=ADVANCED_FACE('',(#7437),#7448,.T.);
#7437=FACE_BOUND('',#7438,.T.);
#7438=EDGE_LOOP('',(#7439,#7445,#7446,#7447));
#7439=ORIENTED_EDGE('',*,*,#7440,.T.);
#7440=EDGE_CURVE('',#6142,#1137,#7441,.T.);
#7441=LINE('',#7442,#7443);
#7442=CARTESIAN_POINT('',(1.8,2.1,-0.3));
#7443=VECTOR('',#7444,1.0);
#7444=DIRECTION('',(0.0,-1.0,0.0));
#7445=ORIENTED_EDGE('',*,*,#1136,.F.);
#7446=ORIENTED_EDGE('',*,*,#7423,.F.);
#7447=ORIENTED_EDGE('',*,*,#6149,.F.);
#7448=PLANE('',#7449);
#7449=AXIS2_PLACEMENT_3D('',#7450,#7451,#7452);
#7450=CARTESIAN_POINT('',(1.8,1.925,-0.37));
#7451=DIRECTION('',(1.0,0.0,0.0));
#7452=DIRECTION('',(0.0,1.0,0.0));
#7453=ADVANCED_FACE('',(#7454),#7465,.T.);
#7454=FACE_BOUND('',#7455,.T.);
#7455=EDGE_LOOP('',(#7456,#7462,#7463,#7464));
#7456=ORIENTED_EDGE('',*,*,#7457,.T.);
#7457=EDGE_CURVE('',#6134,#1145,#7458,.T.);
#7458=LINE('',#7459,#7460);
#7459=CARTESIAN_POINT('',(1.45,2.1,-0.3));
#7460=VECTOR('',#7461,1.0);
#7461=DIRECTION('',(0.0,-1.0,0.0));
#7462=ORIENTED_EDGE('',*,*,#1144,.F.);
#7463=ORIENTED_EDGE('',*,*,#7440,.F.);
#7464=ORIENTED_EDGE('',*,*,#6141,.F.);
#7465=PLANE('',#7466);
#7466=AXIS2_PLACEMENT_3D('',#7467,#7468,#7469);
#7467=CARTESIAN_POINT('',(1.625,1.925,-0.3));
#7468=DIRECTION('',(0.0,0.0,1.0));
#7469=DIRECTION('',(1.0,0.0,0.0));
#7470=ADVANCED_FACE('',(#7471),#7482,.F.);
#7471=FACE_BOUND('',#7472,.T.);
#7472=EDGE_LOOP('',(#7473,#7479,#7480,#7481));
#7473=ORIENTED_EDGE('',*,*,#7474,.T.);
#7474=EDGE_CURVE('',#6126,#1153,#7475,.T.);
#7475=LINE('',#7476,#7477);
#7476=CARTESIAN_POINT('',(0.95,2.1,-0.8));
#7477=VECTOR('',#7478,1.0);
#7478=DIRECTION('',(0.0,-1.0,0.0));
#7479=ORIENTED_EDGE('',*,*,#1152,.F.);
#7480=ORIENTED_EDGE('',*,*,#7457,.F.);
#7481=ORIENTED_EDGE('',*,*,#6133,.F.);
#7482=PLANE('',#7483);
#7483=AXIS2_PLACEMENT_3D('',#7484,#7485,#7486);
#7484=CARTESIAN_POINT('',(1.2,1.925,-0.55));
#7485=DIRECTION('',(0.707106781,0.0,-0.707106781));
#7486=DIRECTION('',(0.0,-1.0,0.0));
#7487=ADVANCED_FACE('',(#7488),#7499,.F.);
#7488=FACE_BOUND('',#7489,.T.);
#7489=EDGE_LOOP('',(#7490,#7496,#7497,#7498));
#7490=ORIENTED_EDGE('',*,*,#7491,.T.);
#7491=EDGE_CURVE('',#6118,#1161,#7492,.T.);
#7492=LINE('',#7493,#7494);
#7493=CARTESIAN_POINT('',(0.95,2.1,-2.2));
#7494=VECTOR('',#7495,1.0);
#7495=DIRECTION('',(0.0,-1.0,0.0));
#7496=ORIENTED_EDGE('',*,*,#1160,.F.);
#7497=ORIENTED_EDGE('',*,*,#7474,.F.);
#7498=ORIENTED_EDGE('',*,*,#6125,.F.);
#7499=PLANE('',#7500);
#7500=AXIS2_PLACEMENT_3D('',#7501,#7502,#7503);
#7501=CARTESIAN_POINT('',(0.95,1.925,-1.5));
#7502=DIRECTION('',(1.0,0.0,0.0));
#7503=DIRECTION('',(0.0,1.0,0.0));
#7504=ADVANCED_FACE('',(#7505),#7516,.F.);
#7505=FACE_BOUND('',#7506,.T.);
#7506=EDGE_LOOP('',(#7507,#7513,#7514,#7515));
#7507=ORIENTED_EDGE('',*,*,#7508,.T.);
#7508=EDGE_CURVE('',#6110,#1169,#7509,.T.);
#7509=LINE('',#7510,#7511);
#7510=CARTESIAN_POINT('',(1.45,2.1,-2.7));
#7511=VECTOR('',#7512,1.0);
#7512=DIRECTION('',(0.0,-1.0,0.0));
#7513=ORIENTED_EDGE('',*,*,#1168,.F.);
#7514=ORIENTED_EDGE('',*,*,#7491,.F.);
#7515=ORIENTED_EDGE('',*,*,#6117,.F.);
#7516=PLANE('',#7517);
#7517=AXIS2_PLACEMENT_3D('',#7518,#7519,#7520);
#7518=CARTESIAN_POINT('',(1.2,1.925,-2.45));
#7519=DIRECTION('',(0.707106781,0.0,0.707106781));
#7520=DIRECTION('',(0.0,-1.0,0.0));
#7521=ADVANCED_FACE('',(#7522),#7533,.F.);
#7522=FACE_BOUND('',#7523,.T.);
#7523=EDGE_LOOP('',(#7524,#7530,#7531,#7532));
#7524=ORIENTED_EDGE('',*,*,#7525,.T.);
#7525=EDGE_CURVE('',#6102,#1177,#7526,.T.);
#7526=LINE('',#7527,#7528);
#7527=CARTESIAN_POINT('',(3.15,2.1,-2.7));
#7528=VECTOR('',#7529,1.0);
#7529=DIRECTION('',(0.0,-1.0,0.0));
#7530=ORIENTED_EDGE('',*,*,#1176,.F.);
#7531=ORIENTED_EDGE('',*,*,#7508,.F.);
#7532=ORIENTED_EDGE('',*,*,#6109,.F.);
#7533=PLANE('',#7534);
#7534=AXIS2_PLACEMENT_3D('',#7535,#7536,#7537);
#7535=CARTESIAN_POINT('',(2.3,1.925,-2.7));
#7536=DIRECTION('',(0.0,0.0,1.0));
#7537=DIRECTION('',(1.0,0.0,0.0));
#7538=ADVANCED_FACE('',(#7539),#7551,.T.);
#7539=FACE_BOUND('',#7540,.T.);
#7540=EDGE_LOOP('',(#7541,#7547,#7548,#7549,#7550));
#7541=ORIENTED_EDGE('',*,*,#7542,.T.);
#7542=EDGE_CURVE('',#6094,#1316,#7543,.T.);
#7543=LINE('',#7544,#7545);
#7544=CARTESIAN_POINT('',(3.65,2.1,-2.2));
#7545=VECTOR('',#7546,1.0);
#7546=DIRECTION('',(0.0,-1.0,0.0));
#7547=ORIENTED_EDGE('',*,*,#1315,.F.);
#7548=ORIENTED_EDGE('',*,*,#1184,.F.);
#7549=ORIENTED_EDGE('',*,*,#7525,.F.);
#7550=ORIENTED_EDGE('',*,*,#6101,.F.);
#7551=PLANE('',#7552);
#7552=AXIS2_PLACEMENT_3D('',#7553,#7554,#7555);
#7553=CARTESIAN_POINT('',(3.4,1.925,-2.45));
#7554=DIRECTION('',(0.707106781,0.0,-0.707106781));
#7555=DIRECTION('',(0.0,-1.0,0.0));
#7556=ADVANCED_FACE('',(#7557),#7574,.T.);
#7557=FACE_BOUND('',#7558,.T.);
#7558=EDGE_LOOP('',(#7559,#7565,#7566,#7567,#7573));
#7559=ORIENTED_EDGE('',*,*,#7560,.T.);
#7560=EDGE_CURVE('',#6078,#1201,#7561,.F.);
#7561=LINE('',#7562,#7563);
#7562=CARTESIAN_POINT('',(3.15,1.75,-0.3));
#7563=VECTOR('',#7564,1.0);
#7564=DIRECTION('',(0.0,1.0,0.0));
#7565=ORIENTED_EDGE('',*,*,#1200,.F.);
#7566=ORIENTED_EDGE('',*,*,#1335,.F.);
#7567=ORIENTED_EDGE('',*,*,#7568,.T.);
#7568=EDGE_CURVE('',#1328,#6086,#7569,.T.);
#7569=LINE('',#7570,#7571);
#7570=CARTESIAN_POINT('',(3.65,1.85,-0.8));
#7571=VECTOR('',#7572,1.0);
#7572=DIRECTION('',(0.0,1.0,0.0));
#7573=ORIENTED_EDGE('',*,*,#6085,.F.);
#7574=PLANE('',#7575);
#7575=AXIS2_PLACEMENT_3D('',#7576,#7577,#7578);
#7576=CARTESIAN_POINT('',(3.4,1.925,-0.55));
#7577=DIRECTION('',(0.707106781,0.0,0.707106781));
#7578=DIRECTION('',(0.0,-1.0,0.0));
#7579=ADVANCED_FACE('',(#7580),#7591,.T.);
#7580=FACE_BOUND('',#7581,.T.);
#7581=EDGE_LOOP('',(#7582,#7588,#7589,#7590));
#7582=ORIENTED_EDGE('',*,*,#7583,.T.);
#7583=EDGE_CURVE('',#6070,#1209,#7584,.T.);
#7584=LINE('',#7585,#7586);
#7585=CARTESIAN_POINT('',(2.8,2.1,-0.3));
#7586=VECTOR('',#7587,1.0);
#7587=DIRECTION('',(0.0,-1.0,0.0));
#7588=ORIENTED_EDGE('',*,*,#1208,.F.);
#7589=ORIENTED_EDGE('',*,*,#7560,.F.);
#7590=ORIENTED_EDGE('',*,*,#6077,.F.);
#7591=PLANE('',#7592);
#7592=AXIS2_PLACEMENT_3D('',#7593,#7594,#7595);
#7593=CARTESIAN_POINT('',(2.975,1.925,-0.3));
#7594=DIRECTION('',(0.0,0.0,1.0));
#7595=DIRECTION('',(1.0,0.0,0.0));
#7596=ADVANCED_FACE('',(#7597),#7608,.F.);
#7597=FACE_BOUND('',#7598,.T.);
#7598=EDGE_LOOP('',(#7599,#7605,#7606,#7607));
#7599=ORIENTED_EDGE('',*,*,#7600,.T.);
#7600=EDGE_CURVE('',#6061,#1217,#7601,.T.);
#7601=LINE('',#7602,#7603);
#7602=CARTESIAN_POINT('',(2.8,2.1,-0.44));
#7603=VECTOR('',#7604,1.0);
#7604=DIRECTION('',(0.0,-1.0,0.0));
#7605=ORIENTED_EDGE('',*,*,#1216,.F.);
#7606=ORIENTED_EDGE('',*,*,#7583,.F.);
#7607=ORIENTED_EDGE('',*,*,#6069,.F.);
#7608=PLANE('',#7609);
#7609=AXIS2_PLACEMENT_3D('',#7610,#7611,#7612);
#7610=CARTESIAN_POINT('',(2.8,1.925,-0.37));
#7611=DIRECTION('',(1.0,0.0,0.0));
#7612=DIRECTION('',(0.0,1.0,0.0));
#7613=ADVANCED_FACE('',(#7614),#7620,.F.);
#7614=FACE_BOUND('',#7615,.T.);
#7615=EDGE_LOOP('',(#7616,#7617,#7618,#7619));
#7616=ORIENTED_EDGE('',*,*,#7408,.F.);
#7617=ORIENTED_EDGE('',*,*,#1224,.F.);
#7618=ORIENTED_EDGE('',*,*,#7600,.F.);
#7619=ORIENTED_EDGE('',*,*,#6058,.F.);
#7620=CYLINDRICAL_SURFACE('',#7621,0.06);
#7621=AXIS2_PLACEMENT_3D('',#7622,#7623,#7624);
#7622=CARTESIAN_POINT('',(2.74,2.107,-0.44));
#7623=DIRECTION('',(0.0,1.0,0.0));
#7624=DIRECTION('',(0.0,0.0,-1.0));
#7625=ADVANCED_FACE('',(#7626),#7644,.T.);
#7626=FACE_BOUND('',#7627,.T.);
#7627=EDGE_LOOP('',(#7628,#7636,#7642,#7643));
#7628=ORIENTED_EDGE('',*,*,#7629,.T.);
#7629=EDGE_CURVE('',#5994,#7630,#7632,.T.);
#7630=VERTEX_POINT('',#7631);
#7631=CARTESIAN_POINT('',(0.9,1.45,-0.78));
#7632=LINE('',#7633,#7634);
#7633=CARTESIAN_POINT('',(0.9,2.1,-0.78));
#7634=VECTOR('',#7635,1.0);
#7635=DIRECTION('',(0.0,-1.0,0.0));
#7636=ORIENTED_EDGE('',*,*,#7637,.T.);
#7637=EDGE_CURVE('',#7630,#6445,#7638,.F.);
#7638=LINE('',#7639,#7640);
#7639=CARTESIAN_POINT('',(0.9,1.45,-1.1));
#7640=VECTOR('',#7641,1.0);
#7641=DIRECTION('',(0.0,0.0,1.0));
#7642=ORIENTED_EDGE('',*,*,#6487,.F.);
#7643=ORIENTED_EDGE('',*,*,#6001,.F.);
#7644=PLANE('',#7645);
#7645=AXIS2_PLACEMENT_3D('',#7646,#7647,#7648);
#7646=CARTESIAN_POINT('',(0.9,1.775,-0.94));
#7647=DIRECTION('',(1.0,0.0,0.0));
#7648=DIRECTION('',(0.0,1.0,0.0));
#7649=ADVANCED_FACE('',(#7650),#7668,.F.);
#7650=FACE_BOUND('',#7651,.T.);
#7651=EDGE_LOOP('',(#7652,#7660,#7666,#7667));
#7652=ORIENTED_EDGE('',*,*,#7653,.T.);
#7653=EDGE_CURVE('',#5986,#7654,#7656,.T.);
#7654=VERTEX_POINT('',#7655);
#7655=CARTESIAN_POINT('',(1.4,1.45,-0.3));
#7656=LINE('',#7657,#7658);
#7657=CARTESIAN_POINT('',(1.4,2.1,-0.3));
#7658=VECTOR('',#7659,1.0);
#7659=DIRECTION('',(0.0,-1.0,0.0));
#7660=ORIENTED_EDGE('',*,*,#7661,.T.);
#7661=EDGE_CURVE('',#7654,#7630,#7662,.T.);
#7662=LINE('',#7663,#7664);
#7663=CARTESIAN_POINT('',(1.4,1.45,-0.3));
#7664=VECTOR('',#7665,1.0);
#7665=DIRECTION('',(-0.721387321,0.0,-0.692531828));
#7666=ORIENTED_EDGE('',*,*,#7629,.F.);
#7667=ORIENTED_EDGE('',*,*,#5993,.F.);
#7668=PLANE('',#7669);
#7669=AXIS2_PLACEMENT_3D('',#7670,#7671,#7672);
#7670=CARTESIAN_POINT('',(1.15,1.775,-0.54));
#7671=DIRECTION('',(-0.692531828,0.0,0.721387321));
#7672=DIRECTION('',(0.0,1.0,0.0));
#7673=ADVANCED_FACE('',(#7674),#7686,.T.);
#7674=FACE_BOUND('',#7675,.T.);
#7675=EDGE_LOOP('',(#7676,#7677,#7678,#7684,#7685));
#7676=ORIENTED_EDGE('',*,*,#313,.F.);
#7677=ORIENTED_EDGE('',*,*,#402,.F.);
#7678=ORIENTED_EDGE('',*,*,#7679,.T.);
#7679=EDGE_CURVE('',#395,#7654,#7680,.F.);
#7680=LINE('',#7681,#7682);
#7681=CARTESIAN_POINT('',(1.4,1.45,-0.3));
#7682=VECTOR('',#7683,1.0);
#7683=DIRECTION('',(0.0,0.0,1.0));
#7684=ORIENTED_EDGE('',*,*,#7653,.F.);
#7685=ORIENTED_EDGE('',*,*,#5985,.F.);
#7686=PLANE('',#7687);
#7687=AXIS2_PLACEMENT_3D('',#7688,#7689,#7690);
#7688=CARTESIAN_POINT('',(1.4,1.775,-0.15));
#7689=DIRECTION('',(1.0,0.0,0.0));
#7690=DIRECTION('',(0.0,1.0,0.0));
#7691=ADVANCED_FACE('',(#7692),#7711,.F.);
#7692=FACE_BOUND('',#7693,.T.);
#7693=EDGE_LOOP('',(#7694,#7695,#7701,#7702,#7709,#7710));
#7694=ORIENTED_EDGE('',*,*,#5978,.F.);
#7695=ORIENTED_EDGE('',*,*,#7696,.T.);
#7696=EDGE_CURVE('',#5971,#1531,#7697,.T.);
#7697=LINE('',#7698,#7699);
#7698=CARTESIAN_POINT('',(1.45,2.1,-0.05));
#7699=VECTOR('',#7700,1.0);
#7700=DIRECTION('',(0.0,1.0,0.0));
#7701=ORIENTED_EDGE('',*,*,#1530,.F.);
#7702=ORIENTED_EDGE('',*,*,#7703,.T.);
#7703=EDGE_CURVE('',#1523,#1713,#7704,.T.);
#7704=CIRCLE('',#7705,0.15);
#7705=AXIS2_PLACEMENT_3D('',#7706,#7707,#7708);
#7706=CARTESIAN_POINT('',(1.3,2.2,-0.05));
#7707=DIRECTION('',(0.0,1.0,0.0));
#7708=DIRECTION('',(0.0,0.0,-1.0));
#7709=ORIENTED_EDGE('',*,*,#1712,.F.);
#7710=ORIENTED_EDGE('',*,*,#321,.F.);
#7711=CYLINDRICAL_SURFACE('',#7712,0.15);
#7712=AXIS2_PLACEMENT_3D('',#7713,#7714,#7715);
#7713=CARTESIAN_POINT('',(1.3,2.092631314,-0.05));
#7714=DIRECTION('',(0.0,-1.0,0.0));
#7715=DIRECTION('',(1.0,0.0,0.0));
#7716=ADVANCED_FACE('',(#7717),#7736,.F.);
#7717=FACE_BOUND('',#7718,.T.);
#7718=EDGE_LOOP('',(#7719,#7720,#7727,#7728,#7734,#7735));
#7719=ORIENTED_EDGE('',*,*,#1505,.F.);
#7720=ORIENTED_EDGE('',*,*,#7721,.T.);
#7721=EDGE_CURVE('',#1498,#1521,#7722,.T.);
#7722=CIRCLE('',#7723,0.15);
#7723=AXIS2_PLACEMENT_3D('',#7724,#7725,#7726);
#7724=CARTESIAN_POINT('',(3.3,2.2,-0.05));
#7725=DIRECTION('',(0.0,1.0,0.0));
#7726=DIRECTION('',(1.0,0.0,0.0));
#7727=ORIENTED_EDGE('',*,*,#1571,.F.);
#7728=ORIENTED_EDGE('',*,*,#7729,.T.);
#7729=EDGE_CURVE('',#1563,#5946,#7730,.T.);
#7730=LINE('',#7731,#7732);
#7731=CARTESIAN_POINT('',(3.15,2.132287566,-0.05));
#7732=VECTOR('',#7733,1.0);
#7733=DIRECTION('',(0.0,-1.0,0.0));
#7734=ORIENTED_EDGE('',*,*,#5945,.F.);
#7735=ORIENTED_EDGE('',*,*,#889,.F.);
#7736=CYLINDRICAL_SURFACE('',#7737,0.15);
#7737=AXIS2_PLACEMENT_3D('',#7738,#7739,#7740);
#7738=CARTESIAN_POINT('',(3.3,2.092631314,-0.05));
#7739=DIRECTION('',(0.0,-1.0,0.0));
#7740=DIRECTION('',(1.0,0.0,0.0));
#7741=ADVANCED_FACE('',(#7742),#7761,.F.);
#7742=FACE_BOUND('',#7743,.T.);
#7743=EDGE_LOOP('',(#7744,#7752,#7758,#7759,#7760));
#7744=ORIENTED_EDGE('',*,*,#7745,.T.);
#7745=EDGE_CURVE('',#5932,#7746,#7748,.T.);
#7746=VERTEX_POINT('',#7747);
#7747=CARTESIAN_POINT('',(3.2,1.45,-0.3));
#7748=LINE('',#7749,#7750);
#7749=CARTESIAN_POINT('',(3.2,2.1,-0.3));
#7750=VECTOR('',#7751,1.0);
#7751=DIRECTION('',(0.0,-1.0,0.0));
#7752=ORIENTED_EDGE('',*,*,#7753,.T.);
#7753=EDGE_CURVE('',#7746,#387,#7754,.F.);
#7754=LINE('',#7755,#7756);
#7755=CARTESIAN_POINT('',(3.2,1.45,0.0));
#7756=VECTOR('',#7757,1.0);
#7757=DIRECTION('',(0.0,0.0,-1.0));
#7758=ORIENTED_EDGE('',*,*,#386,.F.);
#7759=ORIENTED_EDGE('',*,*,#864,.F.);
#7760=ORIENTED_EDGE('',*,*,#5939,.F.);
#7761=PLANE('',#7762);
#7762=AXIS2_PLACEMENT_3D('',#7763,#7764,#7765);
#7763=CARTESIAN_POINT('',(3.2,1.775,-0.15));
#7764=DIRECTION('',(1.0,0.0,0.0));
#7765=DIRECTION('',(0.0,1.0,0.0));
#7766=ADVANCED_FACE('',(#7767),#7785,.F.);
#7767=FACE_BOUND('',#7768,.T.);
#7768=EDGE_LOOP('',(#7769,#7777,#7783,#7784));
#7769=ORIENTED_EDGE('',*,*,#7770,.T.);
#7770=EDGE_CURVE('',#5924,#7771,#7773,.T.);
#7771=VERTEX_POINT('',#7772);
#7772=CARTESIAN_POINT('',(3.7,1.45,-0.78));
#7773=LINE('',#7774,#7775);
#7774=CARTESIAN_POINT('',(3.7,2.1,-0.78));
#7775=VECTOR('',#7776,1.0);
#7776=DIRECTION('',(0.0,-1.0,0.0));
#7777=ORIENTED_EDGE('',*,*,#7778,.T.);
#7778=EDGE_CURVE('',#7771,#7746,#7779,.T.);
#7779=LINE('',#7780,#7781);
#7780=CARTESIAN_POINT('',(3.7,1.45,-0.78));
#7781=VECTOR('',#7782,1.0);
#7782=DIRECTION('',(-0.721387321,0.0,0.692531828));
#7783=ORIENTED_EDGE('',*,*,#7745,.F.);
#7784=ORIENTED_EDGE('',*,*,#5931,.F.);
#7785=PLANE('',#7786);
#7786=AXIS2_PLACEMENT_3D('',#7787,#7788,#7789);
#7787=CARTESIAN_POINT('',(3.45,1.775,-0.54));
#7788=DIRECTION('',(0.692531828,0.0,0.721387321));
#7789=DIRECTION('',(0.0,-1.0,0.0));
#7790=ADVANCED_FACE('',(#7791),#7802,.F.);
#7791=FACE_BOUND('',#7792,.T.);
#7792=EDGE_LOOP('',(#7793,#7794,#7800,#7801));
#7793=ORIENTED_EDGE('',*,*,#6693,.F.);
#7794=ORIENTED_EDGE('',*,*,#7795,.T.);
#7795=EDGE_CURVE('',#6686,#7771,#7796,.F.);
#7796=LINE('',#7797,#7798);
#7797=CARTESIAN_POINT('',(3.7,1.45,-0.78));
#7798=VECTOR('',#7799,1.0);
#7799=DIRECTION('',(0.0,0.0,-1.0));
#7800=ORIENTED_EDGE('',*,*,#7770,.F.);
#7801=ORIENTED_EDGE('',*,*,#5923,.F.);
#7802=PLANE('',#7803);
#7803=AXIS2_PLACEMENT_3D('',#7804,#7805,#7806);
#7804=CARTESIAN_POINT('',(3.7,1.775,-0.94));
#7805=DIRECTION('',(1.0,0.0,0.0));
#7806=DIRECTION('',(0.0,1.0,0.0));
#7807=ADVANCED_FACE('',(#7808),#7840,.T.);
#7808=FACE_BOUND('',#7809,.T.);
#7809=EDGE_LOOP('',(#7810,#7819,#7820,#7826,#7827,#7828,#7834));
#7810=ORIENTED_EDGE('',*,*,#7811,.T.);
#7811=EDGE_CURVE('',#7812,#1092,#7814,.T.);
#7812=VERTEX_POINT('',#7813);
#7813=CARTESIAN_POINT('',(4.6,1.45,-2.8));
#7814=CIRCLE('',#7815,0.15);
#7815=AXIS2_PLACEMENT_3D('',#7816,#7817,#7818);
#7816=CARTESIAN_POINT('',(4.6,1.45,-2.65));
#7817=DIRECTION('',(-1.0,0.0,0.0));
#7818=DIRECTION('',(0.0,0.0,-1.0));
#7819=ORIENTED_EDGE('',*,*,#1110,.F.);
#7820=ORIENTED_EDGE('',*,*,#7821,.T.);
#7821=EDGE_CURVE('',#1102,#7349,#7822,.T.);
#7822=LINE('',#7823,#7824);
#7823=CARTESIAN_POINT('',(4.6,1.3,-2.68033786));
#7824=VECTOR('',#7825,1.0);
#7825=DIRECTION('',(0.0,0.0,-1.0));
#7826=ORIENTED_EDGE('',*,*,#7348,.F.);
#7827=ORIENTED_EDGE('',*,*,#6292,.F.);
#7828=ORIENTED_EDGE('',*,*,#7829,.T.);
#7829=EDGE_CURVE('',#6285,#964,#7830,.T.);
#7830=LINE('',#7831,#7832);
#7831=CARTESIAN_POINT('',(4.6,1.9,-2.833333333));
#7832=VECTOR('',#7833,1.0);
#7833=DIRECTION('',(0.0,0.0,1.0));
#7834=ORIENTED_EDGE('',*,*,#7835,.T.);
#7835=EDGE_CURVE('',#964,#7812,#7836,.T.);
#7836=LINE('',#7837,#7838);
#7837=CARTESIAN_POINT('',(4.6,1.9,-2.8));
#7838=VECTOR('',#7839,1.0);
#7839=DIRECTION('',(0.0,-1.0,0.0));
#7840=PLANE('',#7841);
#7841=AXIS2_PLACEMENT_3D('',#7842,#7843,#7844);
#7842=CARTESIAN_POINT('',(4.6,0.95,-2.525));
#7843=DIRECTION('',(1.0,0.0,0.0));
#7844=DIRECTION('',(0.0,1.0,0.0));
#7845=ADVANCED_FACE('',(#7846),#7865,.F.);
#7846=FACE_BOUND('',#7847,.T.);
#7847=EDGE_LOOP('',(#7848,#7857,#7863,#7864));
#7848=ORIENTED_EDGE('',*,*,#7849,.T.);
#7849=EDGE_CURVE('',#6271,#7850,#7852,.F.);
#7850=VERTEX_POINT('',#7851);
#7851=CARTESIAN_POINT('',(4.141421356,2.1,-2.8));
#7852=CIRCLE('',#7853,0.15);
#7853=AXIS2_PLACEMENT_3D('',#7854,#7855,#7856);
#7854=CARTESIAN_POINT('',(4.0,2.1,-2.85));
#7855=DIRECTION('',(0.0,-1.0,0.0));
#7856=DIRECTION('',(0.942809042,0.0,0.333333333));
#7857=ORIENTED_EDGE('',*,*,#7858,.T.);
#7858=EDGE_CURVE('',#7850,#907,#7859,.T.);
#7859=LINE('',#7860,#7861);
#7860=CARTESIAN_POINT('',(4.141421356,2.1,-2.8));
#7861=VECTOR('',#7862,1.0);
#7862=DIRECTION('',(1.0,0.0,0.0));
#7863=ORIENTED_EDGE('',*,*,#904,.F.);
#7864=ORIENTED_EDGE('',*,*,#6278,.F.);
#7865=PLANE('',#7866);
#7866=AXIS2_PLACEMENT_3D('',#7867,#7868,#7869);
#7867=CARTESIAN_POINT('',(2.3,2.1,-1.45));
#7868=DIRECTION('',(0.0,1.0,0.0));
#7869=DIRECTION('',(1.0,0.0,0.0));
#7870=ADVANCED_FACE('',(#7871),#7881,.T.);
#7871=FACE_BOUND('',#7872,.T.);
#7872=EDGE_LOOP('',(#7873,#7874));
#7873=ORIENTED_EDGE('',*,*,#6270,.F.);
#7874=ORIENTED_EDGE('',*,*,#7875,.T.);
#7875=EDGE_CURVE('',#5859,#6271,#7876,.T.);
#7876=CIRCLE('',#7877,0.15);
#7877=AXIS2_PLACEMENT_3D('',#7878,#7879,#7880);
#7878=CARTESIAN_POINT('',(4.0,2.1,-2.85));
#7879=DIRECTION('',(0.0,1.0,0.0));
#7880=DIRECTION('',(-0.745355992,0.0,0.666666667));
#7881=PLANE('',#7882);
#7882=AXIS2_PLACEMENT_3D('',#7883,#7884,#7885);
#7883=CARTESIAN_POINT('',(3.85,2.1,-1.375));
#7884=DIRECTION('',(0.0,1.0,0.0));
#7885=DIRECTION('',(1.0,0.0,0.0));
#7886=ADVANCED_FACE('',(#7887,#7998),#8009,.T.);
#7887=FACE_BOUND('',#7888,.T.);
#7888=EDGE_LOOP('',(#7889,#7890,#7891,#7900,#7908,#7917,#7925,#7934,#7942,#7951,#7959,#7968,#7976,#7983,#7984,#7985,#7986,#7987,#7988,#7989,#7990,#7991,#7992,#7993,#7994,#7995,#7996,#7997));
#7889=ORIENTED_EDGE('',*,*,#6390,.F.);
#7890=ORIENTED_EDGE('',*,*,#6421,.F.);
#7891=ORIENTED_EDGE('',*,*,#7892,.T.);
#7892=EDGE_CURVE('',#6414,#7893,#7895,.F.);
#7893=VERTEX_POINT('',#7894);
#7894=CARTESIAN_POINT('',(0.95,1.495,-1.05));
#7895=CIRCLE('',#7896,0.1);
#7896=AXIS2_PLACEMENT_3D('',#7897,#7898,#7899);
#7897=CARTESIAN_POINT('',(0.85,1.495,-1.05));
#7898=DIRECTION('',(0.0,1.0,0.0));
#7899=DIRECTION('',(1.0,0.0,0.0));
#7900=ORIENTED_EDGE('',*,*,#7901,.T.);
#7901=EDGE_CURVE('',#7893,#7902,#7904,.T.);
#7902=VERTEX_POINT('',#7903);
#7903=CARTESIAN_POINT('',(0.95,1.495,-0.932842712));
#7904=LINE('',#7905,#7906);
#7905=CARTESIAN_POINT('',(0.95,1.495,-1.05));
#7906=VECTOR('',#7907,1.0);
#7907=DIRECTION('',(0.0,0.0,1.0));
#7908=ORIENTED_EDGE('',*,*,#7909,.T.);
#7909=EDGE_CURVE('',#7902,#7910,#7912,.F.);
#7910=VERTEX_POINT('',#7911);
#7911=CARTESIAN_POINT('',(1.008578644,1.495,-0.791421356));
#7912=CIRCLE('',#7913,0.2);
#7913=AXIS2_PLACEMENT_3D('',#7914,#7915,#7916);
#7914=CARTESIAN_POINT('',(1.15,1.495,-0.932842712));
#7915=DIRECTION('',(0.0,-1.0,0.0));
#7916=DIRECTION('',(-0.707106781,0.0,0.707106781));
#7917=ORIENTED_EDGE('',*,*,#7918,.T.);
#7918=EDGE_CURVE('',#7910,#7919,#7921,.F.);
#7919=VERTEX_POINT('',#7920);
#7920=CARTESIAN_POINT('',(1.691421356,1.495,-0.108578644));
#7921=LINE('',#7922,#7923);
#7922=CARTESIAN_POINT('',(1.691421356,1.495,-0.108578644));
#7923=VECTOR('',#7924,1.0);
#7924=DIRECTION('',(-0.707106781,0.0,-0.707106781));
#7925=ORIENTED_EDGE('',*,*,#7926,.T.);
#7926=EDGE_CURVE('',#7919,#7927,#7929,.F.);
#7927=VERTEX_POINT('',#7928);
#7928=CARTESIAN_POINT('',(1.832842712,1.495,-0.05));
#7929=CIRCLE('',#7930,0.2);
#7930=AXIS2_PLACEMENT_3D('',#7931,#7932,#7933);
#7931=CARTESIAN_POINT('',(1.832842712,1.495,-0.25));
#7932=DIRECTION('',(0.0,-1.0,0.0));
#7933=DIRECTION('',(0.0,0.0,1.0));
#7934=ORIENTED_EDGE('',*,*,#7935,.T.);
#7935=EDGE_CURVE('',#7927,#7936,#7938,.T.);
#7936=VERTEX_POINT('',#7937);
#7937=CARTESIAN_POINT('',(2.767157288,1.495,-0.05));
#7938=LINE('',#7939,#7940);
#7939=CARTESIAN_POINT('',(1.832842712,1.495,-0.05));
#7940=VECTOR('',#7941,1.0);
#7941=DIRECTION('',(1.0,0.0,0.0));
#7942=ORIENTED_EDGE('',*,*,#7943,.T.);
#7943=EDGE_CURVE('',#7936,#7944,#7946,.F.);
#7944=VERTEX_POINT('',#7945);
#7945=CARTESIAN_POINT('',(2.908578644,1.495,-0.108578644));
#7946=CIRCLE('',#7947,0.2);
#7947=AXIS2_PLACEMENT_3D('',#7948,#7949,#7950);
#7948=CARTESIAN_POINT('',(2.767157288,1.495,-0.25));
#7949=DIRECTION('',(0.0,-1.0,0.0));
#7950=DIRECTION('',(0.707106781,0.0,0.707106781));
#7951=ORIENTED_EDGE('',*,*,#7952,.T.);
#7952=EDGE_CURVE('',#7944,#7953,#7955,.F.);
#7953=VERTEX_POINT('',#7954);
#7954=CARTESIAN_POINT('',(3.591421356,1.495,-0.791421356));
#7955=LINE('',#7956,#7957);
#7956=CARTESIAN_POINT('',(3.591421356,1.495,-0.791421356));
#7957=VECTOR('',#7958,1.0);
#7958=DIRECTION('',(-0.707106781,0.0,0.707106781));
#7959=ORIENTED_EDGE('',*,*,#7960,.T.);
#7960=EDGE_CURVE('',#7953,#7961,#7963,.F.);
#7961=VERTEX_POINT('',#7962);
#7962=CARTESIAN_POINT('',(3.65,1.495,-0.932842712));
#7963=CIRCLE('',#7964,0.2);
#7964=AXIS2_PLACEMENT_3D('',#7965,#7966,#7967);
#7965=CARTESIAN_POINT('',(3.45,1.495,-0.932842712));
#7966=DIRECTION('',(0.0,-1.0,0.0));
#7967=DIRECTION('',(1.0,0.0,0.0));
#7968=ORIENTED_EDGE('',*,*,#7969,.T.);
#7969=EDGE_CURVE('',#7961,#7970,#7972,.T.);
#7970=VERTEX_POINT('',#7971);
#7971=CARTESIAN_POINT('',(3.65,1.495,-1.05));
#7972=LINE('',#7973,#7974);
#7973=CARTESIAN_POINT('',(3.65,1.495,-0.932842712));
#7974=VECTOR('',#7975,1.0);
#7975=DIRECTION('',(0.0,0.0,-1.0));
#7976=ORIENTED_EDGE('',*,*,#7977,.T.);
#7977=EDGE_CURVE('',#7970,#6764,#7978,.F.);
#7978=CIRCLE('',#7979,0.1);
#7979=AXIS2_PLACEMENT_3D('',#7980,#7981,#7982);
#7980=CARTESIAN_POINT('',(3.75,1.495,-1.05));
#7981=DIRECTION('',(0.0,1.0,0.0));
#7982=DIRECTION('',(-0.5,0.0,-0.866025404));
#7983=ORIENTED_EDGE('',*,*,#6763,.F.);
#7984=ORIENTED_EDGE('',*,*,#6803,.F.);
#7985=ORIENTED_EDGE('',*,*,#6832,.F.);
#7986=ORIENTED_EDGE('',*,*,#6897,.F.);
#7987=ORIENTED_EDGE('',*,*,#6937,.F.);
#7988=ORIENTED_EDGE('',*,*,#6968,.F.);
#7989=ORIENTED_EDGE('',*,*,#7001,.F.);
#7990=ORIENTED_EDGE('',*,*,#7032,.F.);
#7991=ORIENTED_EDGE('',*,*,#7065,.F.);
#7992=ORIENTED_EDGE('',*,*,#7096,.F.);
#7993=ORIENTED_EDGE('',*,*,#7129,.F.);
#7994=ORIENTED_EDGE('',*,*,#7160,.F.);
#7995=ORIENTED_EDGE('',*,*,#7193,.F.);
#7996=ORIENTED_EDGE('',*,*,#7224,.F.);
#7997=ORIENTED_EDGE('',*,*,#6348,.F.);
#7998=FACE_BOUND('',#7999,.T.);
#7999=EDGE_LOOP('',(#8000));
#8000=ORIENTED_EDGE('',*,*,#8001,.T.);
#8001=EDGE_CURVE('',#8002,#8002,#8004,.F.);
#8002=VERTEX_POINT('',#8003);
#8003=CARTESIAN_POINT('',(2.785437947,1.495,-1.5));
#8004=CIRCLE('',#8005,0.4854379);
#8005=AXIS2_PLACEMENT_3D('',#8006,#8007,#8008);
#8006=CARTESIAN_POINT('',(2.3,1.495,-1.5));
#8007=DIRECTION('',(0.0,1.0,0.0));
#8008=DIRECTION('',(1.0,0.0,0.0));
#8009=PLANE('',#8010);
#8010=AXIS2_PLACEMENT_3D('',#8011,#8012,#8013);
#8011=CARTESIAN_POINT('',(2.3,1.495,-1.45));
#8012=DIRECTION('',(0.0,1.0,0.0));
#8013=DIRECTION('',(1.0,0.0,0.0));
#8014=ADVANCED_FACE('',(#8015),#8043,.F.);
#8015=FACE_BOUND('',#8016,.T.);
#8016=EDGE_LOOP('',(#8017,#8025,#8026,#8027,#8036));
#8017=ORIENTED_EDGE('',*,*,#8018,.T.);
#8018=EDGE_CURVE('',#8019,#7893,#8021,.F.);
#8019=VERTEX_POINT('',#8020);
#8020=CARTESIAN_POINT('',(0.95,1.45,-1.05));
#8021=LINE('',#8022,#8023);
#8022=CARTESIAN_POINT('',(0.95,1.495,-1.05));
#8023=VECTOR('',#8024,1.0);
#8024=DIRECTION('',(0.0,-1.0,0.0));
#8025=ORIENTED_EDGE('',*,*,#7892,.F.);
#8026=ORIENTED_EDGE('',*,*,#6411,.F.);
#8027=ORIENTED_EDGE('',*,*,#8028,.T.);
#8028=EDGE_CURVE('',#6412,#8029,#8031,.T.);
#8029=VERTEX_POINT('',#8030);
#8030=CARTESIAN_POINT('',(0.93660254,1.45,-1.1));
#8031=CIRCLE('',#8032,0.1);
#8032=AXIS2_PLACEMENT_3D('',#8033,#8034,#8035);
#8033=CARTESIAN_POINT('',(0.85,1.45,-1.05));
#8034=DIRECTION('',(0.0,-1.0,0.0));
#8035=DIRECTION('',(0.5,0.0,-0.866025404));
#8036=ORIENTED_EDGE('',*,*,#8037,.T.);
#8037=EDGE_CURVE('',#8029,#8019,#8038,.F.);
#8038=CIRCLE('',#8039,0.1);
#8039=AXIS2_PLACEMENT_3D('',#8040,#8041,#8042);
#8040=CARTESIAN_POINT('',(0.85,1.45,-1.05));
#8041=DIRECTION('',(0.0,1.0,0.0));
#8042=DIRECTION('',(1.0,0.0,0.0));
#8043=CYLINDRICAL_SURFACE('',#8044,0.1);
#8044=AXIS2_PLACEMENT_3D('',#8045,#8046,#8047);
#8045=CARTESIAN_POINT('',(0.85,1.44467891,-1.05));
#8046=DIRECTION('',(0.0,-1.0,0.0));
#8047=DIRECTION('',(1.0,0.0,0.0));
#8048=ADVANCED_FACE('',(#8049,#8131),#8142,.F.);
#8049=FACE_BOUND('',#8050,.T.);
#8050=EDGE_LOOP('',(#8051,#8052,#8053,#8054,#8055,#8064,#8072,#8081,#8089,#8096,#8097,#8098,#8099,#8108,#8116,#8125));
#8051=ORIENTED_EDGE('',*,*,#8028,.F.);
#8052=ORIENTED_EDGE('',*,*,#6473,.F.);
#8053=ORIENTED_EDGE('',*,*,#7214,.F.);
#8054=ORIENTED_EDGE('',*,*,#7263,.F.);
#8055=ORIENTED_EDGE('',*,*,#8056,.T.);
#8056=EDGE_CURVE('',#7256,#8057,#8059,.F.);
#8057=VERTEX_POINT('',#8058);
#8058=CARTESIAN_POINT('',(1.05,1.45,-1.9));
#8059=CIRCLE('',#8060,0.15);
#8060=AXIS2_PLACEMENT_3D('',#8061,#8062,#8063);
#8061=CARTESIAN_POINT('',(1.05,1.45,-1.75));
#8062=DIRECTION('',(0.0,1.0,0.0));
#8063=DIRECTION('',(0.0,0.0,-1.0));
#8064=ORIENTED_EDGE('',*,*,#8065,.T.);
#8065=EDGE_CURVE('',#8057,#8066,#8068,.F.);
#8066=VERTEX_POINT('',#8067);
#8067=CARTESIAN_POINT('',(1.089369999,1.45,-1.9));
#8068=LINE('',#8069,#8070);
#8069=CARTESIAN_POINT('',(1.089369999,1.45,-1.9));
#8070=VECTOR('',#8071,1.0);
#8071=DIRECTION('',(-1.0,0.0,0.0));
#8072=ORIENTED_EDGE('',*,*,#8073,.T.);
#8073=EDGE_CURVE('',#8066,#8074,#8076,.F.);
#8074=VERTEX_POINT('',#8075);
#8075=CARTESIAN_POINT('',(3.510630001,1.45,-1.9));
#8076=CIRCLE('',#8077,1.275);
#8077=AXIS2_PLACEMENT_3D('',#8078,#8079,#8080);
#8078=CARTESIAN_POINT('',(2.3,1.45,-1.5));
#8079=DIRECTION('',(0.0,1.0,0.0));
#8080=DIRECTION('',(0.949513726,0.0,-0.31372549));
#8081=ORIENTED_EDGE('',*,*,#8082,.T.);
#8082=EDGE_CURVE('',#8074,#8083,#8085,.F.);
#8083=VERTEX_POINT('',#8084);
#8084=CARTESIAN_POINT('',(3.55,1.45,-1.9));
#8085=LINE('',#8086,#8087);
#8086=CARTESIAN_POINT('',(3.55,1.45,-1.9));
#8087=VECTOR('',#8088,1.0);
#8088=DIRECTION('',(-1.0,0.0,0.0));
#8089=ORIENTED_EDGE('',*,*,#8090,.T.);
#8090=EDGE_CURVE('',#8083,#6856,#8091,.F.);
#8091=CIRCLE('',#8092,0.15);
#8092=AXIS2_PLACEMENT_3D('',#8093,#8094,#8095);
#8093=CARTESIAN_POINT('',(3.55,1.45,-1.75));
#8094=DIRECTION('',(0.0,1.0,0.0));
#8095=DIRECTION('',(0.25188478,0.0,-0.967757231));
#8096=ORIENTED_EDGE('',*,*,#6873,.F.);
#8097=ORIENTED_EDGE('',*,*,#6905,.F.);
#8098=ORIENTED_EDGE('',*,*,#6739,.F.);
#8099=ORIENTED_EDGE('',*,*,#8100,.T.);
#8100=EDGE_CURVE('',#6732,#8101,#8103,.F.);
#8101=VERTEX_POINT('',#8102);
#8102=CARTESIAN_POINT('',(3.66339746,1.45,-1.1));
#8103=CIRCLE('',#8104,0.1);
#8104=AXIS2_PLACEMENT_3D('',#8105,#8106,#8107);
#8105=CARTESIAN_POINT('',(3.75,1.45,-1.05));
#8106=DIRECTION('',(0.0,-1.0,0.0));
#8107=DIRECTION('',(-0.866025404,0.0,-0.5));
#8108=ORIENTED_EDGE('',*,*,#8109,.T.);
#8109=EDGE_CURVE('',#8101,#8110,#8112,.F.);
#8110=VERTEX_POINT('',#8111);
#8111=CARTESIAN_POINT('',(3.510630001,1.45,-1.1));
#8112=LINE('',#8113,#8114);
#8113=CARTESIAN_POINT('',(3.510630001,1.45,-1.1));
#8114=VECTOR('',#8115,1.0);
#8115=DIRECTION('',(1.0,0.0,0.0));
#8116=ORIENTED_EDGE('',*,*,#8117,.T.);
#8117=EDGE_CURVE('',#8110,#8118,#8120,.F.);
#8118=VERTEX_POINT('',#8119);
#8119=CARTESIAN_POINT('',(1.089369999,1.45,-1.1));
#8120=CIRCLE('',#8121,1.275);
#8121=AXIS2_PLACEMENT_3D('',#8122,#8123,#8124);
#8122=CARTESIAN_POINT('',(2.3,1.45,-1.5));
#8123=DIRECTION('',(0.0,1.0,0.0));
#8124=DIRECTION('',(-0.949513726,0.0,0.31372549));
#8125=ORIENTED_EDGE('',*,*,#8126,.T.);
#8126=EDGE_CURVE('',#8118,#8029,#8127,.F.);
#8127=LINE('',#8128,#8129);
#8128=CARTESIAN_POINT('',(0.93660254,1.45,-1.1));
#8129=VECTOR('',#8130,1.0);
#8130=DIRECTION('',(1.0,0.0,0.0));
#8131=FACE_BOUND('',#8132,.T.);
#8132=EDGE_LOOP('',(#8133));
#8133=ORIENTED_EDGE('',*,*,#8134,.T.);
#8134=EDGE_CURVE('',#8135,#8135,#8137,.T.);
#8135=VERTEX_POINT('',#8136);
#8136=CARTESIAN_POINT('',(3.269484399,1.45,-1.5));
#8137=CIRCLE('',#8138,0.9694844);
#8138=AXIS2_PLACEMENT_3D('',#8139,#8140,#8141);
#8139=CARTESIAN_POINT('',(2.3,1.45,-1.5));
#8140=DIRECTION('',(0.0,1.0,0.0));
#8141=DIRECTION('',(1.0,0.0,0.0));
#8142=PLANE('',#8143);
#8143=AXIS2_PLACEMENT_3D('',#8144,#8145,#8146);
#8144=CARTESIAN_POINT('',(2.3,1.45,-1.45));
#8145=DIRECTION('',(0.0,1.0,0.0));
#8146=DIRECTION('',(1.0,0.0,0.0));
#8147=ADVANCED_FACE('',(#8148),#8168,.F.);
#8148=FACE_BOUND('',#8149,.T.);
#8149=EDGE_LOOP('',(#8150,#8151,#8152,#8153,#8161));
#8150=ORIENTED_EDGE('',*,*,#8100,.F.);
#8151=ORIENTED_EDGE('',*,*,#6772,.F.);
#8152=ORIENTED_EDGE('',*,*,#7977,.F.);
#8153=ORIENTED_EDGE('',*,*,#8154,.T.);
#8154=EDGE_CURVE('',#7970,#8155,#8157,.T.);
#8155=VERTEX_POINT('',#8156);
#8156=CARTESIAN_POINT('',(3.65,1.45,-1.05));
#8157=LINE('',#8158,#8159);
#8158=CARTESIAN_POINT('',(3.65,1.495,-1.05));
#8159=VECTOR('',#8160,1.0);
#8160=DIRECTION('',(0.0,-1.0,0.0));
#8161=ORIENTED_EDGE('',*,*,#8162,.T.);
#8162=EDGE_CURVE('',#8155,#8101,#8163,.F.);
#8163=CIRCLE('',#8164,0.1);
#8164=AXIS2_PLACEMENT_3D('',#8165,#8166,#8167);
#8165=CARTESIAN_POINT('',(3.75,1.45,-1.05));
#8166=DIRECTION('',(0.0,1.0,0.0));
#8167=DIRECTION('',(-0.866025404,0.0,-0.5));
#8168=CYLINDRICAL_SURFACE('',#8169,0.1);
#8169=AXIS2_PLACEMENT_3D('',#8170,#8171,#8172);
#8170=CARTESIAN_POINT('',(3.75,1.44467891,-1.05));
#8171=DIRECTION('',(0.0,-1.0,0.0));
#8172=DIRECTION('',(0.0,0.0,-1.0));
#8173=ADVANCED_FACE('',(#8174),#8210,.F.);
#8174=FACE_BOUND('',#8175,.T.);
#8175=EDGE_LOOP('',(#8176,#8177,#8178,#8179,#8187,#8195,#8202,#8203,#8209));
#8176=ORIENTED_EDGE('',*,*,#963,.F.);
#8177=ORIENTED_EDGE('',*,*,#914,.F.);
#8178=ORIENTED_EDGE('',*,*,#7858,.F.);
#8179=ORIENTED_EDGE('',*,*,#8180,.T.);
#8180=EDGE_CURVE('',#7850,#8181,#8183,.T.);
#8181=VERTEX_POINT('',#8182);
#8182=CARTESIAN_POINT('',(4.141421356,2.2,-2.8));
#8183=LINE('',#8184,#8185);
#8184=CARTESIAN_POINT('',(4.141421356,2.1,-2.8));
#8185=VECTOR('',#8186,1.0);
#8186=DIRECTION('',(0.0,1.0,0.0));
#8187=ORIENTED_EDGE('',*,*,#8188,.T.);
#8188=EDGE_CURVE('',#8181,#8189,#8191,.F.);
#8189=VERTEX_POINT('',#8190);
#8190=CARTESIAN_POINT('',(4.5,2.2,-2.8));
#8191=LINE('',#8192,#8193);
#8192=CARTESIAN_POINT('',(4.5,2.2,-2.8));
#8193=VECTOR('',#8194,1.0);
#8194=DIRECTION('',(-1.0,0.0,0.0));
#8195=ORIENTED_EDGE('',*,*,#8196,.T.);
#8196=EDGE_CURVE('',#8189,#1039,#8197,.F.);
#8197=CIRCLE('',#8198,0.2);
#8198=AXIS2_PLACEMENT_3D('',#8199,#8200,#8201);
#8199=CARTESIAN_POINT('',(4.5,2.0,-2.8));
#8200=DIRECTION('',(0.0,0.0,1.0));
#8201=DIRECTION('',(1.0,0.0,0.0));
#8202=ORIENTED_EDGE('',*,*,#1038,.F.);
#8203=ORIENTED_EDGE('',*,*,#8204,.T.);
#8204=EDGE_CURVE('',#1030,#7812,#8205,.T.);
#8205=LINE('',#8206,#8207);
#8206=CARTESIAN_POINT('',(4.7,1.45,-2.8));
#8207=VECTOR('',#8208,1.0);
#8208=DIRECTION('',(-1.0,0.0,0.0));
#8209=ORIENTED_EDGE('',*,*,#7835,.F.);
#8210=PLANE('',#8211);
#8211=AXIS2_PLACEMENT_3D('',#8212,#8213,#8214);
#8212=CARTESIAN_POINT('',(4.420710678,1.825,-2.8));
#8213=DIRECTION('',(0.0,0.0,1.0));
#8214=DIRECTION('',(1.0,0.0,0.0));
#8215=ADVANCED_FACE('',(#8216),#8250,.T.);
#8216=FACE_BOUND('',#8217,.T.);
#8217=EDGE_LOOP('',(#8218,#8228,#8236,#8244));
#8218=ORIENTED_EDGE('',*,*,#8219,.T.);
#8219=EDGE_CURVE('',#8220,#8222,#8224,.T.);
#8220=VERTEX_POINT('',#8221);
#8221=CARTESIAN_POINT('',(1.15,2.1,-2.15));
#8222=VERTEX_POINT('',#8223);
#8223=CARTESIAN_POINT('',(1.15,2.2,-2.15));
#8224=LINE('',#8225,#8226);
#8225=CARTESIAN_POINT('',(1.15,2.1,-2.15));
#8226=VECTOR('',#8227,1.0);
#8227=DIRECTION('',(0.0,1.0,0.0));
#8228=ORIENTED_EDGE('',*,*,#8229,.T.);
#8229=EDGE_CURVE('',#8222,#8230,#8232,.T.);
#8230=VERTEX_POINT('',#8231);
#8231=CARTESIAN_POINT('',(1.15,2.2,-0.85));
#8232=LINE('',#8233,#8234);
#8233=CARTESIAN_POINT('',(1.15,2.2,-2.15));
#8234=VECTOR('',#8235,1.0);
#8235=DIRECTION('',(0.0,0.0,1.0));
#8236=ORIENTED_EDGE('',*,*,#8237,.T.);
#8237=EDGE_CURVE('',#8230,#8238,#8240,.T.);
#8238=VERTEX_POINT('',#8239);
#8239=CARTESIAN_POINT('',(1.15,2.1,-0.85));
#8240=LINE('',#8241,#8242);
#8241=CARTESIAN_POINT('',(1.15,2.2,-0.85));
#8242=VECTOR('',#8243,1.0);
#8243=DIRECTION('',(0.0,-1.0,0.0));
#8244=ORIENTED_EDGE('',*,*,#8245,.T.);
#8245=EDGE_CURVE('',#8238,#8220,#8246,.T.);
#8246=LINE('',#8247,#8248);
#8247=CARTESIAN_POINT('',(1.15,2.1,-0.85));
#8248=VECTOR('',#8249,1.0);
#8249=DIRECTION('',(0.0,0.0,-1.0));
#8250=PLANE('',#8251);
#8251=AXIS2_PLACEMENT_3D('',#8252,#8253,#8254);
#8252=CARTESIAN_POINT('',(1.15,2.15,-1.5));
#8253=DIRECTION('',(1.0,0.0,0.0));
#8254=DIRECTION('',(0.0,1.0,0.0));
#8255=ADVANCED_FACE('',(#8256),#8283,.F.);
#8256=FACE_BOUND('',#8257,.T.);
#8257=EDGE_LOOP('',(#8258,#8259,#8268,#8276));
#8258=ORIENTED_EDGE('',*,*,#8237,.F.);
#8259=ORIENTED_EDGE('',*,*,#8260,.T.);
#8260=EDGE_CURVE('',#8230,#8261,#8263,.T.);
#8261=VERTEX_POINT('',#8262);
#8262=CARTESIAN_POINT('',(1.3,2.2,-0.7));
#8263=CIRCLE('',#8264,0.15);
#8264=AXIS2_PLACEMENT_3D('',#8265,#8266,#8267);
#8265=CARTESIAN_POINT('',(1.3,2.2,-0.85));
#8266=DIRECTION('',(0.0,1.0,0.0));
#8267=DIRECTION('',(-1.0,0.0,0.0));
#8268=ORIENTED_EDGE('',*,*,#8269,.T.);
#8269=EDGE_CURVE('',#8261,#8270,#8272,.T.);
#8270=VERTEX_POINT('',#8271);
#8271=CARTESIAN_POINT('',(1.3,2.1,-0.7));
#8272=LINE('',#8273,#8274);
#8273=CARTESIAN_POINT('',(1.3,2.2,-0.7));
#8274=VECTOR('',#8275,1.0);
#8275=DIRECTION('',(0.0,-1.0,0.0));
#8276=ORIENTED_EDGE('',*,*,#8277,.T.);
#8277=EDGE_CURVE('',#8270,#8238,#8278,.F.);
#8278=CIRCLE('',#8279,0.15);
#8279=AXIS2_PLACEMENT_3D('',#8280,#8281,#8282);
#8280=CARTESIAN_POINT('',(1.3,2.1,-0.85));
#8281=DIRECTION('',(0.0,1.0,0.0));
#8282=DIRECTION('',(-1.0,0.0,0.0));
#8283=CYLINDRICAL_SURFACE('',#8284,0.15);
#8284=AXIS2_PLACEMENT_3D('',#8285,#8286,#8287);
#8285=CARTESIAN_POINT('',(1.3,2.092631314,-0.85));
#8286=DIRECTION('',(0.0,-1.0,0.0));
#8287=DIRECTION('',(1.0,0.0,0.0));
#8288=ADVANCED_FACE('',(#8289),#8314,.F.);
#8289=FACE_BOUND('',#8290,.T.);
#8290=EDGE_LOOP('',(#8291,#8292,#8300,#8308));
#8291=ORIENTED_EDGE('',*,*,#8269,.F.);
#8292=ORIENTED_EDGE('',*,*,#8293,.T.);
#8293=EDGE_CURVE('',#8261,#8294,#8296,.T.);
#8294=VERTEX_POINT('',#8295);
#8295=CARTESIAN_POINT('',(3.3,2.2,-0.7));
#8296=LINE('',#8297,#8298);
#8297=CARTESIAN_POINT('',(1.3,2.2,-0.7));
#8298=VECTOR('',#8299,1.0);
#8299=DIRECTION('',(1.0,0.0,0.0));
#8300=ORIENTED_EDGE('',*,*,#8301,.T.);
#8301=EDGE_CURVE('',#8294,#8302,#8304,.T.);
#8302=VERTEX_POINT('',#8303);
#8303=CARTESIAN_POINT('',(3.3,2.1,-0.7));
#8304=LINE('',#8305,#8306);
#8305=CARTESIAN_POINT('',(3.3,2.2,-0.7));
#8306=VECTOR('',#8307,1.0);
#8307=DIRECTION('',(0.0,-1.0,0.0));
#8308=ORIENTED_EDGE('',*,*,#8309,.T.);
#8309=EDGE_CURVE('',#8302,#8270,#8310,.T.);
#8310=LINE('',#8311,#8312);
#8311=CARTESIAN_POINT('',(3.3,2.1,-0.7));
#8312=VECTOR('',#8313,1.0);
#8313=DIRECTION('',(-1.0,0.0,0.0));
#8314=PLANE('',#8315);
#8315=AXIS2_PLACEMENT_3D('',#8316,#8317,#8318);
#8316=CARTESIAN_POINT('',(2.3,2.15,-0.7));
#8317=DIRECTION('',(0.0,0.0,1.0));
#8318=DIRECTION('',(1.0,0.0,0.0));
#8319=ADVANCED_FACE('',(#8320),#8347,.F.);
#8320=FACE_BOUND('',#8321,.T.);
#8321=EDGE_LOOP('',(#8322,#8323,#8332,#8340));
#8322=ORIENTED_EDGE('',*,*,#8301,.F.);
#8323=ORIENTED_EDGE('',*,*,#8324,.T.);
#8324=EDGE_CURVE('',#8294,#8325,#8327,.T.);
#8325=VERTEX_POINT('',#8326);
#8326=CARTESIAN_POINT('',(3.45,2.2,-0.85));
#8327=CIRCLE('',#8328,0.15);
#8328=AXIS2_PLACEMENT_3D('',#8329,#8330,#8331);
#8329=CARTESIAN_POINT('',(3.3,2.2,-0.85));
#8330=DIRECTION('',(0.0,1.0,0.0));
#8331=DIRECTION('',(0.0,0.0,1.0));
#8332=ORIENTED_EDGE('',*,*,#8333,.T.);
#8333=EDGE_CURVE('',#8325,#8334,#8336,.T.);
#8334=VERTEX_POINT('',#8335);
#8335=CARTESIAN_POINT('',(3.45,2.1,-0.85));
#8336=LINE('',#8337,#8338);
#8337=CARTESIAN_POINT('',(3.45,2.2,-0.85));
#8338=VECTOR('',#8339,1.0);
#8339=DIRECTION('',(0.0,-1.0,0.0));
#8340=ORIENTED_EDGE('',*,*,#8341,.T.);
#8341=EDGE_CURVE('',#8334,#8302,#8342,.F.);
#8342=CIRCLE('',#8343,0.15);
#8343=AXIS2_PLACEMENT_3D('',#8344,#8345,#8346);
#8344=CARTESIAN_POINT('',(3.3,2.1,-0.85));
#8345=DIRECTION('',(0.0,1.0,0.0));
#8346=DIRECTION('',(0.0,0.0,1.0));
#8347=CYLINDRICAL_SURFACE('',#8348,0.15);
#8348=AXIS2_PLACEMENT_3D('',#8349,#8350,#8351);
#8349=CARTESIAN_POINT('',(3.3,2.092631314,-0.85));
#8350=DIRECTION('',(0.0,-1.0,0.0));
#8351=DIRECTION('',(1.0,0.0,0.0));
#8352=ADVANCED_FACE('',(#8353),#8378,.F.);
#8353=FACE_BOUND('',#8354,.T.);
#8354=EDGE_LOOP('',(#8355,#8356,#8364,#8372));
#8355=ORIENTED_EDGE('',*,*,#8333,.F.);
#8356=ORIENTED_EDGE('',*,*,#8357,.T.);
#8357=EDGE_CURVE('',#8325,#8358,#8360,.T.);
#8358=VERTEX_POINT('',#8359);
#8359=CARTESIAN_POINT('',(3.45,2.2,-2.15));
#8360=LINE('',#8361,#8362);
#8361=CARTESIAN_POINT('',(3.45,2.2,-0.85));
#8362=VECTOR('',#8363,1.0);
#8363=DIRECTION('',(0.0,0.0,-1.0));
#8364=ORIENTED_EDGE('',*,*,#8365,.T.);
#8365=EDGE_CURVE('',#8358,#8366,#8368,.T.);
#8366=VERTEX_POINT('',#8367);
#8367=CARTESIAN_POINT('',(3.45,2.1,-2.15));
#8368=LINE('',#8369,#8370);
#8369=CARTESIAN_POINT('',(3.45,2.2,-2.15));
#8370=VECTOR('',#8371,1.0);
#8371=DIRECTION('',(0.0,-1.0,0.0));
#8372=ORIENTED_EDGE('',*,*,#8373,.T.);
#8373=EDGE_CURVE('',#8366,#8334,#8374,.T.);
#8374=LINE('',#8375,#8376);
#8375=CARTESIAN_POINT('',(3.45,2.1,-2.15));
#8376=VECTOR('',#8377,1.0);
#8377=DIRECTION('',(0.0,0.0,1.0));
#8378=PLANE('',#8379);
#8379=AXIS2_PLACEMENT_3D('',#8380,#8381,#8382);
#8380=CARTESIAN_POINT('',(3.45,2.15,-1.5));
#8381=DIRECTION('',(1.0,0.0,0.0));
#8382=DIRECTION('',(0.0,1.0,0.0));
#8383=ADVANCED_FACE('',(#8384),#8411,.F.);
#8384=FACE_BOUND('',#8385,.T.);
#8385=EDGE_LOOP('',(#8386,#8387,#8396,#8404));
#8386=ORIENTED_EDGE('',*,*,#8365,.F.);
#8387=ORIENTED_EDGE('',*,*,#8388,.T.);
#8388=EDGE_CURVE('',#8358,#8389,#8391,.T.);
#8389=VERTEX_POINT('',#8390);
#8390=CARTESIAN_POINT('',(3.3,2.2,-2.3));
#8391=CIRCLE('',#8392,0.15);
#8392=AXIS2_PLACEMENT_3D('',#8393,#8394,#8395);
#8393=CARTESIAN_POINT('',(3.3,2.2,-2.15));
#8394=DIRECTION('',(0.0,1.0,0.0));
#8395=DIRECTION('',(1.0,0.0,0.0));
#8396=ORIENTED_EDGE('',*,*,#8397,.T.);
#8397=EDGE_CURVE('',#8389,#8398,#8400,.T.);
#8398=VERTEX_POINT('',#8399);
#8399=CARTESIAN_POINT('',(3.3,2.1,-2.3));
#8400=LINE('',#8401,#8402);
#8401=CARTESIAN_POINT('',(3.3,2.2,-2.3));
#8402=VECTOR('',#8403,1.0);
#8403=DIRECTION('',(0.0,-1.0,0.0));
#8404=ORIENTED_EDGE('',*,*,#8405,.T.);
#8405=EDGE_CURVE('',#8398,#8366,#8406,.F.);
#8406=CIRCLE('',#8407,0.15);
#8407=AXIS2_PLACEMENT_3D('',#8408,#8409,#8410);
#8408=CARTESIAN_POINT('',(3.3,2.1,-2.15));
#8409=DIRECTION('',(0.0,1.0,0.0));
#8410=DIRECTION('',(1.0,0.0,0.0));
#8411=CYLINDRICAL_SURFACE('',#8412,0.15);
#8412=AXIS2_PLACEMENT_3D('',#8413,#8414,#8415);
#8413=CARTESIAN_POINT('',(3.3,2.092631314,-2.15));
#8414=DIRECTION('',(0.0,-1.0,0.0));
#8415=DIRECTION('',(1.0,0.0,0.0));
#8416=ADVANCED_FACE('',(#8417),#8442,.T.);
#8417=FACE_BOUND('',#8418,.T.);
#8418=EDGE_LOOP('',(#8419,#8420,#8428,#8436));
#8419=ORIENTED_EDGE('',*,*,#8397,.F.);
#8420=ORIENTED_EDGE('',*,*,#8421,.T.);
#8421=EDGE_CURVE('',#8389,#8422,#8424,.T.);
#8422=VERTEX_POINT('',#8423);
#8423=CARTESIAN_POINT('',(1.3,2.2,-2.3));
#8424=LINE('',#8425,#8426);
#8425=CARTESIAN_POINT('',(3.3,2.2,-2.3));
#8426=VECTOR('',#8427,1.0);
#8427=DIRECTION('',(-1.0,0.0,0.0));
#8428=ORIENTED_EDGE('',*,*,#8429,.T.);
#8429=EDGE_CURVE('',#8422,#8430,#8432,.T.);
#8430=VERTEX_POINT('',#8431);
#8431=CARTESIAN_POINT('',(1.3,2.1,-2.3));
#8432=LINE('',#8433,#8434);
#8433=CARTESIAN_POINT('',(1.3,2.2,-2.3));
#8434=VECTOR('',#8435,1.0);
#8435=DIRECTION('',(0.0,-1.0,0.0));
#8436=ORIENTED_EDGE('',*,*,#8437,.T.);
#8437=EDGE_CURVE('',#8430,#8398,#8438,.T.);
#8438=LINE('',#8439,#8440);
#8439=CARTESIAN_POINT('',(1.3,2.1,-2.3));
#8440=VECTOR('',#8441,1.0);
#8441=DIRECTION('',(1.0,0.0,0.0));
#8442=PLANE('',#8443);
#8443=AXIS2_PLACEMENT_3D('',#8444,#8445,#8446);
#8444=CARTESIAN_POINT('',(2.3,2.15,-2.3));
#8445=DIRECTION('',(0.0,0.0,1.0));
#8446=DIRECTION('',(1.0,0.0,0.0));
#8447=ADVANCED_FACE('',(#8448),#8466,.F.);
#8448=FACE_BOUND('',#8449,.T.);
#8449=EDGE_LOOP('',(#8450,#8451,#8458,#8459));
#8450=ORIENTED_EDGE('',*,*,#8429,.F.);
#8451=ORIENTED_EDGE('',*,*,#8452,.T.);
#8452=EDGE_CURVE('',#8422,#8222,#8453,.T.);
#8453=CIRCLE('',#8454,0.15);
#8454=AXIS2_PLACEMENT_3D('',#8455,#8456,#8457);
#8455=CARTESIAN_POINT('',(1.3,2.2,-2.15));
#8456=DIRECTION('',(0.0,1.0,0.0));
#8457=DIRECTION('',(0.0,0.0,-1.0));
#8458=ORIENTED_EDGE('',*,*,#8219,.F.);
#8459=ORIENTED_EDGE('',*,*,#8460,.T.);
#8460=EDGE_CURVE('',#8220,#8430,#8461,.F.);
#8461=CIRCLE('',#8462,0.15);
#8462=AXIS2_PLACEMENT_3D('',#8463,#8464,#8465);
#8463=CARTESIAN_POINT('',(1.3,2.1,-2.15));
#8464=DIRECTION('',(0.0,1.0,0.0));
#8465=DIRECTION('',(0.0,0.0,-1.0));
#8466=CYLINDRICAL_SURFACE('',#8467,0.15);
#8467=AXIS2_PLACEMENT_3D('',#8468,#8469,#8470);
#8468=CARTESIAN_POINT('',(1.3,2.092631314,-2.15));
#8469=DIRECTION('',(0.0,-1.0,0.0));
#8470=DIRECTION('',(1.0,0.0,0.0));
#8471=ADVANCED_FACE('',(#8472),#8491,.T.);
#8472=FACE_BOUND('',#8473,.T.);
#8473=EDGE_LOOP('',(#8474,#8482,#8489,#8490));
#8474=ORIENTED_EDGE('',*,*,#8475,.T.);
#8475=EDGE_CURVE('',#8189,#8476,#8478,.F.);
#8476=VERTEX_POINT('',#8477);
#8477=CARTESIAN_POINT('',(4.5,2.2,-2.1));
#8478=LINE('',#8479,#8480);
#8479=CARTESIAN_POINT('',(4.5,2.2,-2.1));
#8480=VECTOR('',#8481,1.0);
#8481=DIRECTION('',(0.0,0.0,-1.0));
#8482=ORIENTED_EDGE('',*,*,#8483,.T.);
#8483=EDGE_CURVE('',#8476,#986,#8484,.T.);
#8484=CIRCLE('',#8485,0.2);
#8485=AXIS2_PLACEMENT_3D('',#8486,#8487,#8488);
#8486=CARTESIAN_POINT('',(4.5,2.0,-2.1));
#8487=DIRECTION('',(0.0,0.0,-1.0));
#8488=DIRECTION('',(0.0,1.0,0.0));
#8489=ORIENTED_EDGE('',*,*,#1046,.F.);
#8490=ORIENTED_EDGE('',*,*,#8196,.F.);
#8491=CYLINDRICAL_SURFACE('',#8492,0.2);
#8492=AXIS2_PLACEMENT_3D('',#8493,#8494,#8495);
#8493=CARTESIAN_POINT('',(4.5,2.0,-2.086));
#8494=DIRECTION('',(0.0,0.0,1.0));
#8495=DIRECTION('',(0.0,1.0,0.0));
#8496=ADVANCED_FACE('',(#8497),#8536,.T.);
#8497=FACE_BOUND('',#8498,.T.);
#8498=EDGE_LOOP('',(#8499,#8500,#8501,#8507,#8515,#8521,#8522,#8523,#8529,#8530));
#8499=ORIENTED_EDGE('',*,*,#931,.F.);
#8500=ORIENTED_EDGE('',*,*,#954,.F.);
#8501=ORIENTED_EDGE('',*,*,#8502,.T.);
#8502=EDGE_CURVE('',#955,#5421,#8503,.T.);
#8503=LINE('',#8504,#8505);
#8504=CARTESIAN_POINT('',(4.6,1.9,-2.1));
#8505=VECTOR('',#8506,1.0);
#8506=DIRECTION('',(0.0,-1.0,0.0));
#8507=ORIENTED_EDGE('',*,*,#8508,.T.);
#8508=EDGE_CURVE('',#5421,#8509,#8511,.T.);
#8509=VERTEX_POINT('',#8510);
#8510=CARTESIAN_POINT('',(4.6,0.05,-2.1));
#8511=LINE('',#8512,#8513);
#8512=CARTESIAN_POINT('',(4.6,0.067712434,-2.1));
#8513=VECTOR('',#8514,1.0);
#8514=DIRECTION('',(0.0,-1.0,0.0));
#8515=ORIENTED_EDGE('',*,*,#8516,.T.);
#8516=EDGE_CURVE('',#8509,#988,#8517,.T.);
#8517=LINE('',#8518,#8519);
#8518=CARTESIAN_POINT('',(4.6,0.05,-2.1));
#8519=VECTOR('',#8520,1.0);
#8520=DIRECTION('',(1.0,0.0,0.0));
#8521=ORIENTED_EDGE('',*,*,#985,.F.);
#8522=ORIENTED_EDGE('',*,*,#8483,.F.);
#8523=ORIENTED_EDGE('',*,*,#8524,.T.);
#8524=EDGE_CURVE('',#8476,#1359,#8525,.F.);
#8525=LINE('',#8526,#8527);
#8526=CARTESIAN_POINT('',(4.0,2.2,-2.1));
#8527=VECTOR('',#8528,1.0);
#8528=DIRECTION('',(1.0,0.0,0.0));
#8529=ORIENTED_EDGE('',*,*,#1356,.F.);
#8530=ORIENTED_EDGE('',*,*,#8531,.T.);
#8531=EDGE_CURVE('',#1357,#932,#8532,.F.);
#8532=LINE('',#8533,#8534);
#8533=CARTESIAN_POINT('',(4.5,2.1,-2.1));
#8534=VECTOR('',#8535,1.0);
#8535=DIRECTION('',(-1.0,0.0,0.0));
#8536=PLANE('',#8537);
#8537=AXIS2_PLACEMENT_3D('',#8538,#8539,#8540);
#8538=CARTESIAN_POINT('',(4.35,1.125,-2.1));
#8539=DIRECTION('',(0.0,0.0,1.0));
#8540=DIRECTION('',(1.0,0.0,0.0));
#8541=ADVANCED_FACE('',(#8542),#8581,.F.);
#8542=FACE_BOUND('',#8543,.T.);
#8543=EDGE_LOOP('',(#8544,#8554,#8562,#8570,#8579));
#8544=ORIENTED_EDGE('',*,*,#8545,.T.);
#8545=EDGE_CURVE('',#8546,#8548,#8550,.F.);
#8546=VERTEX_POINT('',#8547);
#8547=CARTESIAN_POINT('',(2.517944947,2.35,-1.95));
#8548=VERTEX_POINT('',#8549);
#8549=CARTESIAN_POINT('',(3.1,2.35,-1.95));
#8550=LINE('',#8551,#8552);
#8551=CARTESIAN_POINT('',(3.1,2.35,-1.95));
#8552=VECTOR('',#8553,1.0);
#8553=DIRECTION('',(-1.0,0.0,0.0));
#8554=ORIENTED_EDGE('',*,*,#8555,.T.);
#8555=EDGE_CURVE('',#8548,#8556,#8558,.F.);
#8556=VERTEX_POINT('',#8557);
#8557=CARTESIAN_POINT('',(3.1,2.35,-1.05));
#8558=LINE('',#8559,#8560);
#8559=CARTESIAN_POINT('',(3.1,2.35,-1.05));
#8560=VECTOR('',#8561,1.0);
#8561=DIRECTION('',(0.0,0.0,-1.0));
#8562=ORIENTED_EDGE('',*,*,#8563,.T.);
#8563=EDGE_CURVE('',#8556,#8564,#8566,.F.);
#8564=VERTEX_POINT('',#8565);
#8565=CARTESIAN_POINT('',(2.517944947,2.35,-1.05));
#8566=LINE('',#8567,#8568);
#8567=CARTESIAN_POINT('',(2.517944947,2.35,-1.05));
#8568=VECTOR('',#8569,1.0);
#8569=DIRECTION('',(1.0,0.0,0.0));
#8570=ORIENTED_EDGE('',*,*,#8571,.T.);
#8571=EDGE_CURVE('',#8564,#8572,#8574,.T.);
#8572=VERTEX_POINT('',#8573);
#8573=CARTESIAN_POINT('',(2.8,2.35,-1.5));
#8574=CIRCLE('',#8575,0.5);
#8575=AXIS2_PLACEMENT_3D('',#8576,#8577,#8578);
#8576=CARTESIAN_POINT('',(2.3,2.35,-1.5));
#8577=DIRECTION('',(0.0,1.0,0.0));
#8578=DIRECTION('',(0.435889894,0.0,0.9));
#8579=ORIENTED_EDGE('',*,*,#8580,.T.);
#8580=EDGE_CURVE('',#8572,#8546,#8574,.T.);
#8581=PLANE('',#8582);
#8582=AXIS2_PLACEMENT_3D('',#8583,#8584,#8585);
#8583=CARTESIAN_POINT('',(2.808972474,2.35,-1.5));
#8584=DIRECTION('',(0.0,1.0,0.0));
#8585=DIRECTION('',(1.0,0.0,0.0));
#8586=ADVANCED_FACE('',(#8587),#8622,.F.);
#8587=FACE_BOUND('',#8588,.T.);
#8588=EDGE_LOOP('',(#8589,#8600,#8608,#8616));
#8589=ORIENTED_EDGE('',*,*,#8590,.T.);
#8590=EDGE_CURVE('',#8591,#8593,#8595,.F.);
#8591=VERTEX_POINT('',#8592);
#8592=CARTESIAN_POINT('',(2.082055053,2.35,-1.95));
#8593=VERTEX_POINT('',#8594);
#8594=CARTESIAN_POINT('',(2.082055053,2.35,-1.05));
#8595=CIRCLE('',#8596,0.5);
#8596=AXIS2_PLACEMENT_3D('',#8597,#8598,#8599);
#8597=CARTESIAN_POINT('',(2.3,2.35,-1.5));
#8598=DIRECTION('',(0.0,-1.0,0.0));
#8599=DIRECTION('',(-0.435889894,0.0,0.9));
#8600=ORIENTED_EDGE('',*,*,#8601,.T.);
#8601=EDGE_CURVE('',#8593,#8602,#8604,.F.);
#8602=VERTEX_POINT('',#8603);
#8603=CARTESIAN_POINT('',(1.5,2.35,-1.05));
#8604=LINE('',#8605,#8606);
#8605=CARTESIAN_POINT('',(1.5,2.35,-1.05));
#8606=VECTOR('',#8607,1.0);
#8607=DIRECTION('',(1.0,0.0,0.0));
#8608=ORIENTED_EDGE('',*,*,#8609,.T.);
#8609=EDGE_CURVE('',#8602,#8610,#8612,.F.);
#8610=VERTEX_POINT('',#8611);
#8611=CARTESIAN_POINT('',(1.5,2.35,-1.95));
#8612=LINE('',#8613,#8614);
#8613=CARTESIAN_POINT('',(1.5,2.35,-1.95));
#8614=VECTOR('',#8615,1.0);
#8615=DIRECTION('',(0.0,0.0,1.0));
#8616=ORIENTED_EDGE('',*,*,#8617,.T.);
#8617=EDGE_CURVE('',#8610,#8591,#8618,.F.);
#8618=LINE('',#8619,#8620);
#8619=CARTESIAN_POINT('',(2.082055053,2.35,-1.95));
#8620=VECTOR('',#8621,1.0);
#8621=DIRECTION('',(-1.0,0.0,0.0));
#8622=PLANE('',#8623);
#8623=AXIS2_PLACEMENT_3D('',#8624,#8625,#8626);
#8624=CARTESIAN_POINT('',(1.791027526,2.35,-1.5));
#8625=DIRECTION('',(0.0,1.0,0.0));
#8626=DIRECTION('',(1.0,0.0,0.0));
#8627=ADVANCED_FACE('',(#8628),#8660,.F.);
#8628=FACE_BOUND('',#8629,.T.);
#8629=EDGE_LOOP('',(#8630,#8641,#8650,#8652,#8653));
#8630=ORIENTED_EDGE('',*,*,#8631,.F.);
#8631=EDGE_CURVE('',#8632,#8634,#8636,.T.);
#8632=VERTEX_POINT('',#8633);
#8633=CARTESIAN_POINT('',(3.55,1.36,-1.5));
#8634=VERTEX_POINT('',#8635);
#8635=CARTESIAN_POINT('',(2.696421493,1.45,-1.5));
#8636=B_SPLINE_CURVE_WITH_KNOTS('',3,(#8637,#8638,#8639,#8640),.UNSPECIFIED.,.F.,.U.,(4,4),(1.411136355,1.520355672),.PIECEWISE_BEZIER_KNOTS.);
#8637=CARTESIAN_POINT('',(3.55,1.36,-1.5));
#8638=CARTESIAN_POINT('',(3.267395019,1.405508049,-1.5));
#8639=CARTESIAN_POINT('',(2.982303061,1.435567705,-1.5));
#8640=CARTESIAN_POINT('',(2.6964215,1.45,-1.5));
#8641=ORIENTED_EDGE('',*,*,#8642,.T.);
#8642=EDGE_CURVE('',#8632,#8643,#8645,.T.);
#8643=VERTEX_POINT('',#8644);
#8644=CARTESIAN_POINT('',(1.05,1.36,-1.5));
#8645=CIRCLE('',#8646,1.25);
#8646=AXIS2_PLACEMENT_3D('',#8647,#8648,#8649);
#8647=CARTESIAN_POINT('',(2.3,1.36,-1.5));
#8648=DIRECTION('',(0.0,-1.0,0.0));
#8649=DIRECTION('',(-1.0,0.0,0.0));
#8650=ORIENTED_EDGE('',*,*,#8651,.T.);
#8651=EDGE_CURVE('',#8643,#8632,#8645,.T.);
#8652=ORIENTED_EDGE('',*,*,#8631,.T.);
#8653=ORIENTED_EDGE('',*,*,#8654,.T.);
#8654=EDGE_CURVE('',#8634,#8634,#8655,.T.);
#8655=CIRCLE('',#8656,0.3964215);
#8656=AXIS2_PLACEMENT_3D('',#8657,#8658,#8659);
#8657=CARTESIAN_POINT('',(2.3,1.45,-1.5));
#8658=DIRECTION('',(0.0,1.0,0.0));
#8659=DIRECTION('',(1.0,0.0,0.0));
#8660=SPHERICAL_SURFACE('',#8661,7.8625);
#8661=AXIS2_PLACEMENT_3D('',#8662,#8663,#8664);
#8662=CARTESIAN_POINT('',(2.3,-6.4025,-1.5));
#8663=DIRECTION('',(0.0,1.0,0.0));
#8664=DIRECTION('',(1.0,0.0,0.0));
#8665=ADVANCED_FACE('',(#8666),#8704,.T.);
#8666=FACE_BOUND('',#8667,.T.);
#8667=EDGE_LOOP('',(#8668,#8679,#8688,#8697));
#8668=ORIENTED_EDGE('',*,*,#8669,.T.);
#8669=EDGE_CURVE('',#8670,#8672,#8674,.T.);
#8670=VERTEX_POINT('',#8671);
#8671=CARTESIAN_POINT('',(3.2,2.6,-0.85));
#8672=VERTEX_POINT('',#8673);
#8673=CARTESIAN_POINT('',(3.2,2.5,-0.75));
#8674=CIRCLE('',#8675,0.1);
#8675=AXIS2_PLACEMENT_3D('',#8676,#8677,#8678);
#8676=CARTESIAN_POINT('',(3.2,2.5,-0.85));
#8677=DIRECTION('',(1.0,0.0,0.0));
#8678=DIRECTION('',(0.0,1.0,0.0));
#8679=ORIENTED_EDGE('',*,*,#8680,.T.);
#8680=EDGE_CURVE('',#8672,#8681,#8683,.F.);
#8681=VERTEX_POINT('',#8682);
#8682=CARTESIAN_POINT('',(3.4,2.5,-0.95));
#8683=CIRCLE('',#8684,0.2);
#8684=AXIS2_PLACEMENT_3D('',#8685,#8686,#8687);
#8685=CARTESIAN_POINT('',(3.2,2.5,-0.95));
#8686=DIRECTION('',(0.0,-1.0,0.0));
#8687=DIRECTION('',(1.0,0.0,0.0));
#8688=ORIENTED_EDGE('',*,*,#8689,.T.);
#8689=EDGE_CURVE('',#8681,#8690,#8692,.T.);
#8690=VERTEX_POINT('',#8691);
#8691=CARTESIAN_POINT('',(3.3,2.6,-0.95));
#8692=CIRCLE('',#8693,0.1);
#8693=AXIS2_PLACEMENT_3D('',#8694,#8695,#8696);
#8694=CARTESIAN_POINT('',(3.3,2.5,-0.95));
#8695=DIRECTION('',(0.0,0.0,1.0));
#8696=DIRECTION('',(1.0,0.0,0.0));
#8697=ORIENTED_EDGE('',*,*,#8698,.T.);
#8698=EDGE_CURVE('',#8690,#8670,#8699,.T.);
#8699=CIRCLE('',#8700,0.1);
#8700=AXIS2_PLACEMENT_3D('',#8701,#8702,#8703);
#8701=CARTESIAN_POINT('',(3.2,2.6,-0.95));
#8702=DIRECTION('',(0.0,-1.0,0.0));
#8703=DIRECTION('',(1.0,0.0,0.0));
#8704=(BOUNDED_SURFACE()B_SPLINE_SURFACE(3,3,((#8705,#8706,#8707,#8708),(#8709,#8710,#8711,#8712),(#8713,#8714,#8715,#8716),(#8717,#8718,#8719,#8720)),.UNSPECIFIED.,.F.,.F.,.U.)B_SPLINE_SURFACE_WITH_KNOTS((4,4),(4,4),(0.0,1.0),(0.0,1.0),.PIECEWISE_BEZIER_KNOTS.)GEOMETRIC_REPRESENTATION_ITEM()RATIONAL_B_SPLINE_SURFACE(((1.465102417,1.125518062,1.125518062,1.465102417),(1.125518062,0.864643246,0.864643246,1.125518062),(1.125518062,0.864643246,0.864643246,1.125518062),(1.465102417,1.125518062,1.125518062,1.465102417)))REPRESENTATION_ITEM('')SURFACE());
#8705=CARTESIAN_POINT('',(3.185085254,2.492532201,-0.75083691));
#8706=CARTESIAN_POINT('',(3.184718443,2.558123066,-0.745938716));
#8707=CARTESIAN_POINT('',(3.188191687,2.604632679,-0.792318461));
#8708=CARTESIAN_POINT('',(3.193089881,2.59972077,-0.857726177));
#8709=CARTESIAN_POINT('',(3.316083834,2.492532201,-0.741026807));
#8710=CARTESIAN_POINT('',(3.318938787,2.558123066,-0.735887344));
#8711=CARTESIAN_POINT('',(3.291905973,2.604632679,-0.7845516));
#8712=CARTESIAN_POINT('',(3.253782552,2.59972077,-0.853181079));
#8713=CARTESIAN_POINT('',(3.408973193,2.492532201,-0.833916166));
#8714=CARTESIAN_POINT('',(3.414112656,2.558123066,-0.831061213));
#8715=CARTESIAN_POINT('',(3.3654484,2.604632679,-0.858094027));
#8716=CARTESIAN_POINT('',(3.296818921,2.59972077,-0.896217448));
#8717=CARTESIAN_POINT('',(3.39916309,2.492532201,-0.964914746));
#8718=CARTESIAN_POINT('',(3.404061284,2.558123066,-0.965281557));
#8719=CARTESIAN_POINT('',(3.357681539,2.604632679,-0.961808313));
#8720=CARTESIAN_POINT('',(3.292273823,2.59972077,-0.956910119));
#8721=ADVANCED_FACE('',(#8722),#8748,.T.);
#8722=FACE_BOUND('',#8723,.T.);
#8723=EDGE_LOOP('',(#8724,#8725,#8733,#8742));
#8724=ORIENTED_EDGE('',*,*,#8689,.F.);
#8725=ORIENTED_EDGE('',*,*,#8726,.T.);
#8726=EDGE_CURVE('',#8681,#8727,#8729,.F.);
#8727=VERTEX_POINT('',#8728);
#8728=CARTESIAN_POINT('',(3.4,2.5,-2.05));
#8729=LINE('',#8730,#8731);
#8730=CARTESIAN_POINT('',(3.4,2.5,-2.05));
#8731=VECTOR('',#8732,1.0);
#8732=DIRECTION('',(0.0,0.0,1.0));
#8733=ORIENTED_EDGE('',*,*,#8734,.T.);
#8734=EDGE_CURVE('',#8727,#8735,#8737,.F.);
#8735=VERTEX_POINT('',#8736);
#8736=CARTESIAN_POINT('',(3.3,2.6,-2.05));
#8737=CIRCLE('',#8738,0.1);
#8738=AXIS2_PLACEMENT_3D('',#8739,#8740,#8741);
#8739=CARTESIAN_POINT('',(3.3,2.5,-2.05));
#8740=DIRECTION('',(0.0,0.0,-1.0));
#8741=DIRECTION('',(0.0,1.0,0.0));
#8742=ORIENTED_EDGE('',*,*,#8743,.T.);
#8743=EDGE_CURVE('',#8735,#8690,#8744,.F.);
#8744=LINE('',#8745,#8746);
#8745=CARTESIAN_POINT('',(3.3,2.6,-0.95));
#8746=VECTOR('',#8747,1.0);
#8747=DIRECTION('',(0.0,0.0,-1.0));
#8748=CYLINDRICAL_SURFACE('',#8749,0.1);
#8749=AXIS2_PLACEMENT_3D('',#8750,#8751,#8752);
#8750=CARTESIAN_POINT('',(3.3,2.5,-0.928));
#8751=DIRECTION('',(0.0,0.0,1.0));
#8752=DIRECTION('',(0.0,1.0,0.0));
#8753=ADVANCED_FACE('',(#8754),#8782,.T.);
#8754=FACE_BOUND('',#8755,.T.);
#8755=EDGE_LOOP('',(#8756,#8757,#8766,#8775));
#8756=ORIENTED_EDGE('',*,*,#8734,.F.);
#8757=ORIENTED_EDGE('',*,*,#8758,.T.);
#8758=EDGE_CURVE('',#8727,#8759,#8761,.T.);
#8759=VERTEX_POINT('',#8760);
#8760=CARTESIAN_POINT('',(3.2,2.5,-2.25));
#8761=CIRCLE('',#8762,0.2);
#8762=AXIS2_PLACEMENT_3D('',#8763,#8764,#8765);
#8763=CARTESIAN_POINT('',(3.2,2.5,-2.05));
#8764=DIRECTION('',(0.0,1.0,0.0));
#8765=DIRECTION('',(1.0,0.0,0.0));
#8766=ORIENTED_EDGE('',*,*,#8767,.T.);
#8767=EDGE_CURVE('',#8759,#8768,#8770,.T.);
#8768=VERTEX_POINT('',#8769);
#8769=CARTESIAN_POINT('',(3.2,2.6,-2.15));
#8770=CIRCLE('',#8771,0.1);
#8771=AXIS2_PLACEMENT_3D('',#8772,#8773,#8774);
#8772=CARTESIAN_POINT('',(3.2,2.5,-2.15));
#8773=DIRECTION('',(1.0,0.0,0.0));
#8774=DIRECTION('',(0.0,0.0,-1.0));
#8775=ORIENTED_EDGE('',*,*,#8776,.T.);
#8776=EDGE_CURVE('',#8768,#8735,#8777,.T.);
#8777=CIRCLE('',#8778,0.1);
#8778=AXIS2_PLACEMENT_3D('',#8779,#8780,#8781);
#8779=CARTESIAN_POINT('',(3.2,2.6,-2.05));
#8780=DIRECTION('',(0.0,-1.0,0.0));
#8781=DIRECTION('',(0.0,0.0,-1.0));
#8782=(BOUNDED_SURFACE()B_SPLINE_SURFACE(3,3,((#8783,#8784,#8785,#8786),(#8787,#8788,#8789,#8790),(#8791,#8792,#8793,#8794),(#8795,#8796,#8797,#8798)),.UNSPECIFIED.,.F.,.F.,.U.)B_SPLINE_SURFACE_WITH_KNOTS((4,4),(4,4),(0.0,1.0),(0.0,1.0),.PIECEWISE_BEZIER_KNOTS.)GEOMETRIC_REPRESENTATION_ITEM()RATIONAL_B_SPLINE_SURFACE(((1.465102417,1.125518062,1.125518062,1.465102417),(1.125518062,0.864643246,0.864643246,1.125518062),(1.125518062,0.864643246,0.864643246,1.125518062),(1.465102417,1.125518062,1.125518062,1.465102417)))REPRESENTATION_ITEM('')SURFACE());
#8783=CARTESIAN_POINT('',(3.39916309,2.492532201,-2.035085254));
#8784=CARTESIAN_POINT('',(3.404061284,2.558123066,-2.034718443));
#8785=CARTESIAN_POINT('',(3.357681539,2.604632679,-2.038191687));
#8786=CARTESIAN_POINT('',(3.292273823,2.59972077,-2.043089881));
#8787=CARTESIAN_POINT('',(3.408973193,2.492532201,-2.166083834));
#8788=CARTESIAN_POINT('',(3.414112656,2.558123066,-2.168938787));
#8789=CARTESIAN_POINT('',(3.3654484,2.604632679,-2.141905973));
#8790=CARTESIAN_POINT('',(3.296818921,2.59972077,-2.103782552));
#8791=CARTESIAN_POINT('',(3.316083834,2.492532201,-2.258973193));
#8792=CARTESIAN_POINT('',(3.318938787,2.558123066,-2.264112656));
#8793=CARTESIAN_POINT('',(3.291905973,2.604632679,-2.2154484));
#8794=CARTESIAN_POINT('',(3.253782552,2.59972077,-2.146818921));
#8795=CARTESIAN_POINT('',(3.185085254,2.492532201,-2.24916309));
#8796=CARTESIAN_POINT('',(3.184718443,2.558123066,-2.254061284));
#8797=CARTESIAN_POINT('',(3.188191687,2.604632679,-2.207681539));
#8798=CARTESIAN_POINT('',(3.193089881,2.59972077,-2.142273823));
#8799=ADVANCED_FACE('',(#8800),#8826,.T.);
#8800=FACE_BOUND('',#8801,.T.);
#8801=EDGE_LOOP('',(#8802,#8803,#8811,#8820));
#8802=ORIENTED_EDGE('',*,*,#8767,.F.);
#8803=ORIENTED_EDGE('',*,*,#8804,.T.);
#8804=EDGE_CURVE('',#8759,#8805,#8807,.T.);
#8805=VERTEX_POINT('',#8806);
#8806=CARTESIAN_POINT('',(1.4,2.5,-2.25));
#8807=LINE('',#8808,#8809);
#8808=CARTESIAN_POINT('',(3.2,2.5,-2.25));
#8809=VECTOR('',#8810,1.0);
#8810=DIRECTION('',(-1.0,0.0,0.0));
#8811=ORIENTED_EDGE('',*,*,#8812,.T.);
#8812=EDGE_CURVE('',#8805,#8813,#8815,.T.);
#8813=VERTEX_POINT('',#8814);
#8814=CARTESIAN_POINT('',(1.4,2.6,-2.15));
#8815=CIRCLE('',#8816,0.1);
#8816=AXIS2_PLACEMENT_3D('',#8817,#8818,#8819);
#8817=CARTESIAN_POINT('',(1.4,2.5,-2.15));
#8818=DIRECTION('',(1.0,0.0,0.0));
#8819=DIRECTION('',(0.0,0.0,-1.0));
#8820=ORIENTED_EDGE('',*,*,#8821,.T.);
#8821=EDGE_CURVE('',#8813,#8768,#8822,.F.);
#8822=LINE('',#8823,#8824);
#8823=CARTESIAN_POINT('',(3.2,2.6,-2.15));
#8824=VECTOR('',#8825,1.0);
#8825=DIRECTION('',(-1.0,0.0,0.0));
#8826=CYLINDRICAL_SURFACE('',#8827,0.1);
#8827=AXIS2_PLACEMENT_3D('',#8828,#8829,#8830);
#8828=CARTESIAN_POINT('',(3.236,2.5,-2.15));
#8829=DIRECTION('',(1.0,0.0,0.0));
#8830=DIRECTION('',(0.0,1.0,0.0));
#8831=ADVANCED_FACE('',(#8832),#8860,.T.);
#8832=FACE_BOUND('',#8833,.T.);
#8833=EDGE_LOOP('',(#8834,#8835,#8844,#8853));
#8834=ORIENTED_EDGE('',*,*,#8812,.F.);
#8835=ORIENTED_EDGE('',*,*,#8836,.T.);
#8836=EDGE_CURVE('',#8805,#8837,#8839,.T.);
#8837=VERTEX_POINT('',#8838);
#8838=CARTESIAN_POINT('',(1.2,2.5,-2.05));
#8839=CIRCLE('',#8840,0.2);
#8840=AXIS2_PLACEMENT_3D('',#8841,#8842,#8843);
#8841=CARTESIAN_POINT('',(1.4,2.5,-2.05));
#8842=DIRECTION('',(0.0,1.0,0.0));
#8843=DIRECTION('',(0.0,0.0,-1.0));
#8844=ORIENTED_EDGE('',*,*,#8845,.T.);
#8845=EDGE_CURVE('',#8837,#8846,#8848,.T.);
#8846=VERTEX_POINT('',#8847);
#8847=CARTESIAN_POINT('',(1.3,2.6,-2.05));
#8848=CIRCLE('',#8849,0.1);
#8849=AXIS2_PLACEMENT_3D('',#8850,#8851,#8852);
#8850=CARTESIAN_POINT('',(1.3,2.5,-2.05));
#8851=DIRECTION('',(0.0,0.0,-1.0));
#8852=DIRECTION('',(-1.0,0.0,0.0));
#8853=ORIENTED_EDGE('',*,*,#8854,.T.);
#8854=EDGE_CURVE('',#8846,#8813,#8855,.T.);
#8855=CIRCLE('',#8856,0.1);
#8856=AXIS2_PLACEMENT_3D('',#8857,#8858,#8859);
#8857=CARTESIAN_POINT('',(1.4,2.6,-2.05));
#8858=DIRECTION('',(0.0,-1.0,0.0));
#8859=DIRECTION('',(-1.0,0.0,0.0));
#8860=(BOUNDED_SURFACE()B_SPLINE_SURFACE(3,3,((#8861,#8862,#8863,#8864),(#8865,#8866,#8867,#8868),(#8869,#8870,#8871,#8872),(#8873,#8874,#8875,#8876)),.UNSPECIFIED.,.F.,.F.,.U.)B_SPLINE_SURFACE_WITH_KNOTS((4,4),(4,4),(0.0,1.0),(0.0,1.0),.PIECEWISE_BEZIER_KNOTS.)GEOMETRIC_REPRESENTATION_ITEM()RATIONAL_B_SPLINE_SURFACE(((1.465102417,1.125518062,1.125518062,1.465102417),(1.125518062,0.864643246,0.864643246,1.125518062),(1.125518062,0.864643246,0.864643246,1.125518062),(1.465102417,1.125518062,1.125518062,1.465102417)))REPRESENTATION_ITEM('')SURFACE());
#8861=CARTESIAN_POINT('',(1.414914746,2.492532201,-2.24916309));
#8862=CARTESIAN_POINT('',(1.415281557,2.558123066,-2.254061284));
#8863=CARTESIAN_POINT('',(1.411808313,2.604632679,-2.207681539));
#8864=CARTESIAN_POINT('',(1.406910119,2.59972077,-2.142273823));
#8865=CARTESIAN_POINT('',(1.283916166,2.492532201,-2.258973193));
#8866=CARTESIAN_POINT('',(1.281061213,2.558123066,-2.264112656));
#8867=CARTESIAN_POINT('',(1.308094027,2.604632679,-2.2154484));
#8868=CARTESIAN_POINT('',(1.346217448,2.59972077,-2.146818921));
#8869=CARTESIAN_POINT('',(1.191026807,2.492532201,-2.166083834));
#8870=CARTESIAN_POINT('',(1.185887344,2.558123066,-2.168938787));
#8871=CARTESIAN_POINT('',(1.2345516,2.604632679,-2.141905973));
#8872=CARTESIAN_POINT('',(1.303181079,2.59972077,-2.103782552));
#8873=CARTESIAN_POINT('',(1.20083691,2.492532201,-2.035085254));
#8874=CARTESIAN_POINT('',(1.195938716,2.558123066,-2.034718443));
#8875=CARTESIAN_POINT('',(1.242318461,2.604632679,-2.038191687));
#8876=CARTESIAN_POINT('',(1.307726177,2.59972077,-2.043089881));
#8877=ADVANCED_FACE('',(#8878),#8904,.T.);
#8878=FACE_BOUND('',#8879,.T.);
#8879=EDGE_LOOP('',(#8880,#8881,#8889,#8898));
#8880=ORIENTED_EDGE('',*,*,#8845,.F.);
#8881=ORIENTED_EDGE('',*,*,#8882,.T.);
#8882=EDGE_CURVE('',#8837,#8883,#8885,.T.);
#8883=VERTEX_POINT('',#8884);
#8884=CARTESIAN_POINT('',(1.2,2.5,-0.95));
#8885=LINE('',#8886,#8887);
#8886=CARTESIAN_POINT('',(1.2,2.5,-2.05));
#8887=VECTOR('',#8888,1.0);
#8888=DIRECTION('',(0.0,0.0,1.0));
#8889=ORIENTED_EDGE('',*,*,#8890,.T.);
#8890=EDGE_CURVE('',#8883,#8891,#8893,.T.);
#8891=VERTEX_POINT('',#8892);
#8892=CARTESIAN_POINT('',(1.3,2.6,-0.95));
#8893=CIRCLE('',#8894,0.1);
#8894=AXIS2_PLACEMENT_3D('',#8895,#8896,#8897);
#8895=CARTESIAN_POINT('',(1.3,2.5,-0.95));
#8896=DIRECTION('',(0.0,0.0,-1.0));
#8897=DIRECTION('',(-1.0,0.0,0.0));
#8898=ORIENTED_EDGE('',*,*,#8899,.T.);
#8899=EDGE_CURVE('',#8891,#8846,#8900,.F.);
#8900=LINE('',#8901,#8902);
#8901=CARTESIAN_POINT('',(1.3,2.6,-2.05));
#8902=VECTOR('',#8903,1.0);
#8903=DIRECTION('',(0.0,0.0,1.0));
#8904=CYLINDRICAL_SURFACE('',#8905,0.1);
#8905=AXIS2_PLACEMENT_3D('',#8906,#8907,#8908);
#8906=CARTESIAN_POINT('',(1.3,2.5,-2.072));
#8907=DIRECTION('',(0.0,0.0,-1.0));
#8908=DIRECTION('',(0.0,1.0,0.0));
#8909=ADVANCED_FACE('',(#8910),#8938,.T.);
#8910=FACE_BOUND('',#8911,.T.);
#8911=EDGE_LOOP('',(#8912,#8913,#8922,#8931));
#8912=ORIENTED_EDGE('',*,*,#8890,.F.);
#8913=ORIENTED_EDGE('',*,*,#8914,.T.);
#8914=EDGE_CURVE('',#8883,#8915,#8917,.T.);
#8915=VERTEX_POINT('',#8916);
#8916=CARTESIAN_POINT('',(1.4,2.5,-0.75));
#8917=CIRCLE('',#8918,0.2);
#8918=AXIS2_PLACEMENT_3D('',#8919,#8920,#8921);
#8919=CARTESIAN_POINT('',(1.4,2.5,-0.95));
#8920=DIRECTION('',(0.0,1.0,0.0));
#8921=DIRECTION('',(-1.0,0.0,0.0));
#8922=ORIENTED_EDGE('',*,*,#8923,.T.);
#8923=EDGE_CURVE('',#8915,#8924,#8926,.T.);
#8924=VERTEX_POINT('',#8925);
#8925=CARTESIAN_POINT('',(1.4,2.6,-0.85));
#8926=CIRCLE('',#8927,0.1);
#8927=AXIS2_PLACEMENT_3D('',#8928,#8929,#8930);
#8928=CARTESIAN_POINT('',(1.4,2.5,-0.85));
#8929=DIRECTION('',(-1.0,0.0,0.0));
#8930=DIRECTION('',(0.0,0.0,1.0));
#8931=ORIENTED_EDGE('',*,*,#8932,.T.);
#8932=EDGE_CURVE('',#8924,#8891,#8933,.T.);
#8933=CIRCLE('',#8934,0.1);
#8934=AXIS2_PLACEMENT_3D('',#8935,#8936,#8937);
#8935=CARTESIAN_POINT('',(1.4,2.6,-0.95));
#8936=DIRECTION('',(0.0,-1.0,0.0));
#8937=DIRECTION('',(0.0,0.0,1.0));
#8938=(BOUNDED_SURFACE()B_SPLINE_SURFACE(3,3,((#8939,#8940,#8941,#8942),(#8943,#8944,#8945,#8946),(#8947,#8948,#8949,#8950),(#8951,#8952,#8953,#8954)),.UNSPECIFIED.,.F.,.F.,.U.)B_SPLINE_SURFACE_WITH_KNOTS((4,4),(4,4),(0.0,1.0),(0.0,1.0),.PIECEWISE_BEZIER_KNOTS.)GEOMETRIC_REPRESENTATION_ITEM()RATIONAL_B_SPLINE_SURFACE(((1.465102417,1.125518062,1.125518062,1.465102417),(1.125518062,0.864643246,0.864643246,1.125518062),(1.125518062,0.864643246,0.864643246,1.125518062),(1.465102417,1.125518062,1.125518062,1.465102417)))REPRESENTATION_ITEM('')SURFACE());
#8939=CARTESIAN_POINT('',(1.20083691,2.492532201,-0.964914746));
#8940=CARTESIAN_POINT('',(1.195938716,2.558123066,-0.965281557));
#8941=CARTESIAN_POINT('',(1.242318461,2.604632679,-0.961808313));
#8942=CARTESIAN_POINT('',(1.307726177,2.59972077,-0.956910119));
#8943=CARTESIAN_POINT('',(1.191026807,2.492532201,-0.833916166));
#8944=CARTESIAN_POINT('',(1.185887344,2.558123066,-0.831061213));
#8945=CARTESIAN_POINT('',(1.2345516,2.604632679,-0.858094027));
#8946=CARTESIAN_POINT('',(1.303181079,2.59972077,-0.896217448));
#8947=CARTESIAN_POINT('',(1.283916166,2.492532201,-0.741026807));
#8948=CARTESIAN_POINT('',(1.281061213,2.558123066,-0.735887344));
#8949=CARTESIAN_POINT('',(1.308094027,2.604632679,-0.7845516));
#8950=CARTESIAN_POINT('',(1.346217448,2.59972077,-0.853181079));
#8951=CARTESIAN_POINT('',(1.414914746,2.492532201,-0.75083691));
#8952=CARTESIAN_POINT('',(1.415281557,2.558123066,-0.745938716));
#8953=CARTESIAN_POINT('',(1.411808313,2.604632679,-0.792318461));
#8954=CARTESIAN_POINT('',(1.406910119,2.59972077,-0.857726177));
#8955=ADVANCED_FACE('',(#8956),#8972,.T.);
#8956=FACE_BOUND('',#8957,.T.);
#8957=EDGE_LOOP('',(#8958,#8959,#8965,#8966));
#8958=ORIENTED_EDGE('',*,*,#8923,.F.);
#8959=ORIENTED_EDGE('',*,*,#8960,.T.);
#8960=EDGE_CURVE('',#8915,#8672,#8961,.T.);
#8961=LINE('',#8962,#8963);
#8962=CARTESIAN_POINT('',(1.4,2.5,-0.75));
#8963=VECTOR('',#8964,1.0);
#8964=DIRECTION('',(1.0,0.0,0.0));
#8965=ORIENTED_EDGE('',*,*,#8669,.F.);
#8966=ORIENTED_EDGE('',*,*,#8967,.T.);
#8967=EDGE_CURVE('',#8670,#8924,#8968,.F.);
#8968=LINE('',#8969,#8970);
#8969=CARTESIAN_POINT('',(1.4,2.6,-0.85));
#8970=VECTOR('',#8971,1.0);
#8971=DIRECTION('',(1.0,0.0,0.0));
#8972=CYLINDRICAL_SURFACE('',#8973,0.1);
#8973=AXIS2_PLACEMENT_3D('',#8974,#8975,#8976);
#8974=CARTESIAN_POINT('',(1.364,2.5,-0.85));
#8975=DIRECTION('',(-1.0,0.0,0.0));
#8976=DIRECTION('',(0.0,1.0,0.0));
#8977=ADVANCED_FACE('',(#8978),#8981,.F.);
#8978=FACE_BOUND('',#8979,.T.);
#8979=EDGE_LOOP('',(#8980));
#8980=ORIENTED_EDGE('',*,*,#8654,.F.);
#8981=PLANE('',#8982);
#8982=AXIS2_PLACEMENT_3D('',#8983,#8984,#8985);
#8983=CARTESIAN_POINT('',(2.3,1.45,-1.45));
#8984=DIRECTION('',(0.0,1.0,0.0));
#8985=DIRECTION('',(1.0,0.0,0.0));
#8986=ADVANCED_FACE('',(#8987),#8997,.T.);
#8987=FACE_BOUND('',#8988,.T.);
#8988=EDGE_LOOP('',(#8989,#8990,#8991,#8992,#8993,#8994,#8995,#8996));
#8989=ORIENTED_EDGE('',*,*,#8821,.F.);
#8990=ORIENTED_EDGE('',*,*,#8854,.F.);
#8991=ORIENTED_EDGE('',*,*,#8899,.F.);
#8992=ORIENTED_EDGE('',*,*,#8932,.F.);
#8993=ORIENTED_EDGE('',*,*,#8967,.F.);
#8994=ORIENTED_EDGE('',*,*,#8698,.F.);
#8995=ORIENTED_EDGE('',*,*,#8743,.F.);
#8996=ORIENTED_EDGE('',*,*,#8776,.F.);
#8997=PLANE('',#8998);
#8998=AXIS2_PLACEMENT_3D('',#8999,#9000,#9001);
#8999=CARTESIAN_POINT('',(2.3,2.6,-1.5));
#9000=DIRECTION('',(0.0,1.0,0.0));
#9001=DIRECTION('',(1.0,0.0,0.0));
#9002=ADVANCED_FACE('',(#9003),#9029,.T.);
#9003=FACE_BOUND('',#9004,.T.);
#9004=EDGE_LOOP('',(#9005,#9013,#9022,#9028));
#9005=ORIENTED_EDGE('',*,*,#9006,.T.);
#9006=EDGE_CURVE('',#8727,#9007,#9009,.T.);
#9007=VERTEX_POINT('',#9008);
#9008=CARTESIAN_POINT('',(3.4,2.1,-2.05));
#9009=LINE('',#9010,#9011);
#9010=CARTESIAN_POINT('',(3.4,2.5,-2.05));
#9011=VECTOR('',#9012,1.0);
#9012=DIRECTION('',(0.0,-1.0,0.0));
#9013=ORIENTED_EDGE('',*,*,#9014,.T.);
#9014=EDGE_CURVE('',#9007,#9015,#9017,.T.);
#9015=VERTEX_POINT('',#9016);
#9016=CARTESIAN_POINT('',(3.2,2.1,-2.25));
#9017=CIRCLE('',#9018,0.2);
#9018=AXIS2_PLACEMENT_3D('',#9019,#9020,#9021);
#9019=CARTESIAN_POINT('',(3.2,2.1,-2.05));
#9020=DIRECTION('',(0.0,1.0,0.0));
#9021=DIRECTION('',(1.0,0.0,0.0));
#9022=ORIENTED_EDGE('',*,*,#9023,.T.);
#9023=EDGE_CURVE('',#9015,#8759,#9024,.F.);
#9024=LINE('',#9025,#9026);
#9025=CARTESIAN_POINT('',(3.2,2.5,-2.25));
#9026=VECTOR('',#9027,1.0);
#9027=DIRECTION('',(0.0,-1.0,0.0));
#9028=ORIENTED_EDGE('',*,*,#8758,.F.);
#9029=CYLINDRICAL_SURFACE('',#9030,0.2);
#9030=AXIS2_PLACEMENT_3D('',#9031,#9032,#9033);
#9031=CARTESIAN_POINT('',(3.2,2.092,-2.05));
#9032=DIRECTION('',(0.0,-1.0,0.0));
#9033=DIRECTION('',(-1.0,0.0,0.0));
#9034=ADVANCED_FACE('',(#9035),#9053,.T.);
#9035=FACE_BOUND('',#9036,.T.);
#9036=EDGE_LOOP('',(#9037,#9045,#9051,#9052));
#9037=ORIENTED_EDGE('',*,*,#9038,.T.);
#9038=EDGE_CURVE('',#8681,#9039,#9041,.F.);
#9039=VERTEX_POINT('',#9040);
#9040=CARTESIAN_POINT('',(3.4,2.1,-0.95));
#9041=LINE('',#9042,#9043);
#9042=CARTESIAN_POINT('',(3.4,2.1,-0.95));
#9043=VECTOR('',#9044,1.0);
#9044=DIRECTION('',(0.0,1.0,0.0));
#9045=ORIENTED_EDGE('',*,*,#9046,.T.);
#9046=EDGE_CURVE('',#9039,#9007,#9047,.F.);
#9047=LINE('',#9048,#9049);
#9048=CARTESIAN_POINT('',(3.4,2.1,-2.05));
#9049=VECTOR('',#9050,1.0);
#9050=DIRECTION('',(0.0,0.0,1.0));
#9051=ORIENTED_EDGE('',*,*,#9006,.F.);
#9052=ORIENTED_EDGE('',*,*,#8726,.F.);
#9053=PLANE('',#9054);
#9054=AXIS2_PLACEMENT_3D('',#9055,#9056,#9057);
#9055=CARTESIAN_POINT('',(3.4,2.3,-1.5));
#9056=DIRECTION('',(1.0,0.0,0.0));
#9057=DIRECTION('',(0.0,1.0,0.0));
#9058=ADVANCED_FACE('',(#9059),#9077,.F.);
#9059=FACE_BOUND('',#9060,.T.);
#9060=EDGE_LOOP('',(#9061,#9062,#9070,#9076));
#9061=ORIENTED_EDGE('',*,*,#9023,.F.);
#9062=ORIENTED_EDGE('',*,*,#9063,.T.);
#9063=EDGE_CURVE('',#9015,#9064,#9066,.F.);
#9064=VERTEX_POINT('',#9065);
#9065=CARTESIAN_POINT('',(1.4,2.1,-2.25));
#9066=LINE('',#9067,#9068);
#9067=CARTESIAN_POINT('',(1.4,2.1,-2.25));
#9068=VECTOR('',#9069,1.0);
#9069=DIRECTION('',(1.0,0.0,0.0));
#9070=ORIENTED_EDGE('',*,*,#9071,.T.);
#9071=EDGE_CURVE('',#9064,#8805,#9072,.F.);
#9072=LINE('',#9073,#9074);
#9073=CARTESIAN_POINT('',(1.4,2.5,-2.25));
#9074=VECTOR('',#9075,1.0);
#9075=DIRECTION('',(0.0,-1.0,0.0));
#9076=ORIENTED_EDGE('',*,*,#8804,.F.);
#9077=PLANE('',#9078);
#9078=AXIS2_PLACEMENT_3D('',#9079,#9080,#9081);
#9079=CARTESIAN_POINT('',(2.3,2.3,-2.25));
#9080=DIRECTION('',(0.0,0.0,1.0));
#9081=DIRECTION('',(1.0,0.0,0.0));
#9082=ADVANCED_FACE('',(#9083),#9102,.T.);
#9083=FACE_BOUND('',#9084,.T.);
#9084=EDGE_LOOP('',(#9085,#9086,#9095,#9101));
#9085=ORIENTED_EDGE('',*,*,#9071,.F.);
#9086=ORIENTED_EDGE('',*,*,#9087,.T.);
#9087=EDGE_CURVE('',#9064,#9088,#9090,.T.);
#9088=VERTEX_POINT('',#9089);
#9089=CARTESIAN_POINT('',(1.2,2.1,-2.05));
#9090=CIRCLE('',#9091,0.2);
#9091=AXIS2_PLACEMENT_3D('',#9092,#9093,#9094);
#9092=CARTESIAN_POINT('',(1.4,2.1,-2.05));
#9093=DIRECTION('',(0.0,1.0,0.0));
#9094=DIRECTION('',(0.0,0.0,-1.0));
#9095=ORIENTED_EDGE('',*,*,#9096,.T.);
#9096=EDGE_CURVE('',#9088,#8837,#9097,.F.);
#9097=LINE('',#9098,#9099);
#9098=CARTESIAN_POINT('',(1.2,2.5,-2.05));
#9099=VECTOR('',#9100,1.0);
#9100=DIRECTION('',(0.0,-1.0,0.0));
#9101=ORIENTED_EDGE('',*,*,#8836,.F.);
#9102=CYLINDRICAL_SURFACE('',#9103,0.2);
#9103=AXIS2_PLACEMENT_3D('',#9104,#9105,#9106);
#9104=CARTESIAN_POINT('',(1.4,2.092,-2.05));
#9105=DIRECTION('',(0.0,-1.0,0.0));
#9106=DIRECTION('',(-1.0,0.0,0.0));
#9107=ADVANCED_FACE('',(#9108),#9126,.F.);
#9108=FACE_BOUND('',#9109,.T.);
#9109=EDGE_LOOP('',(#9110,#9111,#9119,#9125));
#9110=ORIENTED_EDGE('',*,*,#9096,.F.);
#9111=ORIENTED_EDGE('',*,*,#9112,.T.);
#9112=EDGE_CURVE('',#9088,#9113,#9115,.F.);
#9113=VERTEX_POINT('',#9114);
#9114=CARTESIAN_POINT('',(1.2,2.1,-0.95));
#9115=LINE('',#9116,#9117);
#9116=CARTESIAN_POINT('',(1.2,2.1,-0.95));
#9117=VECTOR('',#9118,1.0);
#9118=DIRECTION('',(0.0,0.0,-1.0));
#9119=ORIENTED_EDGE('',*,*,#9120,.T.);
#9120=EDGE_CURVE('',#9113,#8883,#9121,.F.);
#9121=LINE('',#9122,#9123);
#9122=CARTESIAN_POINT('',(1.2,2.5,-0.95));
#9123=VECTOR('',#9124,1.0);
#9124=DIRECTION('',(0.0,-1.0,0.0));
#9125=ORIENTED_EDGE('',*,*,#8882,.F.);
#9126=PLANE('',#9127);
#9127=AXIS2_PLACEMENT_3D('',#9128,#9129,#9130);
#9128=CARTESIAN_POINT('',(1.2,2.3,-1.5));
#9129=DIRECTION('',(1.0,0.0,0.0));
#9130=DIRECTION('',(0.0,1.0,0.0));
#9131=ADVANCED_FACE('',(#9132),#9151,.T.);
#9132=FACE_BOUND('',#9133,.T.);
#9133=EDGE_LOOP('',(#9134,#9135,#9144,#9150));
#9134=ORIENTED_EDGE('',*,*,#9120,.F.);
#9135=ORIENTED_EDGE('',*,*,#9136,.T.);
#9136=EDGE_CURVE('',#9113,#9137,#9139,.T.);
#9137=VERTEX_POINT('',#9138);
#9138=CARTESIAN_POINT('',(1.4,2.1,-0.75));
#9139=CIRCLE('',#9140,0.2);
#9140=AXIS2_PLACEMENT_3D('',#9141,#9142,#9143);
#9141=CARTESIAN_POINT('',(1.4,2.1,-0.95));
#9142=DIRECTION('',(0.0,1.0,0.0));
#9143=DIRECTION('',(-1.0,0.0,0.0));
#9144=ORIENTED_EDGE('',*,*,#9145,.T.);
#9145=EDGE_CURVE('',#9137,#8915,#9146,.F.);
#9146=LINE('',#9147,#9148);
#9147=CARTESIAN_POINT('',(1.4,2.5,-0.75));
#9148=VECTOR('',#9149,1.0);
#9149=DIRECTION('',(0.0,-1.0,0.0));
#9150=ORIENTED_EDGE('',*,*,#8914,.F.);
#9151=CYLINDRICAL_SURFACE('',#9152,0.2);
#9152=AXIS2_PLACEMENT_3D('',#9153,#9154,#9155);
#9153=CARTESIAN_POINT('',(1.4,2.092,-0.95));
#9154=DIRECTION('',(0.0,-1.0,0.0));
#9155=DIRECTION('',(-1.0,0.0,0.0));
#9156=ADVANCED_FACE('',(#9157),#9175,.T.);
#9157=FACE_BOUND('',#9158,.T.);
#9158=EDGE_LOOP('',(#9159,#9160,#9168,#9174));
#9159=ORIENTED_EDGE('',*,*,#9145,.F.);
#9160=ORIENTED_EDGE('',*,*,#9161,.T.);
#9161=EDGE_CURVE('',#9137,#9162,#9164,.F.);
#9162=VERTEX_POINT('',#9163);
#9163=CARTESIAN_POINT('',(3.2,2.1,-0.75));
#9164=LINE('',#9165,#9166);
#9165=CARTESIAN_POINT('',(3.2,2.1,-0.75));
#9166=VECTOR('',#9167,1.0);
#9167=DIRECTION('',(-1.0,0.0,0.0));
#9168=ORIENTED_EDGE('',*,*,#9169,.T.);
#9169=EDGE_CURVE('',#9162,#8672,#9170,.F.);
#9170=LINE('',#9171,#9172);
#9171=CARTESIAN_POINT('',(3.2,2.5,-0.75));
#9172=VECTOR('',#9173,1.0);
#9173=DIRECTION('',(0.0,-1.0,0.0));
#9174=ORIENTED_EDGE('',*,*,#8960,.F.);
#9175=PLANE('',#9176);
#9176=AXIS2_PLACEMENT_3D('',#9177,#9178,#9179);
#9177=CARTESIAN_POINT('',(2.3,2.3,-0.75));
#9178=DIRECTION('',(0.0,0.0,1.0));
#9179=DIRECTION('',(1.0,0.0,0.0));
#9180=ADVANCED_FACE('',(#9181),#9215,.F.);
#9181=FACE_BOUND('',#9182,.T.);
#9182=EDGE_LOOP('',(#9183,#9193,#9201,#9209));
#9183=ORIENTED_EDGE('',*,*,#9184,.T.);
#9184=EDGE_CURVE('',#9185,#9187,#9189,.F.);
#9185=VERTEX_POINT('',#9186);
#9186=CARTESIAN_POINT('',(4.1,1.4,-1.4));
#9187=VERTEX_POINT('',#9188);
#9188=CARTESIAN_POINT('',(4.15,1.4,-1.4));
#9189=LINE('',#9190,#9191);
#9190=CARTESIAN_POINT('',(4.15,1.4,-1.4));
#9191=VECTOR('',#9192,1.0);
#9192=DIRECTION('',(-1.0,0.0,0.0));
#9193=ORIENTED_EDGE('',*,*,#9194,.T.);
#9194=EDGE_CURVE('',#9187,#9195,#9197,.T.);
#9195=VERTEX_POINT('',#9196);
#9196=CARTESIAN_POINT('',(4.15,1.4,-0.5));
#9197=LINE('',#9198,#9199);
#9198=CARTESIAN_POINT('',(4.15,1.4,-1.4));
#9199=VECTOR('',#9200,1.0);
#9200=DIRECTION('',(0.0,0.0,1.0));
#9201=ORIENTED_EDGE('',*,*,#9202,.T.);
#9202=EDGE_CURVE('',#9195,#9203,#9205,.T.);
#9203=VERTEX_POINT('',#9204);
#9204=CARTESIAN_POINT('',(4.1,1.4,-0.5));
#9205=LINE('',#9206,#9207);
#9206=CARTESIAN_POINT('',(4.15,1.4,-0.5));
#9207=VECTOR('',#9208,1.0);
#9208=DIRECTION('',(-1.0,0.0,0.0));
#9209=ORIENTED_EDGE('',*,*,#9210,.T.);
#9210=EDGE_CURVE('',#9203,#9185,#9211,.F.);
#9211=LINE('',#9212,#9213);
#9212=CARTESIAN_POINT('',(4.1,1.4,-1.4));
#9213=VECTOR('',#9214,1.0);
#9214=DIRECTION('',(0.0,0.0,1.0));
#9215=PLANE('',#9216);
#9216=AXIS2_PLACEMENT_3D('',#9217,#9218,#9219);
#9217=CARTESIAN_POINT('',(4.075,1.4,-0.95));
#9218=DIRECTION('',(0.0,1.0,0.0));
#9219=DIRECTION('',(1.0,0.0,0.0));
#9220=ADVANCED_FACE('',(#9221),#9255,.F.);
#9221=FACE_BOUND('',#9222,.T.);
#9222=EDGE_LOOP('',(#9223,#9233,#9241,#9249));
#9223=ORIENTED_EDGE('',*,*,#9224,.T.);
#9224=EDGE_CURVE('',#9225,#9227,#9229,.F.);
#9225=VERTEX_POINT('',#9226);
#9226=CARTESIAN_POINT('',(0.5,1.4,-0.5));
#9227=VERTEX_POINT('',#9228);
#9228=CARTESIAN_POINT('',(0.45,1.4,-0.5));
#9229=LINE('',#9230,#9231);
#9230=CARTESIAN_POINT('',(0.45,1.4,-0.5));
#9231=VECTOR('',#9232,1.0);
#9232=DIRECTION('',(1.0,0.0,0.0));
#9233=ORIENTED_EDGE('',*,*,#9234,.T.);
#9234=EDGE_CURVE('',#9227,#9235,#9237,.T.);
#9235=VERTEX_POINT('',#9236);
#9236=CARTESIAN_POINT('',(0.45,1.4,-1.4));
#9237=LINE('',#9238,#9239);
#9238=CARTESIAN_POINT('',(0.45,1.4,-0.5));
#9239=VECTOR('',#9240,1.0);
#9240=DIRECTION('',(0.0,0.0,-1.0));
#9241=ORIENTED_EDGE('',*,*,#9242,.T.);
#9242=EDGE_CURVE('',#9235,#9243,#9245,.F.);
#9243=VERTEX_POINT('',#9244);
#9244=CARTESIAN_POINT('',(0.5,1.4,-1.4));
#9245=LINE('',#9246,#9247);
#9246=CARTESIAN_POINT('',(0.5,1.4,-1.4));
#9247=VECTOR('',#9248,1.0);
#9248=DIRECTION('',(-1.0,0.0,0.0));
#9249=ORIENTED_EDGE('',*,*,#9250,.T.);
#9250=EDGE_CURVE('',#9243,#9225,#9251,.T.);
#9251=LINE('',#9252,#9253);
#9252=CARTESIAN_POINT('',(0.5,1.4,-1.4));
#9253=VECTOR('',#9254,1.0);
#9254=DIRECTION('',(0.0,0.0,1.0));
#9255=PLANE('',#9256);
#9256=AXIS2_PLACEMENT_3D('',#9257,#9258,#9259);
#9257=CARTESIAN_POINT('',(0.525,1.4,-0.95));
#9258=DIRECTION('',(0.0,1.0,0.0));
#9259=DIRECTION('',(1.0,0.0,0.0));
#9260=ADVANCED_FACE('',(#9261),#9264,.F.);
#9261=FACE_BOUND('',#9262,.T.);
#9262=EDGE_LOOP('',(#9263));
#9263=ORIENTED_EDGE('',*,*,#63,.F.);
#9264=PLANE('',#9265);
#9265=AXIS2_PLACEMENT_3D('',#9266,#9267,#9268);
#9266=CARTESIAN_POINT('',(2.3,1.2,-1.1));
#9267=DIRECTION('',(0.0,1.0,0.0));
#9268=DIRECTION('',(1.0,0.0,0.0));
#9269=ADVANCED_FACE('',(#9270),#9281,.F.);
#9270=FACE_BOUND('',#9271,.T.);
#9271=EDGE_LOOP('',(#9272,#9273,#9279,#9280));
#9272=ORIENTED_EDGE('',*,*,#234,.F.);
#9273=ORIENTED_EDGE('',*,*,#9274,.T.);
#9274=EDGE_CURVE('',#227,#1683,#9275,.F.);
#9275=LINE('',#9276,#9277);
#9276=CARTESIAN_POINT('',(0.55,2.132287566,-0.45));
#9277=VECTOR('',#9278,1.0);
#9278=DIRECTION('',(0.0,-1.0,0.0));
#9279=ORIENTED_EDGE('',*,*,#1682,.F.);
#9280=ORIENTED_EDGE('',*,*,#1750,.F.);
#9281=CYLINDRICAL_SURFACE('',#9282,0.15);
#9282=AXIS2_PLACEMENT_3D('',#9283,#9284,#9285);
#9283=CARTESIAN_POINT('',(0.55,2.092631314,-0.6));
#9284=DIRECTION('',(0.0,-1.0,0.0));
#9285=DIRECTION('',(0.0,0.0,1.0));
#9286=ADVANCED_FACE('',(#9287),#9298,.F.);
#9287=FACE_BOUND('',#9288,.T.);
#9288=EDGE_LOOP('',(#9289,#9290,#9291,#9297));
#9289=ORIENTED_EDGE('',*,*,#1762,.F.);
#9290=ORIENTED_EDGE('',*,*,#97,.F.);
#9291=ORIENTED_EDGE('',*,*,#9292,.T.);
#9292=EDGE_CURVE('',#89,#196,#9293,.F.);
#9293=LINE('',#9294,#9295);
#9294=CARTESIAN_POINT('',(0.55,2.1,-1.45));
#9295=VECTOR('',#9296,1.0);
#9296=DIRECTION('',(0.0,1.0,0.0));
#9297=ORIENTED_EDGE('',*,*,#193,.F.);
#9298=CYLINDRICAL_SURFACE('',#9299,0.15);
#9299=AXIS2_PLACEMENT_3D('',#9300,#9301,#9302);
#9300=CARTESIAN_POINT('',(0.55,2.092631314,-1.3));
#9301=DIRECTION('',(0.0,-1.0,0.0));
#9302=DIRECTION('',(1.0,0.0,0.0));
#9303=ADVANCED_FACE('',(#9304),#9325,.F.);
#9304=FACE_BOUND('',#9305,.T.);
#9305=EDGE_LOOP('',(#9306,#9314,#9320,#9321,#9322,#9323,#9324));
#9306=ORIENTED_EDGE('',*,*,#9307,.T.);
#9307=EDGE_CURVE('',#424,#9308,#9310,.F.);
#9308=VERTEX_POINT('',#9309);
#9309=CARTESIAN_POINT('',(0.5,1.4,-0.45));
#9310=LINE('',#9311,#9312);
#9311=CARTESIAN_POINT('',(0.5,1.4,-0.45));
#9312=VECTOR('',#9313,1.0);
#9313=DIRECTION('',(1.0,0.0,0.0));
#9314=ORIENTED_EDGE('',*,*,#9315,.T.);
#9315=EDGE_CURVE('',#9308,#1656,#9316,.T.);
#9316=LINE('',#9317,#9318);
#9317=CARTESIAN_POINT('',(0.5,1.4,-0.45));
#9318=VECTOR('',#9319,1.0);
#9319=DIRECTION('',(0.0,1.0,0.0));
#9320=ORIENTED_EDGE('',*,*,#1697,.F.);
#9321=ORIENTED_EDGE('',*,*,#9274,.F.);
#9322=ORIENTED_EDGE('',*,*,#224,.F.);
#9323=ORIENTED_EDGE('',*,*,#276,.F.);
#9324=ORIENTED_EDGE('',*,*,#423,.F.);
#9325=PLANE('',#9326);
#9326=AXIS2_PLACEMENT_3D('',#9327,#9328,#9329);
#9327=CARTESIAN_POINT('',(0.6,1.766143783,-0.45));
#9328=DIRECTION('',(0.0,0.0,1.0));
#9329=DIRECTION('',(1.0,0.0,0.0));
#9330=ADVANCED_FACE('',(#9331),#9362,.F.);
#9331=FACE_BOUND('',#9332,.T.);
#9332=EDGE_LOOP('',(#9333,#9341,#9347,#9348,#9349,#9350,#9351,#9352,#9353,#9354,#9355,#9361));
#9333=ORIENTED_EDGE('',*,*,#9334,.T.);
#9334=EDGE_CURVE('',#9243,#9335,#9337,.F.);
#9335=VERTEX_POINT('',#9336);
#9336=CARTESIAN_POINT('',(0.5,1.4,-1.45));
#9337=LINE('',#9338,#9339);
#9338=CARTESIAN_POINT('',(0.5,1.4,-1.45));
#9339=VECTOR('',#9340,1.0);
#9340=DIRECTION('',(0.0,0.0,1.0));
#9341=ORIENTED_EDGE('',*,*,#9342,.T.);
#9342=EDGE_CURVE('',#9335,#81,#9343,.F.);
#9343=LINE('',#9344,#9345);
#9344=CARTESIAN_POINT('',(0.5,2.0,-1.45));
#9345=VECTOR('',#9346,1.0);
#9346=DIRECTION('',(0.0,-1.0,0.0));
#9347=ORIENTED_EDGE('',*,*,#78,.F.);
#9348=ORIENTED_EDGE('',*,*,#545,.F.);
#9349=ORIENTED_EDGE('',*,*,#582,.F.);
#9350=ORIENTED_EDGE('',*,*,#615,.F.);
#9351=ORIENTED_EDGE('',*,*,#646,.F.);
#9352=ORIENTED_EDGE('',*,*,#1727,.F.);
#9353=ORIENTED_EDGE('',*,*,#1655,.F.);
#9354=ORIENTED_EDGE('',*,*,#9315,.F.);
#9355=ORIENTED_EDGE('',*,*,#9356,.T.);
#9356=EDGE_CURVE('',#9308,#9225,#9357,.F.);
#9357=LINE('',#9358,#9359);
#9358=CARTESIAN_POINT('',(0.5,1.4,-0.5));
#9359=VECTOR('',#9360,1.0);
#9360=DIRECTION('',(0.0,0.0,1.0));
#9361=ORIENTED_EDGE('',*,*,#9250,.F.);
#9362=PLANE('',#9363);
#9363=AXIS2_PLACEMENT_3D('',#9364,#9365,#9366);
#9364=CARTESIAN_POINT('',(0.5,1.525,-0.925));
#9365=DIRECTION('',(1.0,0.0,0.0));
#9366=DIRECTION('',(0.0,1.0,0.0));
#9367=ADVANCED_FACE('',(#9368),#9409,.F.);
#9368=FACE_BOUND('',#9369,.T.);
#9369=EDGE_LOOP('',(#9370,#9379,#9387,#9393,#9394,#9402,#9408));
#9370=ORIENTED_EDGE('',*,*,#9371,.T.);
#9371=EDGE_CURVE('',#843,#9372,#9374,.F.);
#9372=VERTEX_POINT('',#9373);
#9373=CARTESIAN_POINT('',(3.9,2.1,-0.45));
#9374=CIRCLE('',#9375,0.1);
#9375=AXIS2_PLACEMENT_3D('',#9376,#9377,#9378);
#9376=CARTESIAN_POINT('',(3.9,2.0,-0.45));
#9377=DIRECTION('',(0.0,0.0,-1.0));
#9378=DIRECTION('',(0.0,1.0,0.0));
#9379=ORIENTED_EDGE('',*,*,#9380,.T.);
#9380=EDGE_CURVE('',#9372,#9381,#9383,.F.);
#9381=VERTEX_POINT('',#9382);
#9382=CARTESIAN_POINT('',(4.05,2.1,-0.45));
#9383=LINE('',#9384,#9385);
#9384=CARTESIAN_POINT('',(4.05,2.1,-0.45));
#9385=VECTOR('',#9386,1.0);
#9386=DIRECTION('',(-1.0,0.0,0.0));
#9387=ORIENTED_EDGE('',*,*,#9388,.T.);
#9388=EDGE_CURVE('',#9381,#1429,#9389,.T.);
#9389=LINE('',#9390,#9391);
#9390=CARTESIAN_POINT('',(4.05,2.1,-0.45));
#9391=VECTOR('',#9392,1.0);
#9392=DIRECTION('',(0.0,1.0,0.0));
#9393=ORIENTED_EDGE('',*,*,#1428,.F.);
#9394=ORIENTED_EDGE('',*,*,#9395,.T.);
#9395=EDGE_CURVE('',#1421,#9396,#9398,.T.);
#9396=VERTEX_POINT('',#9397);
#9397=CARTESIAN_POINT('',(4.1,1.4,-0.45));
#9398=LINE('',#9399,#9400);
#9399=CARTESIAN_POINT('',(4.1,2.0,-0.45));
#9400=VECTOR('',#9401,1.0);
#9401=DIRECTION('',(0.0,-1.0,0.0));
#9402=ORIENTED_EDGE('',*,*,#9403,.T.);
#9403=EDGE_CURVE('',#9396,#827,#9404,.T.);
#9404=LINE('',#9405,#9406);
#9405=CARTESIAN_POINT('',(4.1,1.4,-0.45));
#9406=VECTOR('',#9407,1.0);
#9407=DIRECTION('',(-1.0,0.0,0.0));
#9408=ORIENTED_EDGE('',*,*,#850,.F.);
#9409=PLANE('',#9410);
#9410=AXIS2_PLACEMENT_3D('',#9411,#9412,#9413);
#9411=CARTESIAN_POINT('',(4.0,1.766143783,-0.45));
#9412=DIRECTION('',(0.0,0.0,1.0));
#9413=DIRECTION('',(1.0,0.0,0.0));
#9414=ADVANCED_FACE('',(#9415),#9434,.F.);
#9415=FACE_BOUND('',#9416,.T.);
#9416=EDGE_LOOP('',(#9417,#9418,#9419,#9428));
#9417=ORIENTED_EDGE('',*,*,#1437,.F.);
#9418=ORIENTED_EDGE('',*,*,#9388,.F.);
#9419=ORIENTED_EDGE('',*,*,#9420,.T.);
#9420=EDGE_CURVE('',#9381,#9421,#9423,.T.);
#9421=VERTEX_POINT('',#9422);
#9422=CARTESIAN_POINT('',(3.9,2.1,-0.6));
#9423=CIRCLE('',#9424,0.15);
#9424=AXIS2_PLACEMENT_3D('',#9425,#9426,#9427);
#9425=CARTESIAN_POINT('',(4.05,2.1,-0.6));
#9426=DIRECTION('',(0.0,-1.0,0.0));
#9427=DIRECTION('',(0.0,0.0,1.0));
#9428=ORIENTED_EDGE('',*,*,#9429,.T.);
#9429=EDGE_CURVE('',#9421,#1438,#9430,.F.);
#9430=LINE('',#9431,#9432);
#9431=CARTESIAN_POINT('',(3.9,2.2,-0.6));
#9432=VECTOR('',#9433,1.0);
#9433=DIRECTION('',(0.0,-1.0,0.0));
#9434=CYLINDRICAL_SURFACE('',#9435,0.15);
#9435=AXIS2_PLACEMENT_3D('',#9436,#9437,#9438);
#9436=CARTESIAN_POINT('',(4.05,2.092631314,-0.6));
#9437=DIRECTION('',(0.0,-1.0,0.0));
#9438=DIRECTION('',(-1.0,0.0,0.0));
#9439=ADVANCED_FACE('',(#9440),#9457,.F.);
#9440=FACE_BOUND('',#9441,.T.);
#9441=EDGE_LOOP('',(#9442,#9443,#9444,#9450,#9451));
#9442=ORIENTED_EDGE('',*,*,#766,.F.);
#9443=ORIENTED_EDGE('',*,*,#806,.F.);
#9444=ORIENTED_EDGE('',*,*,#9445,.T.);
#9445=EDGE_CURVE('',#799,#9187,#9446,.T.);
#9446=LINE('',#9447,#9448);
#9447=CARTESIAN_POINT('',(4.15,1.6,-1.4));
#9448=VECTOR('',#9449,1.0);
#9449=DIRECTION('',(0.0,-1.0,0.0));
#9450=ORIENTED_EDGE('',*,*,#9184,.F.);
#9451=ORIENTED_EDGE('',*,*,#9452,.T.);
#9452=EDGE_CURVE('',#9185,#767,#9453,.F.);
#9453=LINE('',#9454,#9455);
#9454=CARTESIAN_POINT('',(4.0,1.4,-1.4));
#9455=VECTOR('',#9456,1.0);
#9456=DIRECTION('',(1.0,0.0,0.0));
#9457=PLANE('',#9458);
#9458=AXIS2_PLACEMENT_3D('',#9459,#9460,#9461);
#9459=CARTESIAN_POINT('',(4.075,1.7,-1.4));
#9460=DIRECTION('',(0.0,0.0,1.0));
#9461=DIRECTION('',(1.0,0.0,0.0));
#9462=ADVANCED_FACE('',(#9463),#9481,.T.);
#9463=FACE_BOUND('',#9464,.T.);
#9464=EDGE_LOOP('',(#9465,#9466,#9474,#9480));
#9465=ORIENTED_EDGE('',*,*,#9452,.F.);
#9466=ORIENTED_EDGE('',*,*,#9467,.T.);
#9467=EDGE_CURVE('',#9185,#9468,#9470,.T.);
#9468=VERTEX_POINT('',#9469);
#9469=CARTESIAN_POINT('',(4.1,1.4,-1.45));
#9470=LINE('',#9471,#9472);
#9471=CARTESIAN_POINT('',(4.1,1.4,-1.4));
#9472=VECTOR('',#9473,1.0);
#9473=DIRECTION('',(0.0,0.0,-1.0));
#9474=ORIENTED_EDGE('',*,*,#9475,.T.);
#9475=EDGE_CURVE('',#9468,#751,#9476,.T.);
#9476=LINE('',#9477,#9478);
#9477=CARTESIAN_POINT('',(4.1,1.4,-1.45));
#9478=VECTOR('',#9479,1.0);
#9479=DIRECTION('',(-1.0,0.0,0.0));
#9480=ORIENTED_EDGE('',*,*,#774,.F.);
#9481=PLANE('',#9482);
#9482=AXIS2_PLACEMENT_3D('',#9483,#9484,#9485);
#9483=CARTESIAN_POINT('',(4.05,1.4,-0.95));
#9484=DIRECTION('',(0.0,1.0,0.0));
#9485=DIRECTION('',(1.0,0.0,0.0));
#9486=ADVANCED_FACE('',(#9487),#9498,.T.);
#9487=FACE_BOUND('',#9488,.T.);
#9488=EDGE_LOOP('',(#9489,#9490,#9491,#9492));
#9489=ORIENTED_EDGE('',*,*,#9194,.F.);
#9490=ORIENTED_EDGE('',*,*,#9445,.F.);
#9491=ORIENTED_EDGE('',*,*,#798,.F.);
#9492=ORIENTED_EDGE('',*,*,#9493,.T.);
#9493=EDGE_CURVE('',#791,#9195,#9494,.F.);
#9494=LINE('',#9495,#9496);
#9495=CARTESIAN_POINT('',(4.15,1.4,-0.5));
#9496=VECTOR('',#9497,1.0);
#9497=DIRECTION('',(0.0,1.0,0.0));
#9498=PLANE('',#9499);
#9499=AXIS2_PLACEMENT_3D('',#9500,#9501,#9502);
#9500=CARTESIAN_POINT('',(4.15,1.5,-0.95));
#9501=DIRECTION('',(1.0,0.0,0.0));
#9502=DIRECTION('',(0.0,1.0,0.0));
#9503=ADVANCED_FACE('',(#9504),#9516,.T.);
#9504=FACE_BOUND('',#9505,.T.);
#9505=EDGE_LOOP('',(#9506,#9507,#9508,#9509,#9510));
#9506=ORIENTED_EDGE('',*,*,#9202,.F.);
#9507=ORIENTED_EDGE('',*,*,#9493,.F.);
#9508=ORIENTED_EDGE('',*,*,#788,.F.);
#9509=ORIENTED_EDGE('',*,*,#836,.F.);
#9510=ORIENTED_EDGE('',*,*,#9511,.T.);
#9511=EDGE_CURVE('',#829,#9203,#9512,.T.);
#9512=LINE('',#9513,#9514);
#9513=CARTESIAN_POINT('',(4.0,1.4,-0.5));
#9514=VECTOR('',#9515,1.0);
#9515=DIRECTION('',(1.0,0.0,0.0));
#9516=PLANE('',#9517);
#9517=AXIS2_PLACEMENT_3D('',#9518,#9519,#9520);
#9518=CARTESIAN_POINT('',(4.075,1.7,-0.5));
#9519=DIRECTION('',(0.0,0.0,1.0));
#9520=DIRECTION('',(1.0,0.0,0.0));
#9521=ADVANCED_FACE('',(#9522),#9533,.T.);
#9522=FACE_BOUND('',#9523,.T.);
#9523=EDGE_LOOP('',(#9524,#9525,#9531,#9532));
#9524=ORIENTED_EDGE('',*,*,#9403,.F.);
#9525=ORIENTED_EDGE('',*,*,#9526,.T.);
#9526=EDGE_CURVE('',#9396,#9203,#9527,.T.);
#9527=LINE('',#9528,#9529);
#9528=CARTESIAN_POINT('',(4.1,1.4,-0.45));
#9529=VECTOR('',#9530,1.0);
#9530=DIRECTION('',(0.0,0.0,-1.0));
#9531=ORIENTED_EDGE('',*,*,#9511,.F.);
#9532=ORIENTED_EDGE('',*,*,#826,.F.);
#9533=PLANE('',#9534);
#9534=AXIS2_PLACEMENT_3D('',#9535,#9536,#9537);
#9535=CARTESIAN_POINT('',(4.05,1.4,-0.95));
#9536=DIRECTION('',(0.0,1.0,0.0));
#9537=DIRECTION('',(1.0,0.0,0.0));
#9538=ADVANCED_FACE('',(#9539),#9555,.T.);
#9539=FACE_BOUND('',#9540,.T.);
#9540=EDGE_LOOP('',(#9541,#9547,#9548,#9554));
#9541=ORIENTED_EDGE('',*,*,#9542,.T.);
#9542=EDGE_CURVE('',#1293,#8591,#9543,.T.);
#9543=LINE('',#9544,#9545);
#9544=CARTESIAN_POINT('',(2.082055053,1.75,-1.95));
#9545=VECTOR('',#9546,1.0);
#9546=DIRECTION('',(0.0,1.0,0.0));
#9547=ORIENTED_EDGE('',*,*,#8617,.F.);
#9548=ORIENTED_EDGE('',*,*,#9549,.T.);
#9549=EDGE_CURVE('',#8610,#1242,#9550,.T.);
#9550=LINE('',#9551,#9552);
#9551=CARTESIAN_POINT('',(1.5,2.35,-1.95));
#9552=VECTOR('',#9553,1.0);
#9553=DIRECTION('',(0.0,-1.0,0.0));
#9554=ORIENTED_EDGE('',*,*,#1301,.F.);
#9555=PLANE('',#9556);
#9556=AXIS2_PLACEMENT_3D('',#9557,#9558,#9559);
#9557=CARTESIAN_POINT('',(1.791027526,2.05,-1.95));
#9558=DIRECTION('',(0.0,0.0,1.0));
#9559=DIRECTION('',(1.0,0.0,0.0));
#9560=ADVANCED_FACE('',(#9561),#9602,.T.);
#9561=FACE_BOUND('',#9562,.T.);
#9562=EDGE_LOOP('',(#9563,#9564,#9570,#9571,#9578,#9585,#9586,#9587,#9593,#9594,#9600,#9601));
#9563=ORIENTED_EDGE('',*,*,#1292,.F.);
#9564=ORIENTED_EDGE('',*,*,#9565,.T.);
#9565=EDGE_CURVE('',#1285,#8546,#9566,.T.);
#9566=LINE('',#9567,#9568);
#9567=CARTESIAN_POINT('',(2.517944947,1.75,-1.95));
#9568=VECTOR('',#9569,1.0);
#9569=DIRECTION('',(0.0,1.0,0.0));
#9570=ORIENTED_EDGE('',*,*,#8580,.F.);
#9571=ORIENTED_EDGE('',*,*,#9572,.T.);
#9572=EDGE_CURVE('',#8572,#9573,#9575,.F.);
#9573=VERTEX_POINT('',#9574);
#9574=CARTESIAN_POINT('',(2.8,1.7,-1.5));
#9575=B_SPLINE_CURVE_WITH_KNOTS('',1,(#9576,#9577),.UNSPECIFIED.,.F.,.U.,(2,2),(-0.663,-0.013),.PIECEWISE_BEZIER_KNOTS.);
#9576=CARTESIAN_POINT('',(2.8,1.7,-1.5));
#9577=CARTESIAN_POINT('',(2.8,2.35,-1.5));
#9578=ORIENTED_EDGE('',*,*,#9579,.T.);
#9579=EDGE_CURVE('',#9573,#9573,#9580,.T.);
#9580=CIRCLE('',#9581,0.5);
#9581=AXIS2_PLACEMENT_3D('',#9582,#9583,#9584);
#9582=CARTESIAN_POINT('',(2.3,1.7,-1.5));
#9583=DIRECTION('',(0.0,1.0,0.0));
#9584=DIRECTION('',(1.0,0.0,0.0));
#9585=ORIENTED_EDGE('',*,*,#9572,.F.);
#9586=ORIENTED_EDGE('',*,*,#8571,.F.);
#9587=ORIENTED_EDGE('',*,*,#9588,.T.);
#9588=EDGE_CURVE('',#8564,#1260,#9589,.T.);
#9589=LINE('',#9590,#9591);
#9590=CARTESIAN_POINT('',(2.517944947,2.35,-1.05));
#9591=VECTOR('',#9592,1.0);
#9592=DIRECTION('',(0.0,-1.0,0.0));
#9593=ORIENTED_EDGE('',*,*,#1259,.F.);
#9594=ORIENTED_EDGE('',*,*,#9595,.T.);
#9595=EDGE_CURVE('',#1252,#8593,#9596,.F.);
#9596=LINE('',#9597,#9598);
#9597=CARTESIAN_POINT('',(2.082055053,2.35,-1.05));
#9598=VECTOR('',#9599,1.0);
#9599=DIRECTION('',(0.0,-1.0,0.0));
#9600=ORIENTED_EDGE('',*,*,#8590,.F.);
#9601=ORIENTED_EDGE('',*,*,#9542,.F.);
#9602=CYLINDRICAL_SURFACE('',#9603,0.5);
#9603=AXIS2_PLACEMENT_3D('',#9604,#9605,#9606);
#9604=CARTESIAN_POINT('',(2.3,2.363,-1.5));
#9605=DIRECTION('',(0.0,1.0,0.0));
#9606=DIRECTION('',(1.0,0.0,0.0));
#9607=ADVANCED_FACE('',(#9608),#9619,.T.);
#9608=FACE_BOUND('',#9609,.T.);
#9609=EDGE_LOOP('',(#9610,#9616,#9617,#9618));
#9610=ORIENTED_EDGE('',*,*,#9611,.T.);
#9611=EDGE_CURVE('',#1277,#8548,#9612,.F.);
#9612=LINE('',#9613,#9614);
#9613=CARTESIAN_POINT('',(3.1,2.35,-1.95));
#9614=VECTOR('',#9615,1.0);
#9615=DIRECTION('',(0.0,-1.0,0.0));
#9616=ORIENTED_EDGE('',*,*,#8545,.F.);
#9617=ORIENTED_EDGE('',*,*,#9565,.F.);
#9618=ORIENTED_EDGE('',*,*,#1284,.F.);
#9619=PLANE('',#9620);
#9620=AXIS2_PLACEMENT_3D('',#9621,#9622,#9623);
#9621=CARTESIAN_POINT('',(2.808972474,2.05,-1.95));
#9622=DIRECTION('',(0.0,0.0,1.0));
#9623=DIRECTION('',(1.0,0.0,0.0));
#9624=ADVANCED_FACE('',(#9625),#9636,.F.);
#9625=FACE_BOUND('',#9626,.T.);
#9626=EDGE_LOOP('',(#9627,#9633,#9634,#9635));
#9627=ORIENTED_EDGE('',*,*,#9628,.T.);
#9628=EDGE_CURVE('',#1269,#8556,#9629,.F.);
#9629=LINE('',#9630,#9631);
#9630=CARTESIAN_POINT('',(3.1,2.35,-1.05));
#9631=VECTOR('',#9632,1.0);
#9632=DIRECTION('',(0.0,-1.0,0.0));
#9633=ORIENTED_EDGE('',*,*,#8555,.F.);
#9634=ORIENTED_EDGE('',*,*,#9611,.F.);
#9635=ORIENTED_EDGE('',*,*,#1276,.F.);
#9636=PLANE('',#9637);
#9637=AXIS2_PLACEMENT_3D('',#9638,#9639,#9640);
#9638=CARTESIAN_POINT('',(3.1,2.05,-1.5));
#9639=DIRECTION('',(1.0,0.0,0.0));
#9640=DIRECTION('',(0.0,1.0,0.0));
#9641=ADVANCED_FACE('',(#9642),#9648,.F.);
#9642=FACE_BOUND('',#9643,.T.);
#9643=EDGE_LOOP('',(#9644,#9645,#9646,#9647));
#9644=ORIENTED_EDGE('',*,*,#9588,.F.);
#9645=ORIENTED_EDGE('',*,*,#8563,.F.);
#9646=ORIENTED_EDGE('',*,*,#9628,.F.);
#9647=ORIENTED_EDGE('',*,*,#1268,.F.);
#9648=PLANE('',#9649);
#9649=AXIS2_PLACEMENT_3D('',#9650,#9651,#9652);
#9650=CARTESIAN_POINT('',(2.808972474,2.05,-1.05));
#9651=DIRECTION('',(0.0,0.0,1.0));
#9652=DIRECTION('',(1.0,0.0,0.0));
#9653=ADVANCED_FACE('',(#9654),#9665,.F.);
#9654=FACE_BOUND('',#9655,.T.);
#9655=EDGE_LOOP('',(#9656,#9662,#9663,#9664));
#9656=ORIENTED_EDGE('',*,*,#9657,.T.);
#9657=EDGE_CURVE('',#1244,#8602,#9658,.F.);
#9658=LINE('',#9659,#9660);
#9659=CARTESIAN_POINT('',(1.5,2.35,-1.05));
#9660=VECTOR('',#9661,1.0);
#9661=DIRECTION('',(0.0,-1.0,0.0));
#9662=ORIENTED_EDGE('',*,*,#8601,.F.);
#9663=ORIENTED_EDGE('',*,*,#9595,.F.);
#9664=ORIENTED_EDGE('',*,*,#1251,.F.);
#9665=PLANE('',#9666);
#9666=AXIS2_PLACEMENT_3D('',#9667,#9668,#9669);
#9667=CARTESIAN_POINT('',(1.791027526,2.05,-1.05));
#9668=DIRECTION('',(0.0,0.0,1.0));
#9669=DIRECTION('',(1.0,0.0,0.0));
#9670=ADVANCED_FACE('',(#9671),#9677,.T.);
#9671=FACE_BOUND('',#9672,.T.);
#9672=EDGE_LOOP('',(#9673,#9674,#9675,#9676));
#9673=ORIENTED_EDGE('',*,*,#9549,.F.);
#9674=ORIENTED_EDGE('',*,*,#8609,.F.);
#9675=ORIENTED_EDGE('',*,*,#9657,.F.);
#9676=ORIENTED_EDGE('',*,*,#1241,.F.);
#9677=PLANE('',#9678);
#9678=AXIS2_PLACEMENT_3D('',#9679,#9680,#9681);
#9679=CARTESIAN_POINT('',(1.5,2.05,-1.5));
#9680=DIRECTION('',(1.0,0.0,0.0));
#9681=DIRECTION('',(0.0,1.0,0.0));
#9682=ADVANCED_FACE('',(#9683),#9717,.F.);
#9683=FACE_BOUND('',#9684,.T.);
#9684=EDGE_LOOP('',(#9685,#9695,#9703,#9711));
#9685=ORIENTED_EDGE('',*,*,#9686,.T.);
#9686=EDGE_CURVE('',#9687,#9689,#9691,.F.);
#9687=VERTEX_POINT('',#9688);
#9688=CARTESIAN_POINT('',(1.6,1.5,-6.68007573E-12));
#9689=VERTEX_POINT('',#9690);
#9690=CARTESIAN_POINT('',(1.6,1.5,-0.1));
#9691=LINE('',#9692,#9693);
#9692=CARTESIAN_POINT('',(1.6,1.5,-0.1));
#9693=VECTOR('',#9694,1.0);
#9694=DIRECTION('',(0.0,0.0,1.0));
#9695=ORIENTED_EDGE('',*,*,#9696,.T.);
#9696=EDGE_CURVE('',#9689,#9697,#9699,.F.);
#9697=VERTEX_POINT('',#9698);
#9698=CARTESIAN_POINT('',(3.0,1.5,-0.1));
#9699=LINE('',#9700,#9701);
#9700=CARTESIAN_POINT('',(3.0,1.5,-0.1));
#9701=VECTOR('',#9702,1.0);
#9702=DIRECTION('',(-1.0,0.0,0.0));
#9703=ORIENTED_EDGE('',*,*,#9704,.T.);
#9704=EDGE_CURVE('',#9697,#9705,#9707,.F.);
#9705=VERTEX_POINT('',#9706);
#9706=CARTESIAN_POINT('',(3.0,1.5,-1.001372475E-11));
#9707=LINE('',#9708,#9709);
#9708=CARTESIAN_POINT('',(3.0,1.5,-1.001379597E-11));
#9709=VECTOR('',#9710,1.0);
#9710=DIRECTION('',(0.0,0.0,-1.0));
#9711=ORIENTED_EDGE('',*,*,#9712,.T.);
#9712=EDGE_CURVE('',#9705,#9687,#9713,.F.);
#9713=LINE('',#9714,#9715);
#9714=CARTESIAN_POINT('',(1.6,1.5,-1.001363724E-11));
#9715=VECTOR('',#9716,1.0);
#9716=DIRECTION('',(1.0,0.0,0.0));
#9717=PLANE('',#9718);
#9718=AXIS2_PLACEMENT_3D('',#9719,#9720,#9721);
#9719=CARTESIAN_POINT('',(2.3,1.5,-0.05));
#9720=DIRECTION('',(0.0,1.0,0.0));
#9721=DIRECTION('',(1.0,0.0,0.0));
#9722=ADVANCED_FACE('',(#9723),#9746,.T.);
#9723=FACE_BOUND('',#9724,.T.);
#9724=EDGE_LOOP('',(#9725,#9734,#9744,#9745));
#9725=ORIENTED_EDGE('',*,*,#9726,.T.);
#9726=EDGE_CURVE('',#9727,#9727,#9729,.F.);
#9727=VERTEX_POINT('',#9728);
#9728=CARTESIAN_POINT('',(2.633960115,1.502904311,-1.5));
#9729=CIRCLE('',#9730,0.3339601);
#9730=AXIS2_PLACEMENT_3D('',#9731,#9732,#9733);
#9731=CARTESIAN_POINT('',(2.3,1.502904311,-1.5));
#9732=DIRECTION('',(0.0,-1.0,0.0));
#9733=DIRECTION('',(1.0,0.0,0.0));
#9734=ORIENTED_EDGE('',*,*,#9735,.T.);
#9735=EDGE_CURVE('',#9727,#9573,#9736,.F.);
#9736=(BOUNDED_CURVE()B_SPLINE_CURVE(6,(#9737,#9738,#9739,#9740,#9741,#9742,#9743),.UNSPECIFIED.,.F.,.U.)B_SPLINE_CURVE_WITH_KNOTS((7,7),(0.0,1.400169099),.PIECEWISE_BEZIER_KNOTS.)CURVE()GEOMETRIC_REPRESENTATION_ITEM()RATIONAL_B_SPLINE_CURVE((1.024852778,1.008009192,0.998351931,0.995181311,0.998351931,1.008009192,1.024852778))REPRESENTATION_ITEM(''));
#9737=CARTESIAN_POINT('',(2.8,1.7,-1.5));
#9738=CARTESIAN_POINT('',(2.8,1.652547923,-1.5));
#9739=CARTESIAN_POINT('',(2.786583305,1.606067157,-1.5));
#9740=CARTESIAN_POINT('',(2.760616606,1.564691283,-1.5));
#9741=CARTESIAN_POINT('',(2.724250732,1.532076016,-1.5));
#9742=CARTESIAN_POINT('',(2.6807231,1.510961695,-1.5));
#9743=CARTESIAN_POINT('',(2.6339601,1.502904309,-1.5));
#9744=ORIENTED_EDGE('',*,*,#9579,.F.);
#9745=ORIENTED_EDGE('',*,*,#9735,.F.);
#9746=TOROIDAL_SURFACE('',#9747,0.3,0.2);
#9747=AXIS2_PLACEMENT_3D('',#9748,#9749,#9750);
#9748=CARTESIAN_POINT('',(2.3,1.7,-1.5));
#9749=DIRECTION('',(0.0,-1.0,0.0));
#9750=DIRECTION('',(-0.999925335,0.0,0.012219846));
#9751=ADVANCED_FACE('',(#9752),#9771,.T.);
#9752=FACE_BOUND('',#9753,.T.);
#9753=EDGE_LOOP('',(#9754,#9763,#9768,#9769,#9770));
#9754=ORIENTED_EDGE('',*,*,#9755,.T.);
#9755=EDGE_CURVE('',#9756,#9756,#9758,.T.);
#9756=VERTEX_POINT('',#9757);
#9757=CARTESIAN_POINT('',(3.55,1.41,-1.5));
#9758=CIRCLE('',#9759,1.25);
#9759=AXIS2_PLACEMENT_3D('',#9760,#9761,#9762);
#9760=CARTESIAN_POINT('',(2.3,1.41,-1.5));
#9761=DIRECTION('',(0.0,-1.0,0.0));
#9762=DIRECTION('',(1.0,0.0,0.0));
#9763=ORIENTED_EDGE('',*,*,#9764,.T.);
#9764=EDGE_CURVE('',#9756,#8632,#9765,.T.);
#9765=B_SPLINE_CURVE_WITH_KNOTS('',1,(#9766,#9767),.UNSPECIFIED.,.F.,.U.,(2,2),(-0.054246457,-0.004246457),.PIECEWISE_BEZIER_KNOTS.);
#9766=CARTESIAN_POINT('',(3.55,1.41,-1.5));
#9767=CARTESIAN_POINT('',(3.55,1.36,-1.5));
#9768=ORIENTED_EDGE('',*,*,#8651,.F.);
#9769=ORIENTED_EDGE('',*,*,#8642,.F.);
#9770=ORIENTED_EDGE('',*,*,#9764,.F.);
#9771=CYLINDRICAL_SURFACE('',#9772,1.25);
#9772=AXIS2_PLACEMENT_3D('',#9773,#9774,#9775);
#9773=CARTESIAN_POINT('',(2.3,1.355753543,-1.5));
#9774=DIRECTION('',(0.0,-1.0,0.0));
#9775=DIRECTION('',(1.0,0.0,0.0));
#9776=ADVANCED_FACE('',(#9777),#9789,.T.);
#9777=FACE_BOUND('',#9778,.T.);
#9778=EDGE_LOOP('',(#9779,#9780,#9787,#9788));
#9779=ORIENTED_EDGE('',*,*,#9169,.F.);
#9780=ORIENTED_EDGE('',*,*,#9781,.T.);
#9781=EDGE_CURVE('',#9162,#9039,#9782,.T.);
#9782=CIRCLE('',#9783,0.2);
#9783=AXIS2_PLACEMENT_3D('',#9784,#9785,#9786);
#9784=CARTESIAN_POINT('',(3.2,2.1,-0.95));
#9785=DIRECTION('',(0.0,1.0,0.0));
#9786=DIRECTION('',(0.0,0.0,1.0));
#9787=ORIENTED_EDGE('',*,*,#9038,.F.);
#9788=ORIENTED_EDGE('',*,*,#8680,.F.);
#9789=CYLINDRICAL_SURFACE('',#9790,0.2);
#9790=AXIS2_PLACEMENT_3D('',#9791,#9792,#9793);
#9791=CARTESIAN_POINT('',(3.2,2.092,-0.95));
#9792=DIRECTION('',(0.0,-1.0,0.0));
#9793=DIRECTION('',(-1.0,0.0,0.0));
#9794=ADVANCED_FACE('',(#9795),#9807,.T.);
#9795=FACE_BOUND('',#9796,.T.);
#9796=EDGE_LOOP('',(#9797,#9798,#9805,#9806));
#9797=ORIENTED_EDGE('',*,*,#8134,.F.);
#9798=ORIENTED_EDGE('',*,*,#9799,.T.);
#9799=EDGE_CURVE('',#8135,#9756,#9800,.F.);
#9800=B_SPLINE_CURVE_WITH_KNOTS('',3,(#9801,#9802,#9803,#9804),.UNSPECIFIED.,.F.,.U.,(4,4),(1.411136355,1.447176861),.PIECEWISE_BEZIER_KNOTS.);
#9801=CARTESIAN_POINT('',(3.55,1.41,-1.5));
#9802=CARTESIAN_POINT('',(3.456745192,1.425016877,-1.5));
#9803=CARTESIAN_POINT('',(3.363219749,1.438353097,-1.5));
#9804=CARTESIAN_POINT('',(3.2694844,1.45,-1.5));
#9805=ORIENTED_EDGE('',*,*,#9755,.F.);
#9806=ORIENTED_EDGE('',*,*,#9799,.F.);
#9807=SPHERICAL_SURFACE('',#9808,7.8625);
#9808=AXIS2_PLACEMENT_3D('',#9809,#9810,#9811);
#9809=CARTESIAN_POINT('',(2.3,-6.3525,-1.5));
#9810=DIRECTION('',(0.0,1.0,0.0));
#9811=DIRECTION('',(1.0,0.0,0.0));
#9812=ADVANCED_FACE('',(#9813),#9831,.F.);
#9813=FACE_BOUND('',#9814,.T.);
#9814=EDGE_LOOP('',(#9815,#9823,#9824,#9825));
#9815=ORIENTED_EDGE('',*,*,#9816,.T.);
#9816=EDGE_CURVE('',#9817,#7902,#9819,.F.);
#9817=VERTEX_POINT('',#9818);
#9818=CARTESIAN_POINT('',(0.95,1.45,-0.932842712));
#9819=LINE('',#9820,#9821);
#9820=CARTESIAN_POINT('',(0.95,1.495,-0.932842712));
#9821=VECTOR('',#9822,1.0);
#9822=DIRECTION('',(0.0,-1.0,0.0));
#9823=ORIENTED_EDGE('',*,*,#7901,.F.);
#9824=ORIENTED_EDGE('',*,*,#8018,.F.);
#9825=ORIENTED_EDGE('',*,*,#9826,.T.);
#9826=EDGE_CURVE('',#8019,#9817,#9827,.T.);
#9827=LINE('',#9828,#9829);
#9828=CARTESIAN_POINT('',(0.95,1.45,-1.05));
#9829=VECTOR('',#9830,1.0);
#9830=DIRECTION('',(0.0,0.0,1.0));
#9831=PLANE('',#9832);
#9832=AXIS2_PLACEMENT_3D('',#9833,#9834,#9835);
#9833=CARTESIAN_POINT('',(0.95,1.4725,-0.991421356));
#9834=DIRECTION('',(1.0,0.0,0.0));
#9835=DIRECTION('',(0.0,1.0,0.0));
#9836=ADVANCED_FACE('',(#9837,#9847),#9857,.T.);
#9837=FACE_BOUND('',#9838,.T.);
#9838=EDGE_LOOP('',(#9839,#9840,#9841,#9842,#9843,#9844,#9845,#9846));
#9839=ORIENTED_EDGE('',*,*,#8277,.F.);
#9840=ORIENTED_EDGE('',*,*,#8309,.F.);
#9841=ORIENTED_EDGE('',*,*,#8341,.F.);
#9842=ORIENTED_EDGE('',*,*,#8373,.F.);
#9843=ORIENTED_EDGE('',*,*,#8405,.F.);
#9844=ORIENTED_EDGE('',*,*,#8437,.F.);
#9845=ORIENTED_EDGE('',*,*,#8460,.F.);
#9846=ORIENTED_EDGE('',*,*,#8245,.F.);
#9847=FACE_BOUND('',#9848,.T.);
#9848=EDGE_LOOP('',(#9849,#9850,#9851,#9852,#9853,#9854,#9855,#9856));
#9849=ORIENTED_EDGE('',*,*,#9161,.F.);
#9850=ORIENTED_EDGE('',*,*,#9136,.F.);
#9851=ORIENTED_EDGE('',*,*,#9112,.F.);
#9852=ORIENTED_EDGE('',*,*,#9087,.F.);
#9853=ORIENTED_EDGE('',*,*,#9063,.F.);
#9854=ORIENTED_EDGE('',*,*,#9014,.F.);
#9855=ORIENTED_EDGE('',*,*,#9046,.F.);
#9856=ORIENTED_EDGE('',*,*,#9781,.F.);
#9857=PLANE('',#9858);
#9858=AXIS2_PLACEMENT_3D('',#9859,#9860,#9861);
#9859=CARTESIAN_POINT('',(2.3,2.1,-1.5));
#9860=DIRECTION('',(0.0,1.0,0.0));
#9861=DIRECTION('',(1.0,0.0,0.0));
#9862=ADVANCED_FACE('',(#9863),#9899,.T.);
#9863=FACE_BOUND('',#9864,.T.);
#9864=EDGE_LOOP('',(#9865,#9866,#9874,#9883,#9891,#9897,#9898));
#9865=ORIENTED_EDGE('',*,*,#9475,.F.);
#9866=ORIENTED_EDGE('',*,*,#9867,.T.);
#9867=EDGE_CURVE('',#9468,#9868,#9870,.T.);
#9868=VERTEX_POINT('',#9869);
#9869=CARTESIAN_POINT('',(4.1,2.0,-1.45));
#9870=LINE('',#9871,#9872);
#9871=CARTESIAN_POINT('',(4.1,1.4,-1.45));
#9872=VECTOR('',#9873,1.0);
#9873=DIRECTION('',(0.0,1.0,0.0));
#9874=ORIENTED_EDGE('',*,*,#9875,.T.);
#9875=EDGE_CURVE('',#9868,#9876,#9878,.F.);
#9876=VERTEX_POINT('',#9877);
#9877=CARTESIAN_POINT('',(4.05,2.132287566,-1.45));
#9878=CIRCLE('',#9879,0.2);
#9879=AXIS2_PLACEMENT_3D('',#9880,#9881,#9882);
#9880=CARTESIAN_POINT('',(3.9,2.0,-1.45));
#9881=DIRECTION('',(0.0,0.0,-1.0));
#9882=DIRECTION('',(0.75,0.661437828,0.0));
#9883=ORIENTED_EDGE('',*,*,#9884,.T.);
#9884=EDGE_CURVE('',#9876,#9885,#9887,.T.);
#9885=VERTEX_POINT('',#9886);
#9886=CARTESIAN_POINT('',(4.05,2.1,-1.45));
#9887=LINE('',#9888,#9889);
#9888=CARTESIAN_POINT('',(4.05,2.132287566,-1.45));
#9889=VECTOR('',#9890,1.0);
#9890=DIRECTION('',(0.0,-1.0,0.0));
#9891=ORIENTED_EDGE('',*,*,#9892,.T.);
#9892=EDGE_CURVE('',#9885,#728,#9893,.F.);
#9893=LINE('',#9894,#9895);
#9894=CARTESIAN_POINT('',(3.9,2.1,-1.45));
#9895=VECTOR('',#9896,1.0);
#9896=DIRECTION('',(1.0,0.0,0.0));
#9897=ORIENTED_EDGE('',*,*,#727,.F.);
#9898=ORIENTED_EDGE('',*,*,#750,.F.);
#9899=PLANE('',#9900);
#9900=AXIS2_PLACEMENT_3D('',#9901,#9902,#9903);
#9901=CARTESIAN_POINT('',(4.0,1.766143783,-1.45));
#9902=DIRECTION('',(0.0,0.0,1.0));
#9903=DIRECTION('',(1.0,0.0,0.0));
#9904=ADVANCED_FACE('',(#9905),#9936,.F.);
#9905=FACE_BOUND('',#9906,.T.);
#9906=EDGE_LOOP('',(#9907,#9908,#9921,#9929));
#9907=ORIENTED_EDGE('',*,*,#9884,.F.);
#9908=ORIENTED_EDGE('',*,*,#9909,.T.);
#9909=EDGE_CURVE('',#9876,#9910,#9912,.F.);
#9910=VERTEX_POINT('',#9911);
#9911=CARTESIAN_POINT('',(3.9,2.2,-1.3));
#9912=B_SPLINE_CURVE_WITH_KNOTS('',3,(#9913,#9914,#9915,#9916,#9917,#9918,#9919,#9920),.UNSPECIFIED.,.F.,.U.,(4,1,1,1,1,4),(0.0,0.132819565,0.263904866,0.504769797,0.735679629,1.0),.UNSPECIFIED.);
#9913=CARTESIAN_POINT('',(3.9,2.2,-1.3));
#9914=CARTESIAN_POINT('',(3.900731368,2.200006206,-1.311210779));
#9915=CARTESIAN_POINT('',(3.902184553,2.200018537,-1.333485953));
#9916=CARTESIAN_POINT('',(3.91673608,2.199635607,-1.373915901));
#9917=CARTESIAN_POINT('',(3.94798372,2.19585066,-1.4156153));
#9918=CARTESIAN_POINT('',(4.002317479,2.176542784,-1.445959809));
#9919=CARTESIAN_POINT('',(4.033406685,2.147688193,-1.448594031));
#9920=CARTESIAN_POINT('',(4.05,2.132287566,-1.45));
#9921=ORIENTED_EDGE('',*,*,#9922,.T.);
#9922=EDGE_CURVE('',#9910,#9923,#9925,.T.);
#9923=VERTEX_POINT('',#9924);
#9924=CARTESIAN_POINT('',(3.9,2.1,-1.3));
#9925=LINE('',#9926,#9927);
#9926=CARTESIAN_POINT('',(3.9,2.2,-1.3));
#9927=VECTOR('',#9928,1.0);
#9928=DIRECTION('',(0.0,-1.0,0.0));
#9929=ORIENTED_EDGE('',*,*,#9930,.T.);
#9930=EDGE_CURVE('',#9923,#9885,#9931,.T.);
#9931=CIRCLE('',#9932,0.15);
#9932=AXIS2_PLACEMENT_3D('',#9933,#9934,#9935);
#9933=CARTESIAN_POINT('',(4.05,2.1,-1.3));
#9934=DIRECTION('',(0.0,-1.0,0.0));
#9935=DIRECTION('',(-1.0,0.0,0.0));
#9936=CYLINDRICAL_SURFACE('',#9937,0.15);
#9937=AXIS2_PLACEMENT_3D('',#9938,#9939,#9940);
#9938=CARTESIAN_POINT('',(4.05,2.092631314,-1.3));
#9939=DIRECTION('',(0.0,-1.0,0.0));
#9940=DIRECTION('',(0.0,0.0,-1.0));
#9941=ADVANCED_FACE('',(#9942,#10042),#10052,.T.);
#9942=FACE_BOUND('',#9943,.T.);
#9943=EDGE_LOOP('',(#9944,#9954,#9962,#9969,#9970,#9971,#9972,#9973,#9974,#9975,#9976,#9977,#9978,#9984,#9990,#9991,#9992,#9993,#9994,#10003,#10011,#10019,#10027,#10036));
#9944=ORIENTED_EDGE('',*,*,#9945,.T.);
#9945=EDGE_CURVE('',#9946,#9948,#9950,.T.);
#9946=VERTEX_POINT('',#9947);
#9947=CARTESIAN_POINT('',(0.1,2.2,-2.8));
#9948=VERTEX_POINT('',#9949);
#9949=CARTESIAN_POINT('',(0.1,2.2,-2.1));
#9950=LINE('',#9951,#9952);
#9951=CARTESIAN_POINT('',(0.1,2.2,-2.8));
#9952=VECTOR('',#9953,1.0);
#9953=DIRECTION('',(0.0,0.0,1.0));
#9954=ORIENTED_EDGE('',*,*,#9955,.T.);
#9955=EDGE_CURVE('',#9948,#9956,#9958,.T.);
#9956=VERTEX_POINT('',#9957);
#9957=CARTESIAN_POINT('',(0.6,2.2,-2.1));
#9958=LINE('',#9959,#9960);
#9959=CARTESIAN_POINT('',(0.1,2.2,-2.1));
#9960=VECTOR('',#9961,1.0);
#9961=DIRECTION('',(1.0,0.0,0.0));
#9962=ORIENTED_EDGE('',*,*,#9963,.T.);
#9963=EDGE_CURVE('',#9956,#113,#9964,.F.);
#9964=CIRCLE('',#9965,0.15);
#9965=AXIS2_PLACEMENT_3D('',#9966,#9967,#9968);
#9966=CARTESIAN_POINT('',(0.6,2.2,-1.95));
#9967=DIRECTION('',(0.0,1.0,0.0));
#9968=DIRECTION('',(0.666666667,0.0,0.745355992));
#9969=ORIENTED_EDGE('',*,*,#112,.F.);
#9970=ORIENTED_EDGE('',*,*,#1756,.F.);
#9971=ORIENTED_EDGE('',*,*,#1674,.F.);
#9972=ORIENTED_EDGE('',*,*,#1720,.F.);
#9973=ORIENTED_EDGE('',*,*,#7703,.F.);
#9974=ORIENTED_EDGE('',*,*,#1520,.F.);
#9975=ORIENTED_EDGE('',*,*,#7721,.F.);
#9976=ORIENTED_EDGE('',*,*,#1497,.F.);
#9977=ORIENTED_EDGE('',*,*,#1451,.F.);
#9978=ORIENTED_EDGE('',*,*,#9979,.T.);
#9979=EDGE_CURVE('',#1438,#9910,#9980,.T.);
#9980=LINE('',#9981,#9982);
#9981=CARTESIAN_POINT('',(3.9,2.2,-0.6));
#9982=VECTOR('',#9983,1.0);
#9983=DIRECTION('',(0.0,0.0,-1.0));
#9984=ORIENTED_EDGE('',*,*,#9985,.T.);
#9985=EDGE_CURVE('',#9910,#1367,#9986,.T.);
#9986=LINE('',#9987,#9988);
#9987=CARTESIAN_POINT('',(3.9,2.2,-1.3));
#9988=VECTOR('',#9989,1.0);
#9989=DIRECTION('',(0.0,0.0,-1.0));
#9990=ORIENTED_EDGE('',*,*,#1366,.F.);
#9991=ORIENTED_EDGE('',*,*,#8524,.F.);
#9992=ORIENTED_EDGE('',*,*,#8475,.F.);
#9993=ORIENTED_EDGE('',*,*,#8188,.F.);
#9994=ORIENTED_EDGE('',*,*,#9995,.T.);
#9995=EDGE_CURVE('',#8181,#9996,#9998,.F.);
#9996=VERTEX_POINT('',#9997);
#9997=CARTESIAN_POINT('',(3.85,2.2,-2.85));
#9998=CIRCLE('',#9999,0.15);
#9999=AXIS2_PLACEMENT_3D('',#10000,#10001,#10002);
#10000=CARTESIAN_POINT('',(4.0,2.2,-2.85));
#10001=DIRECTION('',(0.0,1.0,0.0));
#10002=DIRECTION('',(-1.0,0.0,0.0));
#10003=ORIENTED_EDGE('',*,*,#10004,.T.);
#10004=EDGE_CURVE('',#9996,#10005,#10007,.T.);
#10005=VERTEX_POINT('',#10006);
#10006=CARTESIAN_POINT('',(3.85,2.2,-2.8));
#10007=LINE('',#10008,#10009);
#10008=CARTESIAN_POINT('',(3.85,2.2,-2.85));
#10009=VECTOR('',#10010,1.0);
#10010=DIRECTION('',(0.0,0.0,1.0));
#10011=ORIENTED_EDGE('',*,*,#10012,.T.);
#10012=EDGE_CURVE('',#10005,#10013,#10015,.T.);
#10013=VERTEX_POINT('',#10014);
#10014=CARTESIAN_POINT('',(0.75,2.2,-2.8));
#10015=LINE('',#10016,#10017);
#10016=CARTESIAN_POINT('',(3.85,2.2,-2.8));
#10017=VECTOR('',#10018,1.0);
#10018=DIRECTION('',(-1.0,0.0,0.0));
#10019=ORIENTED_EDGE('',*,*,#10020,.T.);
#10020=EDGE_CURVE('',#10013,#10021,#10023,.T.);
#10021=VERTEX_POINT('',#10022);
#10022=CARTESIAN_POINT('',(0.75,2.2,-2.85));
#10023=LINE('',#10024,#10025);
#10024=CARTESIAN_POINT('',(0.75,2.2,-2.8));
#10025=VECTOR('',#10026,1.0);
#10026=DIRECTION('',(0.0,0.0,-1.0));
#10027=ORIENTED_EDGE('',*,*,#10028,.T.);
#10028=EDGE_CURVE('',#10021,#10029,#10031,.F.);
#10029=VERTEX_POINT('',#10030);
#10030=CARTESIAN_POINT('',(0.458578644,2.2,-2.8));
#10031=CIRCLE('',#10032,0.15);
#10032=AXIS2_PLACEMENT_3D('',#10033,#10034,#10035);
#10033=CARTESIAN_POINT('',(0.6,2.2,-2.85));
#10034=DIRECTION('',(0.0,1.0,0.0));
#10035=DIRECTION('',(-0.942809042,0.0,0.333333333));
#10036=ORIENTED_EDGE('',*,*,#10037,.T.);
#10037=EDGE_CURVE('',#10029,#9946,#10038,.T.);
#10038=LINE('',#10039,#10040);
#10039=CARTESIAN_POINT('',(0.458578644,2.2,-2.8));
#10040=VECTOR('',#10041,1.0);
#10041=DIRECTION('',(-1.0,0.0,0.0));
#10042=FACE_BOUND('',#10043,.T.);
#10043=EDGE_LOOP('',(#10044,#10045,#10046,#10047,#10048,#10049,#10050,#10051));
#10044=ORIENTED_EDGE('',*,*,#8452,.F.);
#10045=ORIENTED_EDGE('',*,*,#8421,.F.);
#10046=ORIENTED_EDGE('',*,*,#8388,.F.);
#10047=ORIENTED_EDGE('',*,*,#8357,.F.);
#10048=ORIENTED_EDGE('',*,*,#8324,.F.);
#10049=ORIENTED_EDGE('',*,*,#8293,.F.);
#10050=ORIENTED_EDGE('',*,*,#8260,.F.);
#10051=ORIENTED_EDGE('',*,*,#8229,.F.);
#10052=PLANE('',#10053);
#10053=AXIS2_PLACEMENT_3D('',#10054,#10055,#10056);
#10054=CARTESIAN_POINT('',(2.3,2.2,-1.45));
#10055=DIRECTION('',(0.0,1.0,0.0));
#10056=DIRECTION('',(1.0,0.0,0.0));
#10057=ADVANCED_FACE('',(#10058),#10076,.F.);
#10058=FACE_BOUND('',#10059,.T.);
#10059=EDGE_LOOP('',(#10060,#10069,#10070));
#10060=ORIENTED_EDGE('',*,*,#10061,.T.);
#10061=EDGE_CURVE('',#10062,#10005,#10064,.F.);
#10062=VERTEX_POINT('',#10063);
#10063=CARTESIAN_POINT('',(3.85,2.193649167,-2.85));
#10064=CIRCLE('',#10065,0.2);
#10065=AXIS2_PLACEMENT_3D('',#10066,#10067,#10068);
#10066=CARTESIAN_POINT('',(3.85,2.0,-2.8));
#10067=DIRECTION('',(-1.0,0.0,0.0));
#10068=DIRECTION('',(0.0,1.0,0.0));
#10069=ORIENTED_EDGE('',*,*,#10004,.F.);
#10070=ORIENTED_EDGE('',*,*,#10071,.T.);
#10071=EDGE_CURVE('',#9996,#10062,#10072,.F.);
#10072=LINE('',#10073,#10074);
#10073=CARTESIAN_POINT('',(3.85,2.193649167,-2.85));
#10074=VECTOR('',#10075,1.0);
#10075=DIRECTION('',(0.0,1.0,0.0));
#10076=PLANE('',#10077);
#10077=AXIS2_PLACEMENT_3D('',#10078,#10079,#10080);
#10078=CARTESIAN_POINT('',(3.85,2.196824584,-2.825));
#10079=DIRECTION('',(1.0,0.0,0.0));
#10080=DIRECTION('',(0.0,1.0,0.0));
#10081=ADVANCED_FACE('',(#10082),#10100,.T.);
#10082=FACE_BOUND('',#10083,.T.);
#10083=EDGE_LOOP('',(#10084,#10085,#10094));
#10084=ORIENTED_EDGE('',*,*,#10020,.F.);
#10085=ORIENTED_EDGE('',*,*,#10086,.T.);
#10086=EDGE_CURVE('',#10013,#10087,#10089,.F.);
#10087=VERTEX_POINT('',#10088);
#10088=CARTESIAN_POINT('',(0.75,2.193649167,-2.85));
#10089=CIRCLE('',#10090,0.2);
#10090=AXIS2_PLACEMENT_3D('',#10091,#10092,#10093);
#10091=CARTESIAN_POINT('',(0.75,2.0,-2.8));
#10092=DIRECTION('',(1.0,0.0,0.0));
#10093=DIRECTION('',(0.0,0.968245837,-0.25));
#10094=ORIENTED_EDGE('',*,*,#10095,.T.);
#10095=EDGE_CURVE('',#10087,#10021,#10096,.F.);
#10096=LINE('',#10097,#10098);
#10097=CARTESIAN_POINT('',(0.75,2.2,-2.85));
#10098=VECTOR('',#10099,1.0);
#10099=DIRECTION('',(0.0,-1.0,0.0));
#10100=PLANE('',#10101);
#10101=AXIS2_PLACEMENT_3D('',#10102,#10103,#10104);
#10102=CARTESIAN_POINT('',(0.75,2.196824584,-2.825));
#10103=DIRECTION('',(1.0,0.0,0.0));
#10104=DIRECTION('',(0.0,1.0,0.0));
#10105=ADVANCED_FACE('',(#10106),#10142,.F.);
#10106=FACE_BOUND('',#10107,.T.);
#10107=EDGE_LOOP('',(#10108,#10119,#10128,#10134,#10135,#10136));
#10108=ORIENTED_EDGE('',*,*,#10109,.T.);
#10109=EDGE_CURVE('',#10110,#10112,#10114,.T.);
#10110=VERTEX_POINT('',#10111);
#10111=CARTESIAN_POINT('',(0.75,1.473205081,-2.9));
#10112=VERTEX_POINT('',#10113);
#10113=CARTESIAN_POINT('',(0.8,1.38660254,-2.9));
#10114=CIRCLE('',#10115,0.1);
#10115=AXIS2_PLACEMENT_3D('',#10116,#10117,#10118);
#10116=CARTESIAN_POINT('',(0.85,1.473205081,-2.9));
#10117=DIRECTION('',(0.0,0.0,1.0));
#10118=DIRECTION('',(-1.0,0.0,0.0));
#10119=ORIENTED_EDGE('',*,*,#10120,.T.);
#10120=EDGE_CURVE('',#10112,#10121,#10123,.T.);
#10121=VERTEX_POINT('',#10122);
#10122=CARTESIAN_POINT('',(0.75,1.2,-2.9));
#10123=CIRCLE('',#10124,0.1);
#10124=AXIS2_PLACEMENT_3D('',#10125,#10126,#10127);
#10125=CARTESIAN_POINT('',(0.75,1.3,-2.9));
#10126=DIRECTION('',(0.0,0.0,-1.0));
#10127=DIRECTION('',(0.5,0.866025404,0.0));
#10128=ORIENTED_EDGE('',*,*,#10129,.T.);
#10129=EDGE_CURVE('',#10121,#2727,#10130,.F.);
#10130=LINE('',#10131,#10132);
#10131=CARTESIAN_POINT('',(0.7,1.2,-2.9));
#10132=VECTOR('',#10133,1.0);
#10133=DIRECTION('',(1.0,0.0,0.0));
#10134=ORIENTED_EDGE('',*,*,#2726,.F.);
#10135=ORIENTED_EDGE('',*,*,#2766,.F.);
#10136=ORIENTED_EDGE('',*,*,#10137,.T.);
#10137=EDGE_CURVE('',#2759,#10110,#10138,.T.);
#10138=LINE('',#10139,#10140);
#10139=CARTESIAN_POINT('',(0.75,1.74,-2.9));
#10140=VECTOR('',#10141,1.0);
#10141=DIRECTION('',(0.0,-1.0,0.0));
#10142=PLANE('',#10143);
#10143=AXIS2_PLACEMENT_3D('',#10144,#10145,#10146);
#10144=CARTESIAN_POINT('',(2.3,0.87,-2.9));
#10145=DIRECTION('',(0.0,0.0,1.0));
#10146=DIRECTION('',(1.0,0.0,0.0));
#10147=ADVANCED_FACE('',(#10148),#10181,.F.);
#10148=FACE_BOUND('',#10149,.T.);
#10149=EDGE_LOOP('',(#10150,#10159,#10165,#10166,#10167,#10173,#10174));
#10150=ORIENTED_EDGE('',*,*,#10151,.T.);
#10151=EDGE_CURVE('',#2791,#10152,#10154,.T.);
#10152=VERTEX_POINT('',#10153);
#10153=CARTESIAN_POINT('',(0.458578644,2.1,-2.8));
#10154=CIRCLE('',#10155,0.15);
#10155=AXIS2_PLACEMENT_3D('',#10156,#10157,#10158);
#10156=CARTESIAN_POINT('',(0.6,2.1,-2.85));
#10157=DIRECTION('',(0.0,-1.0,0.0));
#10158=DIRECTION('',(-0.745355992,0.0,0.666666667));
#10159=ORIENTED_EDGE('',*,*,#10160,.T.);
#10160=EDGE_CURVE('',#10152,#10029,#10161,.F.);
#10161=LINE('',#10162,#10163);
#10162=CARTESIAN_POINT('',(0.458578644,2.2,-2.8));
#10163=VECTOR('',#10164,1.0);
#10164=DIRECTION('',(0.0,-1.0,0.0));
#10165=ORIENTED_EDGE('',*,*,#10028,.F.);
#10166=ORIENTED_EDGE('',*,*,#10095,.F.);
#10167=ORIENTED_EDGE('',*,*,#10168,.T.);
#10168=EDGE_CURVE('',#10087,#5826,#10169,.F.);
#10169=LINE('',#10170,#10171);
#10170=CARTESIAN_POINT('',(0.75,2.1,-2.85));
#10171=VECTOR('',#10172,1.0);
#10172=DIRECTION('',(0.0,1.0,0.0));
#10173=ORIENTED_EDGE('',*,*,#5825,.F.);
#10174=ORIENTED_EDGE('',*,*,#10175,.T.);
#10175=EDGE_CURVE('',#2799,#2791,#10176,.F.);
#10176=CIRCLE('',#10177,0.15);
#10177=AXIS2_PLACEMENT_3D('',#10178,#10179,#10180);
#10178=CARTESIAN_POINT('',(0.6,2.1,-2.85));
#10179=DIRECTION('',(0.0,1.0,0.0));
#10180=DIRECTION('',(-0.745355992,0.0,0.666666667));
#10181=CYLINDRICAL_SURFACE('',#10182,0.15);
#10182=AXIS2_PLACEMENT_3D('',#10183,#10184,#10185);
#10183=CARTESIAN_POINT('',(0.6,2.092631314,-2.85));
#10184=DIRECTION('',(0.0,-1.0,0.0));
#10185=DIRECTION('',(1.0,0.0,0.0));
#10186=ADVANCED_FACE('',(#10187),#10191,.T.);
#10187=FACE_BOUND('',#10188,.T.);
#10188=EDGE_LOOP('',(#10189,#10190));
#10189=ORIENTED_EDGE('',*,*,#2798,.F.);
#10190=ORIENTED_EDGE('',*,*,#10175,.F.);
#10191=PLANE('',#10192);
#10192=AXIS2_PLACEMENT_3D('',#10193,#10194,#10195);
#10193=CARTESIAN_POINT('',(0.75,2.1,-1.375));
#10194=DIRECTION('',(0.0,1.0,0.0));
#10195=DIRECTION('',(1.0,0.0,0.0));
#10196=ADVANCED_FACE('',(#10197),#10215,.F.);
#10197=FACE_BOUND('',#10198,.T.);
#10198=EDGE_LOOP('',(#10199,#10207,#10213,#10214));
#10199=ORIENTED_EDGE('',*,*,#10200,.T.);
#10200=EDGE_CURVE('',#2783,#10201,#10203,.T.);
#10201=VERTEX_POINT('',#10202);
#10202=CARTESIAN_POINT('',(0.1,2.1,-2.8));
#10203=LINE('',#10204,#10205);
#10204=CARTESIAN_POINT('',(0.1,2.1,-2.75));
#10205=VECTOR('',#10206,1.0);
#10206=DIRECTION('',(0.0,0.0,-1.0));
#10207=ORIENTED_EDGE('',*,*,#10208,.T.);
#10208=EDGE_CURVE('',#10201,#10152,#10209,.T.);
#10209=LINE('',#10210,#10211);
#10210=CARTESIAN_POINT('',(0.1,2.1,-2.8));
#10211=VECTOR('',#10212,1.0);
#10212=DIRECTION('',(1.0,0.0,0.0));
#10213=ORIENTED_EDGE('',*,*,#10151,.F.);
#10214=ORIENTED_EDGE('',*,*,#2790,.F.);
#10215=PLANE('',#10216);
#10216=AXIS2_PLACEMENT_3D('',#10217,#10218,#10219);
#10217=CARTESIAN_POINT('',(2.3,2.1,-1.45));
#10218=DIRECTION('',(0.0,1.0,0.0));
#10219=DIRECTION('',(1.0,0.0,0.0));
#10220=ADVANCED_FACE('',(#10221),#10247,.F.);
#10221=FACE_BOUND('',#10222,.T.);
#10222=EDGE_LOOP('',(#10223,#10224,#10225,#10231,#10232,#10233,#10241));
#10223=ORIENTED_EDGE('',*,*,#2782,.F.);
#10224=ORIENTED_EDGE('',*,*,#2820,.F.);
#10225=ORIENTED_EDGE('',*,*,#10226,.T.);
#10226=EDGE_CURVE('',#2821,#3268,#10227,.F.);
#10227=LINE('',#10228,#10229);
#10228=CARTESIAN_POINT('',(0.0,1.9,-2.1));
#10229=VECTOR('',#10230,1.0);
#10230=DIRECTION('',(0.0,0.0,-1.0));
#10231=ORIENTED_EDGE('',*,*,#3267,.F.);
#10232=ORIENTED_EDGE('',*,*,#2960,.F.);
#10233=ORIENTED_EDGE('',*,*,#10234,.T.);
#10234=EDGE_CURVE('',#2953,#10235,#10237,.F.);
#10235=VERTEX_POINT('',#10236);
#10236=CARTESIAN_POINT('',(0.1,2.1,-2.1));
#10237=LINE('',#10238,#10239);
#10238=CARTESIAN_POINT('',(0.1,2.1,-2.1));
#10239=VECTOR('',#10240,1.0);
#10240=DIRECTION('',(0.0,0.0,1.0));
#10241=ORIENTED_EDGE('',*,*,#10242,.T.);
#10242=EDGE_CURVE('',#10235,#2783,#10243,.F.);
#10243=LINE('',#10244,#10245);
#10244=CARTESIAN_POINT('',(0.1,2.1,-2.75));
#10245=VECTOR('',#10246,1.0);
#10246=DIRECTION('',(0.0,0.0,1.0));
#10247=PLANE('',#10248);
#10248=AXIS2_PLACEMENT_3D('',#10249,#10250,#10251);
#10249=CARTESIAN_POINT('',(0.05,2.0,-2.441666667));
#10250=DIRECTION('',(0.894427191,-0.447213595,0.0));
#10251=DIRECTION('',(0.0,0.0,-1.0));
#10252=ADVANCED_FACE('',(#10253),#10297,.F.);
#10253=FACE_BOUND('',#10254,.T.);
#10254=EDGE_LOOP('',(#10255,#10263,#10271,#10278,#10279,#10280,#10281,#10290,#10296));
#10255=ORIENTED_EDGE('',*,*,#10256,.T.);
#10256=EDGE_CURVE('',#2848,#10257,#10259,.T.);
#10257=VERTEX_POINT('',#10258);
#10258=CARTESIAN_POINT('',(-0.1,1.45,-2.8));
#10259=LINE('',#10260,#10261);
#10260=CARTESIAN_POINT('',(0.0,1.45,-2.8));
#10261=VECTOR('',#10262,1.0);
#10262=DIRECTION('',(-1.0,0.0,0.0));
#10263=ORIENTED_EDGE('',*,*,#10264,.T.);
#10264=EDGE_CURVE('',#10257,#10265,#10267,.T.);
#10265=VERTEX_POINT('',#10266);
#10266=CARTESIAN_POINT('',(-0.1,2.0,-2.8));
#10267=LINE('',#10268,#10269);
#10268=CARTESIAN_POINT('',(-0.1,1.45,-2.8));
#10269=VECTOR('',#10270,1.0);
#10270=DIRECTION('',(0.0,1.0,0.0));
#10271=ORIENTED_EDGE('',*,*,#10272,.T.);
#10272=EDGE_CURVE('',#10265,#9946,#10273,.F.);
#10273=CIRCLE('',#10274,0.2);
#10274=AXIS2_PLACEMENT_3D('',#10275,#10276,#10277);
#10275=CARTESIAN_POINT('',(0.1,2.0,-2.8));
#10276=DIRECTION('',(0.0,0.0,1.0));
#10277=DIRECTION('',(0.0,1.0,0.0));
#10278=ORIENTED_EDGE('',*,*,#10037,.F.);
#10279=ORIENTED_EDGE('',*,*,#10160,.F.);
#10280=ORIENTED_EDGE('',*,*,#10208,.F.);
#10281=ORIENTED_EDGE('',*,*,#10282,.T.);
#10282=EDGE_CURVE('',#10201,#10283,#10285,.F.);
#10283=VERTEX_POINT('',#10284);
#10284=CARTESIAN_POINT('',(0.0,2.0,-2.8));
#10285=CIRCLE('',#10286,0.1);
#10286=AXIS2_PLACEMENT_3D('',#10287,#10288,#10289);
#10287=CARTESIAN_POINT('',(0.1,2.0,-2.8));
#10288=DIRECTION('',(0.0,0.0,-1.0));
#10289=DIRECTION('',(-1.0,0.0,0.0));
#10290=ORIENTED_EDGE('',*,*,#10291,.T.);
#10291=EDGE_CURVE('',#10283,#2821,#10292,.T.);
#10292=LINE('',#10293,#10294);
#10293=CARTESIAN_POINT('',(0.0,2.0,-2.8));
#10294=VECTOR('',#10295,1.0);
#10295=DIRECTION('',(0.0,-1.0,0.0));
#10296=ORIENTED_EDGE('',*,*,#2856,.F.);
#10297=PLANE('',#10298);
#10298=AXIS2_PLACEMENT_3D('',#10299,#10300,#10301);
#10299=CARTESIAN_POINT('',(0.179289322,1.825,-2.8));
#10300=DIRECTION('',(0.0,0.0,1.0));
#10301=DIRECTION('',(1.0,0.0,0.0));
#10302=ADVANCED_FACE('',(#10303),#10322,.T.);
#10303=FACE_BOUND('',#10304,.T.);
#10304=EDGE_LOOP('',(#10305,#10313,#10320,#10321));
#10305=ORIENTED_EDGE('',*,*,#10306,.T.);
#10306=EDGE_CURVE('',#2839,#10307,#10309,.T.);
#10307=VERTEX_POINT('',#10308);
#10308=CARTESIAN_POINT('',(-0.1,1.308578644,-2.7));
#10309=LINE('',#10310,#10311);
#10310=CARTESIAN_POINT('',(0.0,1.308578644,-2.7));
#10311=VECTOR('',#10312,1.0);
#10312=DIRECTION('',(-1.0,0.0,0.0));
#10313=ORIENTED_EDGE('',*,*,#10314,.T.);
#10314=EDGE_CURVE('',#10307,#10257,#10315,.T.);
#10315=CIRCLE('',#10316,0.15);
#10316=AXIS2_PLACEMENT_3D('',#10317,#10318,#10319);
#10317=CARTESIAN_POINT('',(-0.1,1.45,-2.65));
#10318=DIRECTION('',(1.0,0.0,0.0));
#10319=DIRECTION('',(0.0,-0.942809042,-0.333333333));
#10320=ORIENTED_EDGE('',*,*,#10256,.F.);
#10321=ORIENTED_EDGE('',*,*,#2847,.F.);
#10322=CYLINDRICAL_SURFACE('',#10323,0.15);
#10323=AXIS2_PLACEMENT_3D('',#10324,#10325,#10326);
#10324=CARTESIAN_POINT('',(0.007368686,1.45,-2.65));
#10325=DIRECTION('',(1.0,0.0,0.0));
#10326=DIRECTION('',(0.0,0.0,-1.0));
#10327=ADVANCED_FACE('',(#10328),#10348,.F.);
#10328=FACE_BOUND('',#10329,.T.);
#10329=EDGE_LOOP('',(#10330,#10331,#10339,#10346,#10347));
#10330=ORIENTED_EDGE('',*,*,#2897,.F.);
#10331=ORIENTED_EDGE('',*,*,#10332,.T.);
#10332=EDGE_CURVE('',#2890,#10333,#10335,.T.);
#10333=VERTEX_POINT('',#10334);
#10334=CARTESIAN_POINT('',(-0.1,1.167157288,-2.6));
#10335=LINE('',#10336,#10337);
#10336=CARTESIAN_POINT('',(0.0,1.167157288,-2.6));
#10337=VECTOR('',#10338,1.0);
#10338=DIRECTION('',(-1.0,0.0,0.0));
#10339=ORIENTED_EDGE('',*,*,#10340,.T.);
#10340=EDGE_CURVE('',#10333,#10307,#10341,.T.);
#10341=CIRCLE('',#10342,0.15);
#10342=AXIS2_PLACEMENT_3D('',#10343,#10344,#10345);
#10343=CARTESIAN_POINT('',(-0.1,1.167157288,-2.75));
#10344=DIRECTION('',(-1.0,0.0,0.0));
#10345=DIRECTION('',(0.0,0.0,1.0));
#10346=ORIENTED_EDGE('',*,*,#10306,.F.);
#10347=ORIENTED_EDGE('',*,*,#2838,.F.);
#10348=CYLINDRICAL_SURFACE('',#10349,0.15);
#10349=AXIS2_PLACEMENT_3D('',#10350,#10351,#10352);
#10350=CARTESIAN_POINT('',(-0.107368686,1.167157288,-2.75));
#10351=DIRECTION('',(-1.0,0.0,0.0));
#10352=DIRECTION('',(0.0,0.942809042,0.333333333));
#10353=ADVANCED_FACE('',(#10354),#10365,.F.);
#10354=FACE_BOUND('',#10355,.T.);
#10355=EDGE_LOOP('',(#10356,#10357,#10358,#10359));
#10356=ORIENTED_EDGE('',*,*,#10332,.F.);
#10357=ORIENTED_EDGE('',*,*,#2889,.F.);
#10358=ORIENTED_EDGE('',*,*,#3213,.F.);
#10359=ORIENTED_EDGE('',*,*,#10360,.T.);
#10360=EDGE_CURVE('',#3205,#10333,#10361,.F.);
#10361=LINE('',#10362,#10363);
#10362=CARTESIAN_POINT('',(-0.1,1.167157288,-2.6));
#10363=VECTOR('',#10364,1.0);
#10364=DIRECTION('',(0.0,-1.0,0.0));
#10365=PLANE('',#10366);
#10366=AXIS2_PLACEMENT_3D('',#10367,#10368,#10369);
#10367=CARTESIAN_POINT('',(-0.05,0.683578644,-2.6));
#10368=DIRECTION('',(0.0,0.0,1.0));
#10369=DIRECTION('',(1.0,0.0,0.0));
#10370=ADVANCED_FACE('',(#10371),#10396,.T.);
#10371=FACE_BOUND('',#10372,.T.);
#10372=EDGE_LOOP('',(#10373,#10374,#10375,#10381,#10390));
#10373=ORIENTED_EDGE('',*,*,#10234,.F.);
#10374=ORIENTED_EDGE('',*,*,#2952,.F.);
#10375=ORIENTED_EDGE('',*,*,#10376,.T.);
#10376=EDGE_CURVE('',#2945,#167,#10377,.T.);
#10377=LINE('',#10378,#10379);
#10378=CARTESIAN_POINT('',(0.7,2.1,-2.05));
#10379=VECTOR('',#10380,1.0);
#10380=DIRECTION('',(0.0,0.0,1.0));
#10381=ORIENTED_EDGE('',*,*,#10382,.T.);
#10382=EDGE_CURVE('',#167,#10383,#10385,.F.);
#10383=VERTEX_POINT('',#10384);
#10384=CARTESIAN_POINT('',(0.6,2.1,-2.1));
#10385=CIRCLE('',#10386,0.15);
#10386=AXIS2_PLACEMENT_3D('',#10387,#10388,#10389);
#10387=CARTESIAN_POINT('',(0.6,2.1,-1.95));
#10388=DIRECTION('',(0.0,-1.0,0.0));
#10389=DIRECTION('',(0.0,0.0,-1.0));
#10390=ORIENTED_EDGE('',*,*,#10391,.T.);
#10391=EDGE_CURVE('',#10383,#10235,#10392,.F.);
#10392=LINE('',#10393,#10394);
#10393=CARTESIAN_POINT('',(0.1,2.1,-2.1));
#10394=VECTOR('',#10395,1.0);
#10395=DIRECTION('',(1.0,0.0,0.0));
#10396=PLANE('',#10397);
#10397=AXIS2_PLACEMENT_3D('',#10398,#10399,#10400);
#10398=CARTESIAN_POINT('',(0.75,2.1,-1.375));
#10399=DIRECTION('',(0.0,1.0,0.0));
#10400=DIRECTION('',(1.0,0.0,0.0));
#10401=ADVANCED_FACE('',(#10402),#10430,.F.);
#10402=FACE_BOUND('',#10403,.T.);
#10403=EDGE_LOOP('',(#10404,#10405,#10406,#10412,#10413,#10414,#10415,#10416,#10417,#10423,#10424,#10425,#10426,#10427,#10428,#10429));
#10404=ORIENTED_EDGE('',*,*,#10376,.F.);
#10405=ORIENTED_EDGE('',*,*,#2944,.F.);
#10406=ORIENTED_EDGE('',*,*,#10407,.T.);
#10407=EDGE_CURVE('',#2937,#159,#10408,.T.);
#10408=LINE('',#10409,#10410);
#10409=CARTESIAN_POINT('',(0.6,2.0,-2.05));
#10410=VECTOR('',#10411,1.0);
#10411=DIRECTION('',(0.0,0.0,1.0));
#10412=ORIENTED_EDGE('',*,*,#158,.F.);
#10413=ORIENTED_EDGE('',*,*,#515,.F.);
#10414=ORIENTED_EDGE('',*,*,#485,.F.);
#10415=ORIENTED_EDGE('',*,*,#431,.F.);
#10416=ORIENTED_EDGE('',*,*,#268,.F.);
#10417=ORIENTED_EDGE('',*,*,#10418,.T.);
#10418=EDGE_CURVE('',#260,#345,#10419,.T.);
#10419=LINE('',#10420,#10421);
#10420=CARTESIAN_POINT('',(0.6,2.0,-0.05));
#10421=VECTOR('',#10422,1.0);
#10422=DIRECTION('',(0.0,0.0,1.0));
#10423=ORIENTED_EDGE('',*,*,#409,.F.);
#10424=ORIENTED_EDGE('',*,*,#297,.F.);
#10425=ORIENTED_EDGE('',*,*,#283,.F.);
#10426=ORIENTED_EDGE('',*,*,#243,.F.);
#10427=ORIENTED_EDGE('',*,*,#1768,.F.);
#10428=ORIENTED_EDGE('',*,*,#210,.F.);
#10429=ORIENTED_EDGE('',*,*,#179,.F.);
#10430=PLANE('',#10431);
#10431=AXIS2_PLACEMENT_3D('',#10432,#10433,#10434);
#10432=CARTESIAN_POINT('',(0.65,2.05,-1.025));
#10433=DIRECTION('',(0.707106781,-0.707106781,0.0));
#10434=DIRECTION('',(0.0,0.0,-1.0));
#10435=ADVANCED_FACE('',(#10436),#10454,.F.);
#10436=FACE_BOUND('',#10437,.T.);
#10437=EDGE_LOOP('',(#10438,#10439,#10440,#10446,#10447,#10448,#10449,#10450,#10451,#10452,#10453));
#10438=ORIENTED_EDGE('',*,*,#10407,.F.);
#10439=ORIENTED_EDGE('',*,*,#2936,.F.);
#10440=ORIENTED_EDGE('',*,*,#10441,.T.);
#10441=EDGE_CURVE('',#2929,#679,#10442,.F.);
#10442=LINE('',#10443,#10444);
#10443=CARTESIAN_POINT('',(0.6,0.9,-0.8));
#10444=VECTOR('',#10445,1.0);
#10445=DIRECTION('',(0.0,0.0,-1.0));
#10446=ORIENTED_EDGE('',*,*,#678,.F.);
#10447=ORIENTED_EDGE('',*,*,#344,.F.);
#10448=ORIENTED_EDGE('',*,*,#10418,.F.);
#10449=ORIENTED_EDGE('',*,*,#1734,.F.);
#10450=ORIENTED_EDGE('',*,*,#654,.F.);
#10451=ORIENTED_EDGE('',*,*,#622,.F.);
#10452=ORIENTED_EDGE('',*,*,#590,.F.);
#10453=ORIENTED_EDGE('',*,*,#558,.F.);
#10454=PLANE('',#10455);
#10455=AXIS2_PLACEMENT_3D('',#10456,#10457,#10458);
#10456=CARTESIAN_POINT('',(0.6,1.45,-1.025));
#10457=DIRECTION('',(1.0,0.0,0.0));
#10458=DIRECTION('',(0.0,1.0,0.0));
#10459=ADVANCED_FACE('',(#10460,#10489,#10508,#10527,#10546,#10565,#10576,#10591),#10602,.F.);
#10460=FACE_BOUND('',#10461,.T.);
#10461=EDGE_LOOP('',(#10462,#10463,#10464,#10470,#10471,#10477,#10478,#10479,#10480,#10486,#10487,#10488));
#10462=ORIENTED_EDGE('',*,*,#4748,.F.);
#10463=ORIENTED_EDGE('',*,*,#5052,.F.);
#10464=ORIENTED_EDGE('',*,*,#10465,.T.);
#10465=EDGE_CURVE('',#5045,#5391,#10466,.F.);
#10466=LINE('',#10467,#10468);
#10467=CARTESIAN_POINT('',(3.754392001,0.9,-2.05));
#10468=VECTOR('',#10469,1.0);
#10469=DIRECTION('',(-1.0,0.0,0.0));
#10470=ORIENTED_EDGE('',*,*,#5390,.F.);
#10471=ORIENTED_EDGE('',*,*,#10472,.T.);
#10472=EDGE_CURVE('',#5383,#670,#10473,.T.);
#10473=LINE('',#10474,#10475);
#10474=CARTESIAN_POINT('',(4.0,0.9,-2.05));
#10475=VECTOR('',#10476,1.0);
#10476=DIRECTION('',(0.0,0.0,1.0));
#10477=ORIENTED_EDGE('',*,*,#686,.F.);
#10478=ORIENTED_EDGE('',*,*,#10441,.F.);
#10479=ORIENTED_EDGE('',*,*,#2928,.F.);
#10480=ORIENTED_EDGE('',*,*,#10481,.T.);
#10481=EDGE_CURVE('',#2921,#3307,#10482,.F.);
#10482=LINE('',#10483,#10484);
#10483=CARTESIAN_POINT('',(0.848107999,0.9,-2.05));
#10484=VECTOR('',#10485,1.0);
#10485=DIRECTION('',(-1.0,0.0,0.0));
#10486=ORIENTED_EDGE('',*,*,#3353,.F.);
#10487=ORIENTED_EDGE('',*,*,#3480,.F.);
#10488=ORIENTED_EDGE('',*,*,#4166,.F.);
#10489=FACE_BOUND('',#10490,.T.);
#10490=EDGE_LOOP('',(#10491,#10502));
#10491=ORIENTED_EDGE('',*,*,#10492,.T.);
#10492=EDGE_CURVE('',#10493,#10495,#10497,.F.);
#10493=VERTEX_POINT('',#10494);
#10494=CARTESIAN_POINT('',(1.05,0.9,-1.729128785));
#10495=VERTEX_POINT('',#10496);
#10496=CARTESIAN_POINT('',(1.05,0.9,-1.270871215));
#10497=CIRCLE('',#10498,0.25);
#10498=AXIS2_PLACEMENT_3D('',#10499,#10500,#10501);
#10499=CARTESIAN_POINT('',(1.15,0.9,-1.5));
#10500=DIRECTION('',(0.0,-1.0,0.0));
#10501=DIRECTION('',(-1.0,0.0,0.0));
#10502=ORIENTED_EDGE('',*,*,#10503,.T.);
#10503=EDGE_CURVE('',#10495,#10493,#10504,.T.);
#10504=LINE('',#10505,#10506);
#10505=CARTESIAN_POINT('',(1.05,0.9,-1.270871215));
#10506=VECTOR('',#10507,1.0);
#10507=DIRECTION('',(0.0,0.0,-1.0));
#10508=FACE_BOUND('',#10509,.T.);
#10509=EDGE_LOOP('',(#10510,#10520));
#10510=ORIENTED_EDGE('',*,*,#10511,.T.);
#10511=EDGE_CURVE('',#10512,#10514,#10516,.T.);
#10512=VERTEX_POINT('',#10513);
#10513=CARTESIAN_POINT('',(1.25,0.9,-1.729128785));
#10514=VERTEX_POINT('',#10515);
#10515=CARTESIAN_POINT('',(1.25,0.9,-1.270871215));
#10516=LINE('',#10517,#10518);
#10517=CARTESIAN_POINT('',(1.25,0.9,-1.729128785));
#10518=VECTOR('',#10519,1.0);
#10519=DIRECTION('',(0.0,0.0,1.0));
#10520=ORIENTED_EDGE('',*,*,#10521,.T.);
#10521=EDGE_CURVE('',#10514,#10512,#10522,.F.);
#10522=CIRCLE('',#10523,0.25);
#10523=AXIS2_PLACEMENT_3D('',#10524,#10525,#10526);
#10524=CARTESIAN_POINT('',(1.15,0.9,-1.5));
#10525=DIRECTION('',(0.0,-1.0,0.0));
#10526=DIRECTION('',(0.4,0.0,-0.916515139));
#10527=FACE_BOUND('',#10528,.T.);
#10528=EDGE_LOOP('',(#10529,#10539));
#10529=ORIENTED_EDGE('',*,*,#10530,.T.);
#10530=EDGE_CURVE('',#10531,#10533,#10535,.T.);
#10531=VERTEX_POINT('',#10532);
#10532=CARTESIAN_POINT('',(3.55,0.9,-1.729128785));
#10533=VERTEX_POINT('',#10534);
#10534=CARTESIAN_POINT('',(3.55,0.9,-1.270871215));
#10535=LINE('',#10536,#10537);
#10536=CARTESIAN_POINT('',(3.55,0.9,-1.729128785));
#10537=VECTOR('',#10538,1.0);
#10538=DIRECTION('',(0.0,0.0,1.0));
#10539=ORIENTED_EDGE('',*,*,#10540,.T.);
#10540=EDGE_CURVE('',#10533,#10531,#10541,.F.);
#10541=CIRCLE('',#10542,0.25);
#10542=AXIS2_PLACEMENT_3D('',#10543,#10544,#10545);
#10543=CARTESIAN_POINT('',(3.45,0.9,-1.5));
#10544=DIRECTION('',(0.0,-1.0,0.0));
#10545=DIRECTION('',(0.4,0.0,-0.916515139));
#10546=FACE_BOUND('',#10547,.T.);
#10547=EDGE_LOOP('',(#10548,#10559));
#10548=ORIENTED_EDGE('',*,*,#10549,.T.);
#10549=EDGE_CURVE('',#10550,#10552,#10554,.F.);
#10550=VERTEX_POINT('',#10551);
#10551=CARTESIAN_POINT('',(3.35,0.9,-1.729128785));
#10552=VERTEX_POINT('',#10553);
#10553=CARTESIAN_POINT('',(3.35,0.9,-1.270871215));
#10554=CIRCLE('',#10555,0.25);
#10555=AXIS2_PLACEMENT_3D('',#10556,#10557,#10558);
#10556=CARTESIAN_POINT('',(3.45,0.9,-1.5));
#10557=DIRECTION('',(0.0,-1.0,0.0));
#10558=DIRECTION('',(-1.0,0.0,0.0));
#10559=ORIENTED_EDGE('',*,*,#10560,.T.);
#10560=EDGE_CURVE('',#10552,#10550,#10561,.T.);
#10561=LINE('',#10562,#10563);
#10562=CARTESIAN_POINT('',(3.35,0.9,-1.270871215));
#10563=VECTOR('',#10564,1.0);
#10564=DIRECTION('',(0.0,0.0,-1.0));
#10565=FACE_BOUND('',#10566,.T.);
#10566=EDGE_LOOP('',(#10567));
#10567=ORIENTED_EDGE('',*,*,#10568,.T.);
#10568=EDGE_CURVE('',#10569,#10569,#10571,.F.);
#10569=VERTEX_POINT('',#10570);
#10570=CARTESIAN_POINT('',(2.55,0.9,-1.2));
#10571=CIRCLE('',#10572,0.25);
#10572=AXIS2_PLACEMENT_3D('',#10573,#10574,#10575);
#10573=CARTESIAN_POINT('',(2.3,0.9,-1.2));
#10574=DIRECTION('',(0.0,-1.0,0.0));
#10575=DIRECTION('',(1.0,0.0,0.0));
#10576=FACE_BOUND('',#10577,.T.);
#10577=EDGE_LOOP('',(#10578,#10589));
#10578=ORIENTED_EDGE('',*,*,#10579,.T.);
#10579=EDGE_CURVE('',#10580,#10582,#10584,.F.);
#10580=VERTEX_POINT('',#10581);
#10581=CARTESIAN_POINT('',(1.65,0.9,-1.5));
#10582=VERTEX_POINT('',#10583);
#10583=CARTESIAN_POINT('',(1.95,0.9,-1.5));
#10584=CIRCLE('',#10585,0.15);
#10585=AXIS2_PLACEMENT_3D('',#10586,#10587,#10588);
#10586=CARTESIAN_POINT('',(1.8,0.9,-1.5));
#10587=DIRECTION('',(0.0,-1.0,0.0));
#10588=DIRECTION('',(1.0,0.0,0.0));
#10589=ORIENTED_EDGE('',*,*,#10590,.T.);
#10590=EDGE_CURVE('',#10582,#10580,#10584,.F.);
#10591=FACE_BOUND('',#10592,.T.);
#10592=EDGE_LOOP('',(#10593));
#10593=ORIENTED_EDGE('',*,*,#10594,.T.);
#10594=EDGE_CURVE('',#10595,#10595,#10597,.F.);
#10595=VERTEX_POINT('',#10596);
#10596=CARTESIAN_POINT('',(2.95,0.9,-1.5));
#10597=CIRCLE('',#10598,0.15);
#10598=AXIS2_PLACEMENT_3D('',#10599,#10600,#10601);
#10599=CARTESIAN_POINT('',(2.8,0.9,-1.5));
#10600=DIRECTION('',(0.0,-1.0,0.0));
#10601=DIRECTION('',(1.0,0.0,0.0));
#10602=PLANE('',#10603);
#10603=AXIS2_PLACEMENT_3D('',#10604,#10605,#10606);
#10604=CARTESIAN_POINT('',(2.3,0.9,-1.475));
#10605=DIRECTION('',(0.0,1.0,0.0));
#10606=DIRECTION('',(1.0,0.0,0.0));
#10607=ADVANCED_FACE('',(#10608),#10635,.F.);
#10608=FACE_BOUND('',#10609,.T.);
#10609=EDGE_LOOP('',(#10610,#10611,#10612,#10620,#10628,#10634));
#10610=ORIENTED_EDGE('',*,*,#10481,.F.);
#10611=ORIENTED_EDGE('',*,*,#3022,.F.);
#10612=ORIENTED_EDGE('',*,*,#10613,.T.);
#10613=EDGE_CURVE('',#3015,#10614,#10616,.T.);
#10614=VERTEX_POINT('',#10615);
#10615=CARTESIAN_POINT('',(0.75,1.1,-2.05));
#10616=LINE('',#10617,#10618);
#10617=CARTESIAN_POINT('',(0.75,0.995607999,-2.05));
#10618=VECTOR('',#10619,1.0);
#10619=DIRECTION('',(0.0,1.0,0.0));
#10620=ORIENTED_EDGE('',*,*,#10621,.T.);
#10621=EDGE_CURVE('',#10614,#10622,#10624,.T.);
#10622=VERTEX_POINT('',#10623);
#10623=CARTESIAN_POINT('',(0.7525,1.1,-2.05));
#10624=LINE('',#10625,#10626);
#10625=CARTESIAN_POINT('',(0.75,1.1,-2.05));
#10626=VECTOR('',#10627,1.0);
#10627=DIRECTION('',(1.0,0.0,0.0));
#10628=ORIENTED_EDGE('',*,*,#10629,.T.);
#10629=EDGE_CURVE('',#10622,#3290,#10630,.T.);
#10630=LINE('',#10631,#10632);
#10631=CARTESIAN_POINT('',(0.7525,1.1,-2.05));
#10632=VECTOR('',#10633,1.0);
#10633=DIRECTION('',(0.0,-1.0,0.0));
#10634=ORIENTED_EDGE('',*,*,#3314,.F.);
#10635=PLANE('',#10636);
#10636=AXIS2_PLACEMENT_3D('',#10637,#10638,#10639);
#10637=CARTESIAN_POINT('',(1.1,1.0,-2.05));
#10638=DIRECTION('',(0.0,0.0,1.0));
#10639=DIRECTION('',(1.0,0.0,0.0));
#10640=ADVANCED_FACE('',(#10641),#10686,.T.);
#10641=FACE_BOUND('',#10642,.T.);
#10642=EDGE_LOOP('',(#10643,#10653,#10660,#10661,#10662,#10663,#10672,#10680));
#10643=ORIENTED_EDGE('',*,*,#10644,.T.);
#10644=EDGE_CURVE('',#10645,#10647,#10649,.F.);
#10645=VERTEX_POINT('',#10646);
#10646=CARTESIAN_POINT('',(0.75,1.2,-0.45));
#10647=VERTEX_POINT('',#10648);
#10648=CARTESIAN_POINT('',(0.75,1.2,-1.95));
#10649=LINE('',#10650,#10651);
#10650=CARTESIAN_POINT('',(0.75,1.2,-1.95));
#10651=VECTOR('',#10652,1.0);
#10652=DIRECTION('',(0.0,0.0,1.0));
#10653=ORIENTED_EDGE('',*,*,#10654,.T.);
#10654=EDGE_CURVE('',#10647,#10614,#10655,.F.);
#10655=CIRCLE('',#10656,0.1);
#10656=AXIS2_PLACEMENT_3D('',#10657,#10658,#10659);
#10657=CARTESIAN_POINT('',(0.75,1.1,-1.95));
#10658=DIRECTION('',(1.0,0.0,0.0));
#10659=DIRECTION('',(0.0,0.0,-1.0));
#10660=ORIENTED_EDGE('',*,*,#10613,.F.);
#10661=ORIENTED_EDGE('',*,*,#3014,.F.);
#10662=ORIENTED_EDGE('',*,*,#3055,.F.);
#10663=ORIENTED_EDGE('',*,*,#10664,.T.);
#10664=EDGE_CURVE('',#3048,#10665,#10667,.F.);
#10665=VERTEX_POINT('',#10666);
#10666=CARTESIAN_POINT('',(0.75,1.3,-1.95));
#10667=CIRCLE('',#10668,0.2);
#10668=AXIS2_PLACEMENT_3D('',#10669,#10670,#10671);
#10669=CARTESIAN_POINT('',(0.75,1.1,-1.95));
#10670=DIRECTION('',(-1.0,0.0,0.0));
#10671=DIRECTION('',(0.0,1.0,0.0));
#10672=ORIENTED_EDGE('',*,*,#10673,.T.);
#10673=EDGE_CURVE('',#10665,#10674,#10676,.F.);
#10674=VERTEX_POINT('',#10675);
#10675=CARTESIAN_POINT('',(0.75,1.3,-0.45));
#10676=LINE('',#10677,#10678);
#10677=CARTESIAN_POINT('',(0.75,1.3,-0.45));
#10678=VECTOR('',#10679,1.0);
#10679=DIRECTION('',(0.0,0.0,-1.0));
#10680=ORIENTED_EDGE('',*,*,#10681,.T.);
#10681=EDGE_CURVE('',#10674,#10645,#10682,.T.);
#10682=LINE('',#10683,#10684);
#10683=CARTESIAN_POINT('',(0.75,1.3,-0.45));
#10684=VECTOR('',#10685,1.0);
#10685=DIRECTION('',(0.0,-1.0,0.0));
#10686=PLANE('',#10687);
#10687=AXIS2_PLACEMENT_3D('',#10688,#10689,#10690);
#10688=CARTESIAN_POINT('',(0.75,1.147803999,-1.3));
#10689=DIRECTION('',(1.0,0.0,0.0));
#10690=DIRECTION('',(0.0,1.0,0.0));
#10691=ADVANCED_FACE('',(#10692),#10737,.F.);
#10692=FACE_BOUND('',#10693,.T.);
#10693=EDGE_LOOP('',(#10694,#10703,#10711,#10719,#10727,#10734,#10735,#10736));
#10694=ORIENTED_EDGE('',*,*,#10695,.T.);
#10695=EDGE_CURVE('',#10622,#10696,#10698,.T.);
#10696=VERTEX_POINT('',#10697);
#10697=CARTESIAN_POINT('',(0.7525,1.2,-1.95));
#10698=CIRCLE('',#10699,0.1);
#10699=AXIS2_PLACEMENT_3D('',#10700,#10701,#10702);
#10700=CARTESIAN_POINT('',(0.7525,1.1,-1.95));
#10701=DIRECTION('',(1.0,0.0,0.0));
#10702=DIRECTION('',(0.0,0.0,-1.0));
#10703=ORIENTED_EDGE('',*,*,#10704,.T.);
#10704=EDGE_CURVE('',#10696,#10705,#10707,.T.);
#10705=VERTEX_POINT('',#10706);
#10706=CARTESIAN_POINT('',(0.7525,1.2,-0.45));
#10707=LINE('',#10708,#10709);
#10708=CARTESIAN_POINT('',(0.7525,1.2,-1.95));
#10709=VECTOR('',#10710,1.0);
#10710=DIRECTION('',(0.0,0.0,1.0));
#10711=ORIENTED_EDGE('',*,*,#10712,.T.);
#10712=EDGE_CURVE('',#10705,#10713,#10715,.T.);
#10713=VERTEX_POINT('',#10714);
#10714=CARTESIAN_POINT('',(0.7525,1.3,-0.45));
#10715=LINE('',#10716,#10717);
#10716=CARTESIAN_POINT('',(0.7525,1.2,-0.45));
#10717=VECTOR('',#10718,1.0);
#10718=DIRECTION('',(0.0,1.0,0.0));
#10719=ORIENTED_EDGE('',*,*,#10720,.T.);
#10720=EDGE_CURVE('',#10713,#10721,#10723,.F.);
#10721=VERTEX_POINT('',#10722);
#10722=CARTESIAN_POINT('',(0.7525,1.3,-1.95));
#10723=LINE('',#10724,#10725);
#10724=CARTESIAN_POINT('',(0.7525,1.3,-1.95));
#10725=VECTOR('',#10726,1.0);
#10726=DIRECTION('',(0.0,0.0,1.0));
#10727=ORIENTED_EDGE('',*,*,#10728,.T.);
#10728=EDGE_CURVE('',#10721,#3040,#10729,.F.);
#10729=CIRCLE('',#10730,0.2);
#10730=AXIS2_PLACEMENT_3D('',#10731,#10732,#10733);
#10731=CARTESIAN_POINT('',(0.7525,1.1,-1.95));
#10732=DIRECTION('',(1.0,0.0,0.0));
#10733=DIRECTION('',(0.0,0.0,-1.0));
#10734=ORIENTED_EDGE('',*,*,#3037,.F.);
#10735=ORIENTED_EDGE('',*,*,#3289,.F.);
#10736=ORIENTED_EDGE('',*,*,#10629,.F.);
#10737=PLANE('',#10738);
#10738=AXIS2_PLACEMENT_3D('',#10739,#10740,#10741);
#10739=CARTESIAN_POINT('',(0.7525,1.147803999,-1.3));
#10740=DIRECTION('',(1.0,0.0,0.0));
#10741=DIRECTION('',(0.0,1.0,0.0));
#10742=ADVANCED_FACE('',(#10743),#10765,.F.);
#10743=FACE_BOUND('',#10744,.T.);
#10744=EDGE_LOOP('',(#10745,#10746,#10747,#10748,#10749,#10750,#10751,#10759));
#10745=ORIENTED_EDGE('',*,*,#10264,.F.);
#10746=ORIENTED_EDGE('',*,*,#10314,.F.);
#10747=ORIENTED_EDGE('',*,*,#10340,.F.);
#10748=ORIENTED_EDGE('',*,*,#10360,.F.);
#10749=ORIENTED_EDGE('',*,*,#3204,.F.);
#10750=ORIENTED_EDGE('',*,*,#3173,.F.);
#10751=ORIENTED_EDGE('',*,*,#10752,.T.);
#10752=EDGE_CURVE('',#3166,#10753,#10755,.T.);
#10753=VERTEX_POINT('',#10754);
#10754=CARTESIAN_POINT('',(-0.1,2.0,-2.1));
#10755=LINE('',#10756,#10757);
#10756=CARTESIAN_POINT('',(-0.1,0.05,-2.1));
#10757=VECTOR('',#10758,1.0);
#10758=DIRECTION('',(0.0,1.0,0.0));
#10759=ORIENTED_EDGE('',*,*,#10760,.T.);
#10760=EDGE_CURVE('',#10753,#10265,#10761,.T.);
#10761=LINE('',#10762,#10763);
#10762=CARTESIAN_POINT('',(-0.1,2.0,-2.1));
#10763=VECTOR('',#10764,1.0);
#10764=DIRECTION('',(0.0,0.0,-1.0));
#10765=PLANE('',#10766);
#10766=AXIS2_PLACEMENT_3D('',#10767,#10768,#10769);
#10767=CARTESIAN_POINT('',(-0.1,1.025,-2.45));
#10768=DIRECTION('',(1.0,0.0,0.0));
#10769=DIRECTION('',(0.0,1.0,0.0));
#10770=ADVANCED_FACE('',(#10771),#10807,.T.);
#10771=FACE_BOUND('',#10772,.T.);
#10772=EDGE_LOOP('',(#10773,#10779,#10780,#10787,#10788,#10789,#10790,#10791,#10799,#10806));
#10773=ORIENTED_EDGE('',*,*,#10774,.T.);
#10774=EDGE_CURVE('',#10383,#9956,#10775,.T.);
#10775=LINE('',#10776,#10777);
#10776=CARTESIAN_POINT('',(0.6,2.1,-2.1));
#10777=VECTOR('',#10778,1.0);
#10778=DIRECTION('',(0.0,1.0,0.0));
#10779=ORIENTED_EDGE('',*,*,#9955,.F.);
#10780=ORIENTED_EDGE('',*,*,#10781,.T.);
#10781=EDGE_CURVE('',#9948,#10753,#10782,.F.);
#10782=CIRCLE('',#10783,0.2);
#10783=AXIS2_PLACEMENT_3D('',#10784,#10785,#10786);
#10784=CARTESIAN_POINT('',(0.1,2.0,-2.1));
#10785=DIRECTION('',(0.0,0.0,-1.0));
#10786=DIRECTION('',(-1.0,0.0,0.0));
#10787=ORIENTED_EDGE('',*,*,#10752,.F.);
#10788=ORIENTED_EDGE('',*,*,#3165,.F.);
#10789=ORIENTED_EDGE('',*,*,#3235,.F.);
#10790=ORIENTED_EDGE('',*,*,#3275,.F.);
#10791=ORIENTED_EDGE('',*,*,#10792,.T.);
#10792=EDGE_CURVE('',#3268,#10793,#10795,.F.);
#10793=VERTEX_POINT('',#10794);
#10794=CARTESIAN_POINT('',(0.0,2.0,-2.1));
#10795=LINE('',#10796,#10797);
#10796=CARTESIAN_POINT('',(0.0,2.0,-2.1));
#10797=VECTOR('',#10798,1.0);
#10798=DIRECTION('',(0.0,-1.0,0.0));
#10799=ORIENTED_EDGE('',*,*,#10800,.T.);
#10800=EDGE_CURVE('',#10793,#10235,#10801,.F.);
#10801=CIRCLE('',#10802,0.1);
#10802=AXIS2_PLACEMENT_3D('',#10803,#10804,#10805);
#10803=CARTESIAN_POINT('',(0.1,2.0,-2.1));
#10804=DIRECTION('',(0.0,0.0,1.0));
#10805=DIRECTION('',(0.0,1.0,0.0));
#10806=ORIENTED_EDGE('',*,*,#10391,.F.);
#10807=PLANE('',#10808);
#10808=AXIS2_PLACEMENT_3D('',#10809,#10810,#10811);
#10809=CARTESIAN_POINT('',(0.25,1.125,-2.1));
#10810=DIRECTION('',(0.0,0.0,1.0));
#10811=DIRECTION('',(1.0,0.0,0.0));
#10812=ADVANCED_FACE('',(#10813),#10819,.F.);
#10813=FACE_BOUND('',#10814,.T.);
#10814=EDGE_LOOP('',(#10815,#10816,#10817,#10818));
#10815=ORIENTED_EDGE('',*,*,#3591,.F.);
#10816=ORIENTED_EDGE('',*,*,#4223,.F.);
#10817=ORIENTED_EDGE('',*,*,#4213,.F.);
#10818=ORIENTED_EDGE('',*,*,#4239,.F.);
#10819=PLANE('',#10820);
#10820=AXIS2_PLACEMENT_3D('',#10821,#10822,#10823);
#10821=CARTESIAN_POINT('',(2.3,1.25,-0.55));
#10822=DIRECTION('',(0.0,0.0,1.0));
#10823=DIRECTION('',(1.0,0.0,0.0));
#10824=ADVANCED_FACE('',(#10825),#10850,.T.);
#10825=FACE_BOUND('',#10826,.T.);
#10826=EDGE_LOOP('',(#10827,#10835,#10843,#10849));
#10827=ORIENTED_EDGE('',*,*,#10828,.T.);
#10828=EDGE_CURVE('',#3806,#10829,#10831,.T.);
#10829=VERTEX_POINT('',#10830);
#10830=CARTESIAN_POINT('',(1.2975,1.36,-1.725));
#10831=LINE('',#10832,#10833);
#10832=CARTESIAN_POINT('',(1.2975,1.3,-1.725));
#10833=VECTOR('',#10834,1.0);
#10834=DIRECTION('',(0.0,1.0,0.0));
#10835=ORIENTED_EDGE('',*,*,#10836,.T.);
#10836=EDGE_CURVE('',#10829,#10837,#10839,.F.);
#10837=VERTEX_POINT('',#10838);
#10838=CARTESIAN_POINT('',(1.2975,1.36,-1.275));
#10839=LINE('',#10840,#10841);
#10840=CARTESIAN_POINT('',(1.2975,1.36,-1.275));
#10841=VECTOR('',#10842,1.0);
#10842=DIRECTION('',(0.0,0.0,-1.0));
#10843=ORIENTED_EDGE('',*,*,#10844,.T.);
#10844=EDGE_CURVE('',#10837,#3788,#10845,.T.);
#10845=LINE('',#10846,#10847);
#10846=CARTESIAN_POINT('',(1.2975,1.36,-1.275));
#10847=VECTOR('',#10848,1.0);
#10848=DIRECTION('',(0.0,-1.0,0.0));
#10849=ORIENTED_EDGE('',*,*,#3813,.F.);
#10850=PLANE('',#10851);
#10851=AXIS2_PLACEMENT_3D('',#10852,#10853,#10854);
#10852=CARTESIAN_POINT('',(1.2975,1.33,-1.5));
#10853=DIRECTION('',(1.0,0.0,0.0));
#10854=DIRECTION('',(0.0,1.0,0.0));
#10855=ADVANCED_FACE('',(#10856),#10874,.F.);
#10856=FACE_BOUND('',#10857,.T.);
#10857=EDGE_LOOP('',(#10858,#10866,#10872,#10873));
#10858=ORIENTED_EDGE('',*,*,#10859,.T.);
#10859=EDGE_CURVE('',#3798,#10860,#10862,.F.);
#10860=VERTEX_POINT('',#10861);
#10861=CARTESIAN_POINT('',(0.9975,1.36,-1.725));
#10862=LINE('',#10863,#10864);
#10863=CARTESIAN_POINT('',(0.9975,1.36,-1.725));
#10864=VECTOR('',#10865,1.0);
#10865=DIRECTION('',(0.0,-1.0,0.0));
#10866=ORIENTED_EDGE('',*,*,#10867,.T.);
#10867=EDGE_CURVE('',#10860,#10829,#10868,.F.);
#10868=LINE('',#10869,#10870);
#10869=CARTESIAN_POINT('',(1.2975,1.36,-1.725));
#10870=VECTOR('',#10871,1.0);
#10871=DIRECTION('',(-1.0,0.0,0.0));
#10872=ORIENTED_EDGE('',*,*,#10828,.F.);
#10873=ORIENTED_EDGE('',*,*,#3805,.F.);
#10874=PLANE('',#10875);
#10875=AXIS2_PLACEMENT_3D('',#10876,#10877,#10878);
#10876=CARTESIAN_POINT('',(1.1475,1.33,-1.725));
#10877=DIRECTION('',(0.0,0.0,1.0));
#10878=DIRECTION('',(1.0,0.0,0.0));
#10879=ADVANCED_FACE('',(#10880),#10898,.F.);
#10880=FACE_BOUND('',#10881,.T.);
#10881=EDGE_LOOP('',(#10882,#10890,#10896,#10897));
#10882=ORIENTED_EDGE('',*,*,#10883,.T.);
#10883=EDGE_CURVE('',#3790,#10884,#10886,.F.);
#10884=VERTEX_POINT('',#10885);
#10885=CARTESIAN_POINT('',(0.9975,1.36,-1.275));
#10886=LINE('',#10887,#10888);
#10887=CARTESIAN_POINT('',(0.9975,1.36,-1.275));
#10888=VECTOR('',#10889,1.0);
#10889=DIRECTION('',(0.0,-1.0,0.0));
#10890=ORIENTED_EDGE('',*,*,#10891,.T.);
#10891=EDGE_CURVE('',#10884,#10860,#10892,.F.);
#10892=LINE('',#10893,#10894);
#10893=CARTESIAN_POINT('',(0.9975,1.36,-1.725));
#10894=VECTOR('',#10895,1.0);
#10895=DIRECTION('',(0.0,0.0,1.0));
#10896=ORIENTED_EDGE('',*,*,#10859,.F.);
#10897=ORIENTED_EDGE('',*,*,#3797,.F.);
#10898=PLANE('',#10899);
#10899=AXIS2_PLACEMENT_3D('',#10900,#10901,#10902);
#10900=CARTESIAN_POINT('',(0.9975,1.33,-1.5));
#10901=DIRECTION('',(1.0,0.0,0.0));
#10902=DIRECTION('',(0.0,1.0,0.0));
#10903=ADVANCED_FACE('',(#10904),#10915,.T.);
#10904=FACE_BOUND('',#10905,.T.);
#10905=EDGE_LOOP('',(#10906,#10907,#10913,#10914));
#10906=ORIENTED_EDGE('',*,*,#10844,.F.);
#10907=ORIENTED_EDGE('',*,*,#10908,.T.);
#10908=EDGE_CURVE('',#10837,#10884,#10909,.F.);
#10909=LINE('',#10910,#10911);
#10910=CARTESIAN_POINT('',(0.9975,1.36,-1.275));
#10911=VECTOR('',#10912,1.0);
#10912=DIRECTION('',(1.0,0.0,0.0));
#10913=ORIENTED_EDGE('',*,*,#10883,.F.);
#10914=ORIENTED_EDGE('',*,*,#3787,.F.);
#10915=PLANE('',#10916);
#10916=AXIS2_PLACEMENT_3D('',#10917,#10918,#10919);
#10917=CARTESIAN_POINT('',(1.1475,1.33,-1.275));
#10918=DIRECTION('',(0.0,0.0,1.0));
#10919=DIRECTION('',(1.0,0.0,0.0));
#10920=ADVANCED_FACE('',(#10921),#10946,.T.);
#10921=FACE_BOUND('',#10922,.T.);
#10922=EDGE_LOOP('',(#10923,#10931,#10939,#10945));
#10923=ORIENTED_EDGE('',*,*,#10924,.T.);
#10924=EDGE_CURVE('',#3772,#10925,#10927,.T.);
#10925=VERTEX_POINT('',#10926);
#10926=CARTESIAN_POINT('',(3.6025,1.36,-1.275));
#10927=LINE('',#10928,#10929);
#10928=CARTESIAN_POINT('',(3.6025,1.3,-1.275));
#10929=VECTOR('',#10930,1.0);
#10930=DIRECTION('',(0.0,1.0,0.0));
#10931=ORIENTED_EDGE('',*,*,#10932,.T.);
#10932=EDGE_CURVE('',#10925,#10933,#10935,.T.);
#10933=VERTEX_POINT('',#10934);
#10934=CARTESIAN_POINT('',(3.3025,1.36,-1.275));
#10935=LINE('',#10936,#10937);
#10936=CARTESIAN_POINT('',(3.6025,1.36,-1.275));
#10937=VECTOR('',#10938,1.0);
#10938=DIRECTION('',(-1.0,0.0,0.0));
#10939=ORIENTED_EDGE('',*,*,#10940,.T.);
#10940=EDGE_CURVE('',#10933,#3754,#10941,.T.);
#10941=LINE('',#10942,#10943);
#10942=CARTESIAN_POINT('',(3.3025,1.36,-1.275));
#10943=VECTOR('',#10944,1.0);
#10944=DIRECTION('',(0.0,-1.0,0.0));
#10945=ORIENTED_EDGE('',*,*,#3779,.F.);
#10946=PLANE('',#10947);
#10947=AXIS2_PLACEMENT_3D('',#10948,#10949,#10950);
#10948=CARTESIAN_POINT('',(3.4525,1.33,-1.275));
#10949=DIRECTION('',(0.0,0.0,1.0));
#10950=DIRECTION('',(1.0,0.0,0.0));
#10951=ADVANCED_FACE('',(#10952),#10970,.T.);
#10952=FACE_BOUND('',#10953,.T.);
#10953=EDGE_LOOP('',(#10954,#10962,#10968,#10969));
#10954=ORIENTED_EDGE('',*,*,#10955,.T.);
#10955=EDGE_CURVE('',#3764,#10956,#10958,.F.);
#10956=VERTEX_POINT('',#10957);
#10957=CARTESIAN_POINT('',(3.6025,1.36,-1.725));
#10958=LINE('',#10959,#10960);
#10959=CARTESIAN_POINT('',(3.6025,1.36,-1.725));
#10960=VECTOR('',#10961,1.0);
#10961=DIRECTION('',(0.0,-1.0,0.0));
#10962=ORIENTED_EDGE('',*,*,#10963,.T.);
#10963=EDGE_CURVE('',#10956,#10925,#10964,.T.);
#10964=LINE('',#10965,#10966);
#10965=CARTESIAN_POINT('',(3.6025,1.36,-1.725));
#10966=VECTOR('',#10967,1.0);
#10967=DIRECTION('',(0.0,0.0,1.0));
#10968=ORIENTED_EDGE('',*,*,#10924,.F.);
#10969=ORIENTED_EDGE('',*,*,#3771,.F.);
#10970=PLANE('',#10971);
#10971=AXIS2_PLACEMENT_3D('',#10972,#10973,#10974);
#10972=CARTESIAN_POINT('',(3.6025,1.33,-1.5));
#10973=DIRECTION('',(1.0,0.0,0.0));
#10974=DIRECTION('',(0.0,1.0,0.0));
#10975=ADVANCED_FACE('',(#10976),#10994,.F.);
#10976=FACE_BOUND('',#10977,.T.);
#10977=EDGE_LOOP('',(#10978,#10986,#10992,#10993));
#10978=ORIENTED_EDGE('',*,*,#10979,.T.);
#10979=EDGE_CURVE('',#3756,#10980,#10982,.F.);
#10980=VERTEX_POINT('',#10981);
#10981=CARTESIAN_POINT('',(3.3025,1.36,-1.725));
#10982=LINE('',#10983,#10984);
#10983=CARTESIAN_POINT('',(3.3025,1.36,-1.725));
#10984=VECTOR('',#10985,1.0);
#10985=DIRECTION('',(0.0,-1.0,0.0));
#10986=ORIENTED_EDGE('',*,*,#10987,.T.);
#10987=EDGE_CURVE('',#10980,#10956,#10988,.T.);
#10988=LINE('',#10989,#10990);
#10989=CARTESIAN_POINT('',(3.3025,1.36,-1.725));
#10990=VECTOR('',#10991,1.0);
#10991=DIRECTION('',(1.0,0.0,0.0));
#10992=ORIENTED_EDGE('',*,*,#10955,.F.);
#10993=ORIENTED_EDGE('',*,*,#3763,.F.);
#10994=PLANE('',#10995);
#10995=AXIS2_PLACEMENT_3D('',#10996,#10997,#10998);
#10996=CARTESIAN_POINT('',(3.4525,1.33,-1.725));
#10997=DIRECTION('',(0.0,0.0,1.0));
#10998=DIRECTION('',(1.0,0.0,0.0));
#10999=ADVANCED_FACE('',(#11000),#11011,.F.);
#11000=FACE_BOUND('',#11001,.T.);
#11001=EDGE_LOOP('',(#11002,#11003,#11009,#11010));
#11002=ORIENTED_EDGE('',*,*,#10940,.F.);
#11003=ORIENTED_EDGE('',*,*,#11004,.T.);
#11004=EDGE_CURVE('',#10933,#10980,#11005,.T.);
#11005=LINE('',#11006,#11007);
#11006=CARTESIAN_POINT('',(3.3025,1.36,-1.275));
#11007=VECTOR('',#11008,1.0);
#11008=DIRECTION('',(0.0,0.0,-1.0));
#11009=ORIENTED_EDGE('',*,*,#10979,.F.);
#11010=ORIENTED_EDGE('',*,*,#3753,.F.);
#11011=PLANE('',#11012);
#11012=AXIS2_PLACEMENT_3D('',#11013,#11014,#11015);
#11013=CARTESIAN_POINT('',(3.3025,1.33,-1.5));
#11014=DIRECTION('',(1.0,0.0,0.0));
#11015=DIRECTION('',(0.0,1.0,0.0));
#11016=ADVANCED_FACE('',(#11017),#11035,.T.);
#11017=FACE_BOUND('',#11018,.T.);
#11018=EDGE_LOOP('',(#11019,#11028,#11033,#11034));
#11019=ORIENTED_EDGE('',*,*,#11020,.T.);
#11020=EDGE_CURVE('',#11021,#11021,#11023,.T.);
#11021=VERTEX_POINT('',#11022);
#11022=CARTESIAN_POINT('',(2.65,1.32,-1.5));
#11023=CIRCLE('',#11024,0.35);
#11024=AXIS2_PLACEMENT_3D('',#11025,#11026,#11027);
#11025=CARTESIAN_POINT('',(2.3,1.32,-1.5));
#11026=DIRECTION('',(0.0,-1.0,0.0));
#11027=DIRECTION('',(1.0,0.0,0.0));
#11028=ORIENTED_EDGE('',*,*,#11029,.T.);
#11029=EDGE_CURVE('',#11021,#3709,#11030,.T.);
#11030=B_SPLINE_CURVE_WITH_KNOTS('',1,(#11031,#11032),.UNSPECIFIED.,.F.,.U.,(2,2),(-0.0204,-4.0000001E-04),.PIECEWISE_BEZIER_KNOTS.);
#11031=CARTESIAN_POINT('',(2.65,1.32,-1.5));
#11032=CARTESIAN_POINT('',(2.65,1.3,-1.5));
#11033=ORIENTED_EDGE('',*,*,#3708,.F.);
#11034=ORIENTED_EDGE('',*,*,#11029,.F.);
#11035=CYLINDRICAL_SURFACE('',#11036,0.35);
#11036=AXIS2_PLACEMENT_3D('',#11037,#11038,#11039);
#11037=CARTESIAN_POINT('',(2.3,1.2996,-1.5));
#11038=DIRECTION('',(0.0,-1.0,0.0));
#11039=DIRECTION('',(1.0,0.0,0.0));
#11040=ADVANCED_FACE('',(#11041),#11057,.F.);
#11041=FACE_BOUND('',#11042,.T.);
#11042=EDGE_LOOP('',(#11043,#11049,#11050,#11056));
#11043=ORIENTED_EDGE('',*,*,#11044,.T.);
#11044=EDGE_CURVE('',#8066,#3607,#11045,.T.);
#11045=LINE('',#11046,#11047);
#11046=CARTESIAN_POINT('',(1.089369999,1.45,-1.9));
#11047=VECTOR('',#11048,1.0);
#11048=DIRECTION('',(0.0,-1.0,0.0));
#11049=ORIENTED_EDGE('',*,*,#3699,.F.);
#11050=ORIENTED_EDGE('',*,*,#11051,.T.);
#11051=EDGE_CURVE('',#3692,#8074,#11052,.F.);
#11052=LINE('',#11053,#11054);
#11053=CARTESIAN_POINT('',(3.510630001,1.45,-1.9));
#11054=VECTOR('',#11055,1.0);
#11055=DIRECTION('',(0.0,-1.0,0.0));
#11056=ORIENTED_EDGE('',*,*,#8073,.F.);
#11057=CYLINDRICAL_SURFACE('',#11058,1.275);
#11058=AXIS2_PLACEMENT_3D('',#11059,#11060,#11061);
#11059=CARTESIAN_POINT('',(2.3,1.292944449,-1.5));
#11060=DIRECTION('',(0.0,-1.0,0.0));
#11061=DIRECTION('',(1.0,0.0,0.0));
#11062=ADVANCED_FACE('',(#11063),#11074,.T.);
#11063=FACE_BOUND('',#11064,.T.);
#11064=EDGE_LOOP('',(#11065,#11066,#11067,#11073));
#11065=ORIENTED_EDGE('',*,*,#11051,.F.);
#11066=ORIENTED_EDGE('',*,*,#3691,.F.);
#11067=ORIENTED_EDGE('',*,*,#11068,.T.);
#11068=EDGE_CURVE('',#3683,#8083,#11069,.F.);
#11069=LINE('',#11070,#11071);
#11070=CARTESIAN_POINT('',(3.55,1.45,-1.9));
#11071=VECTOR('',#11072,1.0);
#11072=DIRECTION('',(0.0,-1.0,0.0));
#11073=ORIENTED_EDGE('',*,*,#8082,.F.);
#11074=PLANE('',#11075);
#11075=AXIS2_PLACEMENT_3D('',#11076,#11077,#11078);
#11076=CARTESIAN_POINT('',(3.530315001,1.375,-1.9));
#11077=DIRECTION('',(0.0,0.0,1.0));
#11078=DIRECTION('',(1.0,0.0,0.0));
#11079=ADVANCED_FACE('',(#11080),#11086,.F.);
#11080=FACE_BOUND('',#11081,.T.);
#11081=EDGE_LOOP('',(#11082,#11083,#11084,#11085));
#11082=ORIENTED_EDGE('',*,*,#11068,.F.);
#11083=ORIENTED_EDGE('',*,*,#3682,.F.);
#11084=ORIENTED_EDGE('',*,*,#6855,.F.);
#11085=ORIENTED_EDGE('',*,*,#8090,.F.);
#11086=CYLINDRICAL_SURFACE('',#11087,0.15);
#11087=AXIS2_PLACEMENT_3D('',#11088,#11089,#11090);
#11088=CARTESIAN_POINT('',(3.55,1.292944449,-1.75));
#11089=DIRECTION('',(0.0,-1.0,0.0));
#11090=DIRECTION('',(1.0,0.0,0.0));
#11091=ADVANCED_FACE('',(#11092),#11109,.F.);
#11092=FACE_BOUND('',#11093,.T.);
#11093=EDGE_LOOP('',(#11094,#11100,#11101,#11102,#11108));
#11094=ORIENTED_EDGE('',*,*,#11095,.T.);
#11095=EDGE_CURVE('',#8101,#6686,#11096,.T.);
#11096=LINE('',#11097,#11098);
#11097=CARTESIAN_POINT('',(3.66339746,1.45,-1.1));
#11098=VECTOR('',#11099,1.0);
#11099=DIRECTION('',(1.0,0.0,0.0));
#11100=ORIENTED_EDGE('',*,*,#6725,.F.);
#11101=ORIENTED_EDGE('',*,*,#3658,.F.);
#11102=ORIENTED_EDGE('',*,*,#11103,.T.);
#11103=EDGE_CURVE('',#3650,#8110,#11104,.F.);
#11104=LINE('',#11105,#11106);
#11105=CARTESIAN_POINT('',(3.510630001,1.45,-1.1));
#11106=VECTOR('',#11107,1.0);
#11107=DIRECTION('',(0.0,-1.0,0.0));
#11108=ORIENTED_EDGE('',*,*,#8109,.F.);
#11109=PLANE('',#11110);
#11110=AXIS2_PLACEMENT_3D('',#11111,#11112,#11113);
#11111=CARTESIAN_POINT('',(3.605315001,1.375,-1.1));
#11112=DIRECTION('',(0.0,0.0,1.0));
#11113=DIRECTION('',(1.0,0.0,0.0));
#11114=ADVANCED_FACE('',(#11115),#11126,.F.);
#11115=FACE_BOUND('',#11116,.T.);
#11116=EDGE_LOOP('',(#11117,#11118,#11119,#11125));
#11117=ORIENTED_EDGE('',*,*,#11103,.F.);
#11118=ORIENTED_EDGE('',*,*,#3649,.F.);
#11119=ORIENTED_EDGE('',*,*,#11120,.T.);
#11120=EDGE_CURVE('',#3642,#8118,#11121,.F.);
#11121=LINE('',#11122,#11123);
#11122=CARTESIAN_POINT('',(1.089369999,1.45,-1.1));
#11123=VECTOR('',#11124,1.0);
#11124=DIRECTION('',(0.0,-1.0,0.0));
#11125=ORIENTED_EDGE('',*,*,#8117,.F.);
#11126=CYLINDRICAL_SURFACE('',#11127,1.275);
#11127=AXIS2_PLACEMENT_3D('',#11128,#11129,#11130);
#11128=CARTESIAN_POINT('',(2.3,1.292944449,-1.5));
#11129=DIRECTION('',(0.0,-1.0,0.0));
#11130=DIRECTION('',(1.0,0.0,0.0));
#11131=ADVANCED_FACE('',(#11132),#11144,.F.);
#11132=FACE_BOUND('',#11133,.T.);
#11133=EDGE_LOOP('',(#11134,#11135,#11136,#11137,#11143));
#11134=ORIENTED_EDGE('',*,*,#11120,.F.);
#11135=ORIENTED_EDGE('',*,*,#3641,.F.);
#11136=ORIENTED_EDGE('',*,*,#6452,.F.);
#11137=ORIENTED_EDGE('',*,*,#11138,.T.);
#11138=EDGE_CURVE('',#6445,#8029,#11139,.T.);
#11139=LINE('',#11140,#11141);
#11140=CARTESIAN_POINT('',(0.9,1.45,-1.1));
#11141=VECTOR('',#11142,1.0);
#11142=DIRECTION('',(1.0,0.0,0.0));
#11143=ORIENTED_EDGE('',*,*,#8126,.F.);
#11144=PLANE('',#11145);
#11145=AXIS2_PLACEMENT_3D('',#11146,#11147,#11148);
#11146=CARTESIAN_POINT('',(0.994684999,1.375,-1.1));
#11147=DIRECTION('',(0.0,0.0,1.0));
#11148=DIRECTION('',(1.0,0.0,0.0));
#11149=ADVANCED_FACE('',(#11150),#11161,.F.);
#11150=FACE_BOUND('',#11151,.T.);
#11151=EDGE_LOOP('',(#11152,#11153,#11154,#11160));
#11152=ORIENTED_EDGE('',*,*,#7255,.F.);
#11153=ORIENTED_EDGE('',*,*,#3616,.F.);
#11154=ORIENTED_EDGE('',*,*,#11155,.T.);
#11155=EDGE_CURVE('',#3609,#8057,#11156,.F.);
#11156=LINE('',#11157,#11158);
#11157=CARTESIAN_POINT('',(1.05,1.45,-1.9));
#11158=VECTOR('',#11159,1.0);
#11159=DIRECTION('',(0.0,-1.0,0.0));
#11160=ORIENTED_EDGE('',*,*,#8056,.F.);
#11161=CYLINDRICAL_SURFACE('',#11162,0.15);
#11162=AXIS2_PLACEMENT_3D('',#11163,#11164,#11165);
#11163=CARTESIAN_POINT('',(1.05,1.292944449,-1.75));
#11164=DIRECTION('',(0.0,-1.0,0.0));
#11165=DIRECTION('',(1.0,0.0,0.0));
#11166=ADVANCED_FACE('',(#11167),#11173,.T.);
#11167=FACE_BOUND('',#11168,.T.);
#11168=EDGE_LOOP('',(#11169,#11170,#11171,#11172));
#11169=ORIENTED_EDGE('',*,*,#11155,.F.);
#11170=ORIENTED_EDGE('',*,*,#3606,.F.);
#11171=ORIENTED_EDGE('',*,*,#11044,.F.);
#11172=ORIENTED_EDGE('',*,*,#8065,.F.);
#11173=PLANE('',#11174);
#11174=AXIS2_PLACEMENT_3D('',#11175,#11176,#11177);
#11175=CARTESIAN_POINT('',(1.069684999,1.375,-1.9));
#11176=DIRECTION('',(0.0,0.0,1.0));
#11177=DIRECTION('',(1.0,0.0,0.0));
#11178=ADVANCED_FACE('',(#11179),#11190,.T.);
#11179=FACE_BOUND('',#11180,.T.);
#11180=EDGE_LOOP('',(#11181,#11187,#11188,#11189));
#11181=ORIENTED_EDGE('',*,*,#11182,.T.);
#11182=EDGE_CURVE('',#4117,#4607,#11183,.F.);
#11183=LINE('',#11184,#11185);
#11184=CARTESIAN_POINT('',(2.810940039,0.840626693,-2.15));
#11185=VECTOR('',#11186,1.0);
#11186=DIRECTION('',(0.0,0.0,1.0));
#11187=ORIENTED_EDGE('',*,*,#4606,.F.);
#11188=ORIENTED_EDGE('',*,*,#4726,.F.);
#11189=ORIENTED_EDGE('',*,*,#4125,.F.);
#11190=PLANE('',#11191);
#11191=AXIS2_PLACEMENT_3D('',#11192,#11193,#11194);
#11192=CARTESIAN_POINT('',(2.75,0.8,-2.1));
#11193=DIRECTION('',(-0.554700196,0.832050294,0.0));
#11194=DIRECTION('',(0.0,0.0,1.0));
#11195=ADVANCED_FACE('',(#11196),#11207,.F.);
#11196=FACE_BOUND('',#11197,.T.);
#11197=EDGE_LOOP('',(#11198,#11199,#11200,#11201));
#11198=ORIENTED_EDGE('',*,*,#4614,.F.);
#11199=ORIENTED_EDGE('',*,*,#11182,.F.);
#11200=ORIENTED_EDGE('',*,*,#4116,.F.);
#11201=ORIENTED_EDGE('',*,*,#11202,.T.);
#11202=EDGE_CURVE('',#4108,#4615,#11203,.T.);
#11203=LINE('',#11204,#11205);
#11204=CARTESIAN_POINT('',(2.848887874,0.873498738,-2.05));
#11205=VECTOR('',#11206,1.0);
#11206=DIRECTION('',(0.0,0.0,-1.0));
#11207=CYLINDRICAL_SURFACE('',#11208,0.2);
#11208=AXIS2_PLACEMENT_3D('',#11209,#11210,#11211);
#11209=CARTESIAN_POINT('',(2.7,1.007036752,-2.042944449));
#11210=DIRECTION('',(0.0,0.0,1.0));
#11211=DIRECTION('',(1.0,0.0,0.0));
#11212=ADVANCED_FACE('',(#11213),#11224,.T.);
#11213=FACE_BOUND('',#11214,.T.);
#11214=EDGE_LOOP('',(#11215,#11216,#11217,#11223));
#11215=ORIENTED_EDGE('',*,*,#11202,.F.);
#11216=ORIENTED_EDGE('',*,*,#4107,.F.);
#11217=ORIENTED_EDGE('',*,*,#11218,.T.);
#11218=EDGE_CURVE('',#4100,#4565,#11219,.T.);
#11219=LINE('',#11220,#11221);
#11220=CARTESIAN_POINT('',(2.814787722,0.844661304,-2.05));
#11221=VECTOR('',#11222,1.0);
#11222=DIRECTION('',(0.0,0.0,-1.0));
#11223=ORIENTED_EDGE('',*,*,#4623,.F.);
#11224=CYLINDRICAL_SURFACE('',#11225,0.19);
#11225=AXIS2_PLACEMENT_3D('',#11226,#11227,#11228);
#11226=CARTESIAN_POINT('',(2.71,1.003152734,-2.030088902));
#11227=DIRECTION('',(0.0,0.0,1.0));
#11228=DIRECTION('',(1.0,0.0,0.0));
#11229=ADVANCED_FACE('',(#11230),#11236,.F.);
#11230=FACE_BOUND('',#11231,.T.);
#11231=EDGE_LOOP('',(#11232,#11233,#11234,#11235));
#11232=ORIENTED_EDGE('',*,*,#11218,.F.);
#11233=ORIENTED_EDGE('',*,*,#4099,.F.);
#11234=ORIENTED_EDGE('',*,*,#4532,.F.);
#11235=ORIENTED_EDGE('',*,*,#4564,.F.);
#11236=PLANE('',#11237);
#11237=AXIS2_PLACEMENT_3D('',#11238,#11239,#11240);
#11238=CARTESIAN_POINT('',(2.74875,0.801,-2.1));
#11239=DIRECTION('',(-0.551514327,0.83416542,0.0));
#11240=DIRECTION('',(0.0,0.0,1.0));
#11241=ADVANCED_FACE('',(#11242),#11253,.F.);
#11242=FACE_BOUND('',#11243,.T.);
#11243=EDGE_LOOP('',(#11244,#11245,#11246,#11252));
#11244=ORIENTED_EDGE('',*,*,#4422,.F.);
#11245=ORIENTED_EDGE('',*,*,#4049,.F.);
#11246=ORIENTED_EDGE('',*,*,#11247,.T.);
#11247=EDGE_CURVE('',#4041,#4338,#11248,.F.);
#11248=LINE('',#11249,#11250);
#11249=CARTESIAN_POINT('',(1.785212278,0.844661304,-2.15));
#11250=VECTOR('',#11251,1.0);
#11251=DIRECTION('',(0.0,0.0,1.0));
#11252=ORIENTED_EDGE('',*,*,#4337,.F.);
#11253=PLANE('',#11254);
#11254=AXIS2_PLACEMENT_3D('',#11255,#11256,#11257);
#11255=CARTESIAN_POINT('',(1.85125,0.801,-2.1));
#11256=DIRECTION('',(0.551514327,0.83416542,0.0));
#11257=DIRECTION('',(0.0,0.0,-1.0));
#11258=ADVANCED_FACE('',(#11259),#11270,.T.);
#11259=FACE_BOUND('',#11260,.T.);
#11260=EDGE_LOOP('',(#11261,#11262,#11263,#11264));
#11261=ORIENTED_EDGE('',*,*,#4345,.F.);
#11262=ORIENTED_EDGE('',*,*,#11247,.F.);
#11263=ORIENTED_EDGE('',*,*,#4040,.F.);
#11264=ORIENTED_EDGE('',*,*,#11265,.T.);
#11265=EDGE_CURVE('',#4032,#4287,#11266,.F.);
#11266=LINE('',#11267,#11268);
#11267=CARTESIAN_POINT('',(1.751112126,0.873498738,-2.15));
#11268=VECTOR('',#11269,1.0);
#11269=DIRECTION('',(0.0,0.0,1.0));
#11270=CYLINDRICAL_SURFACE('',#11271,0.19);
#11271=AXIS2_PLACEMENT_3D('',#11272,#11273,#11274);
#11272=CARTESIAN_POINT('',(1.89,1.003152734,-2.169911098));
#11273=DIRECTION('',(0.0,0.0,-1.0));
#11274=DIRECTION('',(-1.0,0.0,0.0));
#11275=ADVANCED_FACE('',(#11276),#11287,.F.);
#11276=FACE_BOUND('',#11277,.T.);
#11277=EDGE_LOOP('',(#11278,#11279,#11285,#11286));
#11278=ORIENTED_EDGE('',*,*,#4031,.F.);
#11279=ORIENTED_EDGE('',*,*,#11280,.T.);
#11280=EDGE_CURVE('',#4024,#4289,#11281,.F.);
#11281=LINE('',#11282,#11283);
#11282=CARTESIAN_POINT('',(1.789059961,0.840626693,-2.15));
#11283=VECTOR('',#11284,1.0);
#11284=DIRECTION('',(0.0,0.0,1.0));
#11285=ORIENTED_EDGE('',*,*,#4286,.F.);
#11286=ORIENTED_EDGE('',*,*,#11265,.F.);
#11287=CYLINDRICAL_SURFACE('',#11288,0.2);
#11288=AXIS2_PLACEMENT_3D('',#11289,#11290,#11291);
#11289=CARTESIAN_POINT('',(1.9,1.007036752,-2.157055551));
#11290=DIRECTION('',(0.0,0.0,-1.0));
#11291=DIRECTION('',(-1.0,0.0,0.0));
#11292=ADVANCED_FACE('',(#11293),#11299,.T.);
#11293=FACE_BOUND('',#11294,.T.);
#11294=EDGE_LOOP('',(#11295,#11296,#11297,#11298));
#11295=ORIENTED_EDGE('',*,*,#4271,.F.);
#11296=ORIENTED_EDGE('',*,*,#4297,.F.);
#11297=ORIENTED_EDGE('',*,*,#11280,.F.);
#11298=ORIENTED_EDGE('',*,*,#4023,.F.);
#11299=PLANE('',#11300);
#11300=AXIS2_PLACEMENT_3D('',#11301,#11302,#11303);
#11301=CARTESIAN_POINT('',(1.85,0.8,-2.1));
#11302=DIRECTION('',(0.554700196,0.832050294,0.0));
#11303=DIRECTION('',(0.0,0.0,-1.0));
#11304=ADVANCED_FACE('',(#11305),#11311,.F.);
#11305=FACE_BOUND('',#11306,.T.);
#11306=EDGE_LOOP('',(#11307,#11308,#11309,#11310));
#11307=ORIENTED_EDGE('',*,*,#4878,.F.);
#11308=ORIENTED_EDGE('',*,*,#4868,.F.);
#11309=ORIENTED_EDGE('',*,*,#5161,.F.);
#11310=ORIENTED_EDGE('',*,*,#4886,.F.);
#11311=PLANE('',#11312);
#11312=AXIS2_PLACEMENT_3D('',#11313,#11314,#11315);
#11313=CARTESIAN_POINT('',(2.3,1.25,-0.55));
#11314=DIRECTION('',(0.0,0.0,1.0));
#11315=DIRECTION('',(1.0,0.0,0.0));
#11316=ADVANCED_FACE('',(#11317),#11344,.F.);
#11317=FACE_BOUND('',#11318,.T.);
#11318=EDGE_LOOP('',(#11319,#11329,#11335,#11336,#11337,#11338));
#11319=ORIENTED_EDGE('',*,*,#11320,.T.);
#11320=EDGE_CURVE('',#11321,#11323,#11325,.T.);
#11321=VERTEX_POINT('',#11322);
#11322=CARTESIAN_POINT('',(3.8475,1.1,-2.05));
#11323=VERTEX_POINT('',#11324);
#11324=CARTESIAN_POINT('',(3.85,1.1,-2.05));
#11325=LINE('',#11326,#11327);
#11326=CARTESIAN_POINT('',(3.8475,1.1,-2.05));
#11327=VECTOR('',#11328,1.0);
#11328=DIRECTION('',(1.0,0.0,0.0));
#11329=ORIENTED_EDGE('',*,*,#11330,.T.);
#11330=EDGE_CURVE('',#11323,#5472,#11331,.T.);
#11331=LINE('',#11332,#11333);
#11332=CARTESIAN_POINT('',(3.85,1.1,-2.05));
#11333=VECTOR('',#11334,1.0);
#11334=DIRECTION('',(0.0,-1.0,0.0));
#11335=ORIENTED_EDGE('',*,*,#5471,.F.);
#11336=ORIENTED_EDGE('',*,*,#10465,.F.);
#11337=ORIENTED_EDGE('',*,*,#5208,.F.);
#11338=ORIENTED_EDGE('',*,*,#11339,.T.);
#11339=EDGE_CURVE('',#5201,#11321,#11340,.F.);
#11340=LINE('',#11341,#11342);
#11341=CARTESIAN_POINT('',(3.8475,1.1,-2.05));
#11342=VECTOR('',#11343,1.0);
#11343=DIRECTION('',(0.0,-1.0,0.0));
#11344=PLANE('',#11345);
#11345=AXIS2_PLACEMENT_3D('',#11346,#11347,#11348);
#11346=CARTESIAN_POINT('',(3.5,1.0,-2.05));
#11347=DIRECTION('',(0.0,0.0,1.0));
#11348=DIRECTION('',(1.0,0.0,0.0));
#11349=ADVANCED_FACE('',(#11350),#11395,.T.);
#11350=FACE_BOUND('',#11351,.T.);
#11351=EDGE_LOOP('',(#11352,#11353,#11354,#11363,#11371,#11379,#11387,#11394));
#11352=ORIENTED_EDGE('',*,*,#5200,.F.);
#11353=ORIENTED_EDGE('',*,*,#5271,.F.);
#11354=ORIENTED_EDGE('',*,*,#11355,.T.);
#11355=EDGE_CURVE('',#5264,#11356,#11358,.T.);
#11356=VERTEX_POINT('',#11357);
#11357=CARTESIAN_POINT('',(3.8475,1.3,-1.95));
#11358=CIRCLE('',#11359,0.2);
#11359=AXIS2_PLACEMENT_3D('',#11360,#11361,#11362);
#11360=CARTESIAN_POINT('',(3.8475,1.1,-1.95));
#11361=DIRECTION('',(1.0,0.0,0.0));
#11362=DIRECTION('',(0.0,0.0,-1.0));
#11363=ORIENTED_EDGE('',*,*,#11364,.T.);
#11364=EDGE_CURVE('',#11356,#11365,#11367,.T.);
#11365=VERTEX_POINT('',#11366);
#11366=CARTESIAN_POINT('',(3.8475,1.3,-0.45));
#11367=LINE('',#11368,#11369);
#11368=CARTESIAN_POINT('',(3.8475,1.3,-1.95));
#11369=VECTOR('',#11370,1.0);
#11370=DIRECTION('',(0.0,0.0,1.0));
#11371=ORIENTED_EDGE('',*,*,#11372,.T.);
#11372=EDGE_CURVE('',#11365,#11373,#11375,.F.);
#11373=VERTEX_POINT('',#11374);
#11374=CARTESIAN_POINT('',(3.8475,1.2,-0.45));
#11375=LINE('',#11376,#11377);
#11376=CARTESIAN_POINT('',(3.8475,1.2,-0.45));
#11377=VECTOR('',#11378,1.0);
#11378=DIRECTION('',(0.0,1.0,0.0));
#11379=ORIENTED_EDGE('',*,*,#11380,.T.);
#11380=EDGE_CURVE('',#11373,#11381,#11383,.F.);
#11381=VERTEX_POINT('',#11382);
#11382=CARTESIAN_POINT('',(3.8475,1.2,-1.95));
#11383=LINE('',#11384,#11385);
#11384=CARTESIAN_POINT('',(3.8475,1.2,-1.95));
#11385=VECTOR('',#11386,1.0);
#11386=DIRECTION('',(0.0,0.0,1.0));
#11387=ORIENTED_EDGE('',*,*,#11388,.T.);
#11388=EDGE_CURVE('',#11381,#11321,#11389,.F.);
#11389=CIRCLE('',#11390,0.1);
#11390=AXIS2_PLACEMENT_3D('',#11391,#11392,#11393);
#11391=CARTESIAN_POINT('',(3.8475,1.1,-1.95));
#11392=DIRECTION('',(1.0,0.0,0.0));
#11393=DIRECTION('',(0.0,0.0,-1.0));
#11394=ORIENTED_EDGE('',*,*,#11339,.F.);
#11395=PLANE('',#11396);
#11396=AXIS2_PLACEMENT_3D('',#11397,#11398,#11399);
#11397=CARTESIAN_POINT('',(3.8475,1.147803999,-1.3));
#11398=DIRECTION('',(1.0,0.0,0.0));
#11399=DIRECTION('',(0.0,1.0,0.0));
#11400=ADVANCED_FACE('',(#11401),#11446,.F.);
#11401=FACE_BOUND('',#11402,.T.);
#11402=EDGE_LOOP('',(#11403,#11413,#11420,#11421,#11422,#11423,#11432,#11440));
#11403=ORIENTED_EDGE('',*,*,#11404,.T.);
#11404=EDGE_CURVE('',#11405,#11407,#11409,.F.);
#11405=VERTEX_POINT('',#11406);
#11406=CARTESIAN_POINT('',(3.85,1.3,-0.45));
#11407=VERTEX_POINT('',#11408);
#11408=CARTESIAN_POINT('',(3.85,1.3,-1.95));
#11409=LINE('',#11410,#11411);
#11410=CARTESIAN_POINT('',(3.85,1.3,-1.95));
#11411=VECTOR('',#11412,1.0);
#11412=DIRECTION('',(0.0,0.0,1.0));
#11413=ORIENTED_EDGE('',*,*,#11414,.T.);
#11414=EDGE_CURVE('',#11407,#5256,#11415,.F.);
#11415=CIRCLE('',#11416,0.2);
#11416=AXIS2_PLACEMENT_3D('',#11417,#11418,#11419);
#11417=CARTESIAN_POINT('',(3.85,1.1,-1.95));
#11418=DIRECTION('',(1.0,0.0,0.0));
#11419=DIRECTION('',(0.0,0.0,-1.0));
#11420=ORIENTED_EDGE('',*,*,#5255,.F.);
#11421=ORIENTED_EDGE('',*,*,#5479,.F.);
#11422=ORIENTED_EDGE('',*,*,#11330,.F.);
#11423=ORIENTED_EDGE('',*,*,#11424,.T.);
#11424=EDGE_CURVE('',#11323,#11425,#11427,.F.);
#11425=VERTEX_POINT('',#11426);
#11426=CARTESIAN_POINT('',(3.85,1.2,-1.95));
#11427=CIRCLE('',#11428,0.1);
#11428=AXIS2_PLACEMENT_3D('',#11429,#11430,#11431);
#11429=CARTESIAN_POINT('',(3.85,1.1,-1.95));
#11430=DIRECTION('',(-1.0,0.0,0.0));
#11431=DIRECTION('',(0.0,1.0,0.0));
#11432=ORIENTED_EDGE('',*,*,#11433,.T.);
#11433=EDGE_CURVE('',#11425,#11434,#11436,.F.);
#11434=VERTEX_POINT('',#11435);
#11435=CARTESIAN_POINT('',(3.85,1.2,-0.45));
#11436=LINE('',#11437,#11438);
#11437=CARTESIAN_POINT('',(3.85,1.2,-0.45));
#11438=VECTOR('',#11439,1.0);
#11439=DIRECTION('',(0.0,0.0,-1.0));
#11440=ORIENTED_EDGE('',*,*,#11441,.T.);
#11441=EDGE_CURVE('',#11434,#11405,#11442,.T.);
#11442=LINE('',#11443,#11444);
#11443=CARTESIAN_POINT('',(3.85,1.2,-0.45));
#11444=VECTOR('',#11445,1.0);
#11445=DIRECTION('',(0.0,1.0,0.0));
#11446=PLANE('',#11447);
#11447=AXIS2_PLACEMENT_3D('',#11448,#11449,#11450);
#11448=CARTESIAN_POINT('',(3.85,1.147803999,-1.3));
#11449=DIRECTION('',(1.0,0.0,0.0));
#11450=DIRECTION('',(0.0,1.0,0.0));
#11451=ADVANCED_FACE('',(#11452),#11503,.T.);
#11452=FACE_BOUND('',#11453,.T.);
#11453=EDGE_LOOP('',(#11454,#11460,#11461,#11462,#11463,#11464,#11470,#11478,#11487,#11495,#11502));
#11454=ORIENTED_EDGE('',*,*,#11455,.T.);
#11455=EDGE_CURVE('',#1466,#363,#11456,.T.);
#11456=LINE('',#11457,#11458);
#11457=CARTESIAN_POINT('',(4.0,2.0,-0.05));
#11458=VECTOR('',#11459,1.0);
#11459=DIRECTION('',(0.0,0.0,1.0));
#11460=ORIENTED_EDGE('',*,*,#362,.F.);
#11461=ORIENTED_EDGE('',*,*,#669,.F.);
#11462=ORIENTED_EDGE('',*,*,#10472,.F.);
#11463=ORIENTED_EDGE('',*,*,#5382,.F.);
#11464=ORIENTED_EDGE('',*,*,#11465,.T.);
#11465=EDGE_CURVE('',#5375,#707,#11466,.T.);
#11466=LINE('',#11467,#11468);
#11467=CARTESIAN_POINT('',(4.0,2.0,-2.05));
#11468=VECTOR('',#11469,1.0);
#11469=DIRECTION('',(0.0,0.0,1.0));
#11470=ORIENTED_EDGE('',*,*,#11471,.T.);
#11471=EDGE_CURVE('',#707,#11472,#11474,.T.);
#11472=VERTEX_POINT('',#11473);
#11473=CARTESIAN_POINT('',(4.0,1.25,-1.8));
#11474=LINE('',#11475,#11476);
#11475=CARTESIAN_POINT('',(4.0,2.0,-1.8));
#11476=VECTOR('',#11477,1.0);
#11477=DIRECTION('',(0.0,-1.0,0.0));
#11478=ORIENTED_EDGE('',*,*,#11479,.T.);
#11479=EDGE_CURVE('',#11472,#11480,#11482,.T.);
#11480=VERTEX_POINT('',#11481);
#11481=CARTESIAN_POINT('',(4.0,1.05,-1.6));
#11482=CIRCLE('',#11483,0.2);
#11483=AXIS2_PLACEMENT_3D('',#11484,#11485,#11486);
#11484=CARTESIAN_POINT('',(4.0,1.25,-1.6));
#11485=DIRECTION('',(-1.0,0.0,0.0));
#11486=DIRECTION('',(0.0,0.0,-1.0));
#11487=ORIENTED_EDGE('',*,*,#11488,.T.);
#11488=EDGE_CURVE('',#11480,#11489,#11491,.F.);
#11489=VERTEX_POINT('',#11490);
#11490=CARTESIAN_POINT('',(4.0,1.05,-0.25));
#11491=LINE('',#11492,#11493);
#11492=CARTESIAN_POINT('',(4.0,1.05,-0.25));
#11493=VECTOR('',#11494,1.0);
#11494=DIRECTION('',(0.0,0.0,-1.0));
#11495=ORIENTED_EDGE('',*,*,#11496,.T.);
#11496=EDGE_CURVE('',#11489,#1475,#11497,.T.);
#11497=CIRCLE('',#11498,0.2);
#11498=AXIS2_PLACEMENT_3D('',#11499,#11500,#11501);
#11499=CARTESIAN_POINT('',(4.0,1.25,-0.25));
#11500=DIRECTION('',(-1.0,0.0,0.0));
#11501=DIRECTION('',(0.0,-1.0,0.0));
#11502=ORIENTED_EDGE('',*,*,#1474,.F.);
#11503=PLANE('',#11504);
#11504=AXIS2_PLACEMENT_3D('',#11505,#11506,#11507);
#11505=CARTESIAN_POINT('',(4.0,1.45,-1.025));
#11506=DIRECTION('',(1.0,0.0,0.0));
#11507=DIRECTION('',(0.0,1.0,0.0));
#11508=ADVANCED_FACE('',(#11509),#11557,.T.);
#11509=FACE_BOUND('',#11510,.T.);
#11510=EDGE_LOOP('',(#11511,#11512,#11513,#11514,#11520,#11521,#11522,#11523,#11524,#11525,#11526,#11532,#11533,#11539,#11545,#11551));
#11511=ORIENTED_EDGE('',*,*,#873,.F.);
#11512=ORIENTED_EDGE('',*,*,#370,.F.);
#11513=ORIENTED_EDGE('',*,*,#11455,.F.);
#11514=ORIENTED_EDGE('',*,*,#11515,.T.);
#11515=EDGE_CURVE('',#1466,#843,#11516,.T.);
#11516=LINE('',#11517,#11518);
#11517=CARTESIAN_POINT('',(4.0,2.0,-0.05));
#11518=VECTOR('',#11519,1.0);
#11519=DIRECTION('',(0.0,0.0,-1.0));
#11520=ORIENTED_EDGE('',*,*,#842,.F.);
#11521=ORIENTED_EDGE('',*,*,#812,.F.);
#11522=ORIENTED_EDGE('',*,*,#758,.F.);
#11523=ORIENTED_EDGE('',*,*,#719,.F.);
#11524=ORIENTED_EDGE('',*,*,#11465,.F.);
#11525=ORIENTED_EDGE('',*,*,#5374,.F.);
#11526=ORIENTED_EDGE('',*,*,#11527,.T.);
#11527=EDGE_CURVE('',#5367,#705,#11528,.F.);
#11528=LINE('',#11529,#11530);
#11529=CARTESIAN_POINT('',(3.9,2.1,-1.838196601));
#11530=VECTOR('',#11531,1.0);
#11531=DIRECTION('',(0.0,0.0,-1.0));
#11532=ORIENTED_EDGE('',*,*,#736,.F.);
#11533=ORIENTED_EDGE('',*,*,#11534,.T.);
#11534=EDGE_CURVE('',#728,#9923,#11535,.T.);
#11535=LINE('',#11536,#11537);
#11536=CARTESIAN_POINT('',(3.9,2.1,-1.45));
#11537=VECTOR('',#11538,1.0);
#11538=DIRECTION('',(0.0,0.0,1.0));
#11539=ORIENTED_EDGE('',*,*,#11540,.T.);
#11540=EDGE_CURVE('',#9923,#9421,#11541,.F.);
#11541=LINE('',#11542,#11543);
#11542=CARTESIAN_POINT('',(3.9,2.1,-0.6));
#11543=VECTOR('',#11544,1.0);
#11544=DIRECTION('',(0.0,0.0,-1.0));
#11545=ORIENTED_EDGE('',*,*,#11546,.T.);
#11546=EDGE_CURVE('',#9421,#9372,#11547,.T.);
#11547=LINE('',#11548,#11549);
#11548=CARTESIAN_POINT('',(3.9,2.1,-0.6));
#11549=VECTOR('',#11550,1.0);
#11550=DIRECTION('',(0.0,0.0,1.0));
#11551=ORIENTED_EDGE('',*,*,#11552,.T.);
#11552=EDGE_CURVE('',#9372,#874,#11553,.F.);
#11553=LINE('',#11554,#11555);
#11554=CARTESIAN_POINT('',(3.9,2.1,-0.05));
#11555=VECTOR('',#11556,1.0);
#11556=DIRECTION('',(0.0,0.0,-1.0));
#11557=PLANE('',#11558);
#11558=AXIS2_PLACEMENT_3D('',#11559,#11560,#11561);
#11559=CARTESIAN_POINT('',(3.95,2.05,-1.025));
#11560=DIRECTION('',(0.707106781,0.707106781,0.0));
#11561=DIRECTION('',(0.0,0.0,-1.0));
#11562=ADVANCED_FACE('',(#11563),#11575,.T.);
#11563=FACE_BOUND('',#11564,.T.);
#11564=EDGE_LOOP('',(#11565,#11566,#11567,#11573,#11574));
#11565=ORIENTED_EDGE('',*,*,#11527,.F.);
#11566=ORIENTED_EDGE('',*,*,#5366,.F.);
#11567=ORIENTED_EDGE('',*,*,#11568,.T.);
#11568=EDGE_CURVE('',#5359,#932,#11569,.T.);
#11569=LINE('',#11570,#11571);
#11570=CARTESIAN_POINT('',(4.5,2.1,-2.05));
#11571=VECTOR('',#11572,1.0);
#11572=DIRECTION('',(0.0,0.0,-1.0));
#11573=ORIENTED_EDGE('',*,*,#8531,.F.);
#11574=ORIENTED_EDGE('',*,*,#1394,.F.);
#11575=PLANE('',#11576);
#11576=AXIS2_PLACEMENT_3D('',#11577,#11578,#11579);
#11577=CARTESIAN_POINT('',(3.85,2.1,-1.375));
#11578=DIRECTION('',(0.0,1.0,0.0));
#11579=DIRECTION('',(1.0,0.0,0.0));
#11580=ADVANCED_FACE('',(#11581),#11595,.T.);
#11581=FACE_BOUND('',#11582,.T.);
#11582=EDGE_LOOP('',(#11583,#11584,#11585,#11591,#11592,#11593,#11594));
#11583=ORIENTED_EDGE('',*,*,#11568,.F.);
#11584=ORIENTED_EDGE('',*,*,#5358,.F.);
#11585=ORIENTED_EDGE('',*,*,#11586,.T.);
#11586=EDGE_CURVE('',#5351,#955,#11587,.F.);
#11587=LINE('',#11588,#11589);
#11588=CARTESIAN_POINT('',(4.6,1.9,-2.1));
#11589=VECTOR('',#11590,1.0);
#11590=DIRECTION('',(0.0,0.0,1.0));
#11591=ORIENTED_EDGE('',*,*,#971,.F.);
#11592=ORIENTED_EDGE('',*,*,#7829,.F.);
#11593=ORIENTED_EDGE('',*,*,#6284,.F.);
#11594=ORIENTED_EDGE('',*,*,#940,.F.);
#11595=PLANE('',#11596);
#11596=AXIS2_PLACEMENT_3D('',#11597,#11598,#11599);
#11597=CARTESIAN_POINT('',(4.55,2.0,-2.441666667));
#11598=DIRECTION('',(0.894427191,0.447213596,0.0));
#11599=DIRECTION('',(0.0,0.0,-1.0));
#11600=ADVANCED_FACE('',(#11601),#11607,.T.);
#11601=FACE_BOUND('',#11602,.T.);
#11602=EDGE_LOOP('',(#11603,#11604,#11605,#11606));
#11603=ORIENTED_EDGE('',*,*,#11586,.F.);
#11604=ORIENTED_EDGE('',*,*,#5350,.F.);
#11605=ORIENTED_EDGE('',*,*,#5420,.F.);
#11606=ORIENTED_EDGE('',*,*,#8502,.F.);
#11607=PLANE('',#11608);
#11608=AXIS2_PLACEMENT_3D('',#11609,#11610,#11611);
#11609=CARTESIAN_POINT('',(4.6,0.95,-2.525));
#11610=DIRECTION('',(1.0,0.0,0.0));
#11611=DIRECTION('',(0.0,1.0,0.0));
#11612=ADVANCED_FACE('',(#11613),#11623,.F.);
#11613=FACE_BOUND('',#11614,.T.);
#11614=EDGE_LOOP('',(#11615,#11621,#11622));
#11615=ORIENTED_EDGE('',*,*,#11616,.T.);
#11616=EDGE_CURVE('',#5448,#8509,#11617,.T.);
#11617=LINE('',#11618,#11619);
#11618=CARTESIAN_POINT('',(4.6,0.05,-2.117712434));
#11619=VECTOR('',#11620,1.0);
#11620=DIRECTION('',(0.0,0.0,1.0));
#11621=ORIENTED_EDGE('',*,*,#8508,.F.);
#11622=ORIENTED_EDGE('',*,*,#5456,.F.);
#11623=PLANE('',#11624);
#11624=AXIS2_PLACEMENT_3D('',#11625,#11626,#11627);
#11625=CARTESIAN_POINT('',(4.6,1.025,-2.45));
#11626=DIRECTION('',(1.0,0.0,0.0));
#11627=DIRECTION('',(0.0,1.0,0.0));
#11628=ADVANCED_FACE('',(#11629),#11641,.F.);
#11629=FACE_BOUND('',#11630,.T.);
#11630=EDGE_LOOP('',(#11631,#11637,#11638,#11639,#11640));
#11631=ORIENTED_EDGE('',*,*,#11632,.T.);
#11632=EDGE_CURVE('',#5519,#996,#11633,.T.);
#11633=LINE('',#11634,#11635);
#11634=CARTESIAN_POINT('',(4.6,0.05,-2.45));
#11635=VECTOR('',#11636,1.0);
#11636=DIRECTION('',(1.0,0.0,0.0));
#11637=ORIENTED_EDGE('',*,*,#995,.F.);
#11638=ORIENTED_EDGE('',*,*,#8516,.F.);
#11639=ORIENTED_EDGE('',*,*,#11616,.F.);
#11640=ORIENTED_EDGE('',*,*,#5527,.F.);
#11641=PLANE('',#11642);
#11642=AXIS2_PLACEMENT_3D('',#11643,#11644,#11645);
#11643=CARTESIAN_POINT('',(4.65,0.05,-2.275));
#11644=DIRECTION('',(0.0,1.0,0.0));
#11645=DIRECTION('',(1.0,0.0,0.0));
#11646=ADVANCED_FACE('',(#11647),#11660,.T.);
#11647=FACE_BOUND('',#11648,.T.);
#11648=EDGE_LOOP('',(#11649,#11656,#11657,#11658,#11659));
#11649=ORIENTED_EDGE('',*,*,#11650,.T.);
#11650=EDGE_CURVE('',#5511,#1061,#11651,.T.);
#11651=CIRCLE('',#11652,0.15);
#11652=AXIS2_PLACEMENT_3D('',#11653,#11654,#11655);
#11653=CARTESIAN_POINT('',(4.6,0.2,-2.45));
#11654=DIRECTION('',(1.0,0.0,0.0));
#11655=DIRECTION('',(0.0,-0.942809042,-0.333333333));
#11656=ORIENTED_EDGE('',*,*,#1060,.F.);
#11657=ORIENTED_EDGE('',*,*,#1003,.F.);
#11658=ORIENTED_EDGE('',*,*,#11632,.F.);
#11659=ORIENTED_EDGE('',*,*,#5518,.F.);
#11660=CYLINDRICAL_SURFACE('',#11661,0.15);
#11661=AXIS2_PLACEMENT_3D('',#11662,#11663,#11664);
#11662=CARTESIAN_POINT('',(4.707368686,0.2,-2.45));
#11663=DIRECTION('',(1.0,0.0,0.0));
#11664=DIRECTION('',(0.0,0.0,-1.0));
#11665=ADVANCED_FACE('',(#11666),#11678,.F.);
#11666=FACE_BOUND('',#11667,.T.);
#11667=EDGE_LOOP('',(#11668,#11669,#11670,#11671,#11672));
#11668=ORIENTED_EDGE('',*,*,#1101,.F.);
#11669=ORIENTED_EDGE('',*,*,#1068,.F.);
#11670=ORIENTED_EDGE('',*,*,#11650,.F.);
#11671=ORIENTED_EDGE('',*,*,#5566,.F.);
#11672=ORIENTED_EDGE('',*,*,#11673,.T.);
#11673=EDGE_CURVE('',#5559,#1102,#11674,.T.);
#11674=LINE('',#11675,#11676);
#11675=CARTESIAN_POINT('',(4.6,1.3,-2.5));
#11676=VECTOR('',#11677,1.0);
#11677=DIRECTION('',(0.0,0.0,-1.0));
#11678=PLANE('',#11679);
#11679=AXIS2_PLACEMENT_3D('',#11680,#11681,#11682);
#11680=CARTESIAN_POINT('',(4.6,1.025,-2.45));
#11681=DIRECTION('',(1.0,0.0,0.0));
#11682=DIRECTION('',(0.0,1.0,0.0));
#11683=ADVANCED_FACE('',(#11684),#11691,.T.);
#11684=FACE_BOUND('',#11685,.T.);
#11685=EDGE_LOOP('',(#11686,#11687,#11688,#11689,#11690));
#11686=ORIENTED_EDGE('',*,*,#5558,.F.);
#11687=ORIENTED_EDGE('',*,*,#5690,.F.);
#11688=ORIENTED_EDGE('',*,*,#7356,.F.);
#11689=ORIENTED_EDGE('',*,*,#7821,.F.);
#11690=ORIENTED_EDGE('',*,*,#11673,.F.);
#11691=PLANE('',#11692);
#11692=AXIS2_PLACEMENT_3D('',#11693,#11694,#11695);
#11693=CARTESIAN_POINT('',(4.55,1.25,-2.75));
#11694=DIRECTION('',(0.707106781,-0.707106781,0.0));
#11695=DIRECTION('',(0.0,0.0,-1.0));
#11696=ADVANCED_FACE('',(#11697),#11724,.T.);
#11697=FACE_BOUND('',#11698,.T.);
#11698=EDGE_LOOP('',(#11699,#11709,#11716,#11717));
#11699=ORIENTED_EDGE('',*,*,#11700,.T.);
#11700=EDGE_CURVE('',#11701,#11703,#11705,.F.);
#11701=VERTEX_POINT('',#11702);
#11702=CARTESIAN_POINT('',(3.15,1.65,-0.1));
#11703=VERTEX_POINT('',#11704);
#11704=CARTESIAN_POINT('',(3.15,1.65,-6.678920175E-12));
#11705=LINE('',#11706,#11707);
#11706=CARTESIAN_POINT('',(3.15,1.65,-1.001376272E-11));
#11707=VECTOR('',#11708,1.0);
#11708=DIRECTION('',(0.0,0.0,-1.0));
#11709=ORIENTED_EDGE('',*,*,#11710,.T.);
#11710=EDGE_CURVE('',#11703,#9705,#11711,.T.);
#11711=CIRCLE('',#11712,0.15);
#11712=AXIS2_PLACEMENT_3D('',#11713,#11714,#11715);
#11713=CARTESIAN_POINT('',(3.0,1.65,-1.00137685E-11));
#11714=DIRECTION('',(0.0,0.0,-1.0));
#11715=DIRECTION('',(1.0,0.0,0.0));
#11716=ORIENTED_EDGE('',*,*,#9704,.F.);
#11717=ORIENTED_EDGE('',*,*,#11718,.T.);
#11718=EDGE_CURVE('',#9697,#11701,#11719,.T.);
#11719=CIRCLE('',#11720,0.15);
#11720=AXIS2_PLACEMENT_3D('',#11721,#11722,#11723);
#11721=CARTESIAN_POINT('',(3.0,1.65,-0.1));
#11722=DIRECTION('',(0.0,0.0,1.0));
#11723=DIRECTION('',(0.0,-1.0,0.0));
#11724=CYLINDRICAL_SURFACE('',#11725,0.15);
#11725=AXIS2_PLACEMENT_3D('',#11726,#11727,#11728);
#11726=CARTESIAN_POINT('',(3.0,1.65,0.007368686));
#11727=DIRECTION('',(0.0,0.0,1.0));
#11728=DIRECTION('',(1.0,0.0,0.0));
#11729=ADVANCED_FACE('',(#11730),#11765,.F.);
#11730=FACE_BOUND('',#11731,.T.);
#11731=EDGE_LOOP('',(#11732,#11740,#11741,#11742,#11751,#11759));
#11732=ORIENTED_EDGE('',*,*,#11733,.T.);
#11733=EDGE_CURVE('',#11734,#11701,#11736,.F.);
#11734=VERTEX_POINT('',#11735);
#11735=CARTESIAN_POINT('',(3.15,2.0,-0.1));
#11736=LINE('',#11737,#11738);
#11737=CARTESIAN_POINT('',(3.15,1.65,-0.1));
#11738=VECTOR('',#11739,1.0);
#11739=DIRECTION('',(0.0,1.0,0.0));
#11740=ORIENTED_EDGE('',*,*,#11718,.F.);
#11741=ORIENTED_EDGE('',*,*,#9696,.F.);
#11742=ORIENTED_EDGE('',*,*,#11743,.T.);
#11743=EDGE_CURVE('',#9689,#11744,#11746,.F.);
#11744=VERTEX_POINT('',#11745);
#11745=CARTESIAN_POINT('',(1.45,1.65,-0.1));
#11746=CIRCLE('',#11747,0.15);
#11747=AXIS2_PLACEMENT_3D('',#11748,#11749,#11750);
#11748=CARTESIAN_POINT('',(1.6,1.65,-0.1));
#11749=DIRECTION('',(0.0,0.0,1.0));
#11750=DIRECTION('',(-1.0,0.0,0.0));
#11751=ORIENTED_EDGE('',*,*,#11752,.T.);
#11752=EDGE_CURVE('',#11744,#11753,#11755,.F.);
#11753=VERTEX_POINT('',#11754);
#11754=CARTESIAN_POINT('',(1.45,2.0,-0.1));
#11755=LINE('',#11756,#11757);
#11756=CARTESIAN_POINT('',(1.45,2.0,-0.1));
#11757=VECTOR('',#11758,1.0);
#11758=DIRECTION('',(0.0,-1.0,0.0));
#11759=ORIENTED_EDGE('',*,*,#11760,.T.);
#11760=EDGE_CURVE('',#11753,#11734,#11761,.F.);
#11761=LINE('',#11762,#11763);
#11762=CARTESIAN_POINT('',(3.15,2.0,-0.1));
#11763=VECTOR('',#11764,1.0);
#11764=DIRECTION('',(-1.0,0.0,0.0));
#11765=PLANE('',#11766);
#11766=AXIS2_PLACEMENT_3D('',#11767,#11768,#11769);
#11767=CARTESIAN_POINT('',(2.3,1.75,-0.1));
#11768=DIRECTION('',(0.0,0.0,1.0));
#11769=DIRECTION('',(1.0,0.0,0.0));
#11770=ADVANCED_FACE('',(#11771),#11777,.T.);
#11771=FACE_BOUND('',#11772,.T.);
#11772=EDGE_LOOP('',(#11773,#11774,#11775,#11776));
#11773=ORIENTED_EDGE('',*,*,#8204,.F.);
#11774=ORIENTED_EDGE('',*,*,#1029,.F.);
#11775=ORIENTED_EDGE('',*,*,#1091,.F.);
#11776=ORIENTED_EDGE('',*,*,#7811,.F.);
#11777=CYLINDRICAL_SURFACE('',#11778,0.15);
#11778=AXIS2_PLACEMENT_3D('',#11779,#11780,#11781);
#11779=CARTESIAN_POINT('',(4.707368686,1.45,-2.65));
#11780=DIRECTION('',(1.0,0.0,0.0));
#11781=DIRECTION('',(0.0,0.0,-1.0));
#11782=ADVANCED_FACE('',(#11783),#11795,.T.);
#11783=FACE_BOUND('',#11784,.T.);
#11784=EDGE_LOOP('',(#11785,#11786,#11793,#11794));
#11785=ORIENTED_EDGE('',*,*,#9726,.F.);
#11786=ORIENTED_EDGE('',*,*,#11787,.T.);
#11787=EDGE_CURVE('',#9727,#8002,#11788,.F.);
#11788=B_SPLINE_CURVE_WITH_KNOTS('',3,(#11789,#11790,#11791,#11792),.UNSPECIFIED.,.F.,.U.,(4,4),(1.509016125,1.528308492),.PIECEWISE_BEZIER_KNOTS.);
#11789=CARTESIAN_POINT('',(2.7854379,1.495000003,-1.5));
#11790=CARTESIAN_POINT('',(2.734972282,1.498121752,-1.5));
#11791=CARTESIAN_POINT('',(2.684476549,1.500756685,-1.5));
#11792=CARTESIAN_POINT('',(2.6339601,1.502904312,-1.5));
#11793=ORIENTED_EDGE('',*,*,#8001,.F.);
#11794=ORIENTED_EDGE('',*,*,#11787,.F.);
#11795=SPHERICAL_SURFACE('',#11796,7.8625);
#11796=AXIS2_PLACEMENT_3D('',#11797,#11798,#11799);
#11797=CARTESIAN_POINT('',(2.3,-6.3525,-1.5));
#11798=DIRECTION('',(0.0,1.0,0.0));
#11799=DIRECTION('',(1.0,0.0,0.0));
#11800=ADVANCED_FACE('',(#11801),#11819,.T.);
#11801=FACE_BOUND('',#11802,.T.);
#11802=EDGE_LOOP('',(#11803,#11804,#11805,#11813));
#11803=ORIENTED_EDGE('',*,*,#8154,.F.);
#11804=ORIENTED_EDGE('',*,*,#7969,.F.);
#11805=ORIENTED_EDGE('',*,*,#11806,.T.);
#11806=EDGE_CURVE('',#7961,#11807,#11809,.T.);
#11807=VERTEX_POINT('',#11808);
#11808=CARTESIAN_POINT('',(3.65,1.45,-0.932842712));
#11809=LINE('',#11810,#11811);
#11810=CARTESIAN_POINT('',(3.65,1.495,-0.932842712));
#11811=VECTOR('',#11812,1.0);
#11812=DIRECTION('',(0.0,-1.0,0.0));
#11813=ORIENTED_EDGE('',*,*,#11814,.T.);
#11814=EDGE_CURVE('',#11807,#8155,#11815,.T.);
#11815=LINE('',#11816,#11817);
#11816=CARTESIAN_POINT('',(3.65,1.45,-0.932842712));
#11817=VECTOR('',#11818,1.0);
#11818=DIRECTION('',(0.0,0.0,-1.0));
#11819=PLANE('',#11820);
#11820=AXIS2_PLACEMENT_3D('',#11821,#11822,#11823);
#11821=CARTESIAN_POINT('',(3.65,1.4725,-0.991421356));
#11822=DIRECTION('',(1.0,0.0,0.0));
#11823=DIRECTION('',(0.0,1.0,0.0));
#11824=ADVANCED_FACE('',(#11825),#11844,.T.);
#11825=FACE_BOUND('',#11826,.T.);
#11826=EDGE_LOOP('',(#11827,#11828,#11829,#11837));
#11827=ORIENTED_EDGE('',*,*,#11806,.F.);
#11828=ORIENTED_EDGE('',*,*,#7960,.F.);
#11829=ORIENTED_EDGE('',*,*,#11830,.T.);
#11830=EDGE_CURVE('',#7953,#11831,#11833,.T.);
#11831=VERTEX_POINT('',#11832);
#11832=CARTESIAN_POINT('',(3.591421356,1.45,-0.791421356));
#11833=LINE('',#11834,#11835);
#11834=CARTESIAN_POINT('',(3.591421356,1.495,-0.791421356));
#11835=VECTOR('',#11836,1.0);
#11836=DIRECTION('',(0.0,-1.0,0.0));
#11837=ORIENTED_EDGE('',*,*,#11838,.T.);
#11838=EDGE_CURVE('',#11831,#11807,#11839,.F.);
#11839=CIRCLE('',#11840,0.2);
#11840=AXIS2_PLACEMENT_3D('',#11841,#11842,#11843);
#11841=CARTESIAN_POINT('',(3.45,1.45,-0.932842712));
#11842=DIRECTION('',(0.0,-1.0,0.0));
#11843=DIRECTION('',(1.0,0.0,0.0));
#11844=CYLINDRICAL_SURFACE('',#11845,0.2);
#11845=AXIS2_PLACEMENT_3D('',#11846,#11847,#11848);
#11846=CARTESIAN_POINT('',(3.45,1.50032109,-0.932842712));
#11847=DIRECTION('',(0.0,1.0,0.0));
#11848=DIRECTION('',(1.0,0.0,0.0));
#11849=ADVANCED_FACE('',(#11850),#11868,.T.);
#11850=FACE_BOUND('',#11851,.T.);
#11851=EDGE_LOOP('',(#11852,#11853,#11854,#11862));
#11852=ORIENTED_EDGE('',*,*,#11830,.F.);
#11853=ORIENTED_EDGE('',*,*,#7952,.F.);
#11854=ORIENTED_EDGE('',*,*,#11855,.T.);
#11855=EDGE_CURVE('',#7944,#11856,#11858,.T.);
#11856=VERTEX_POINT('',#11857);
#11857=CARTESIAN_POINT('',(2.908578644,1.45,-0.108578644));
#11858=LINE('',#11859,#11860);
#11859=CARTESIAN_POINT('',(2.908578644,1.495,-0.108578644));
#11860=VECTOR('',#11861,1.0);
#11861=DIRECTION('',(0.0,-1.0,0.0));
#11862=ORIENTED_EDGE('',*,*,#11863,.T.);
#11863=EDGE_CURVE('',#11856,#11831,#11864,.T.);
#11864=LINE('',#11865,#11866);
#11865=CARTESIAN_POINT('',(2.908578644,1.45,-0.108578644));
#11866=VECTOR('',#11867,1.0);
#11867=DIRECTION('',(0.707106781,0.0,-0.707106781));
#11868=PLANE('',#11869);
#11869=AXIS2_PLACEMENT_3D('',#11870,#11871,#11872);
#11870=CARTESIAN_POINT('',(3.25,1.4725,-0.45));
#11871=DIRECTION('',(0.707106781,0.0,0.707106781));
#11872=DIRECTION('',(0.0,-1.0,0.0));
#11873=ADVANCED_FACE('',(#11874),#11893,.T.);
#11874=FACE_BOUND('',#11875,.T.);
#11875=EDGE_LOOP('',(#11876,#11877,#11878,#11886));
#11876=ORIENTED_EDGE('',*,*,#11855,.F.);
#11877=ORIENTED_EDGE('',*,*,#7943,.F.);
#11878=ORIENTED_EDGE('',*,*,#11879,.T.);
#11879=EDGE_CURVE('',#7936,#11880,#11882,.T.);
#11880=VERTEX_POINT('',#11881);
#11881=CARTESIAN_POINT('',(2.767157288,1.45,-0.05));
#11882=LINE('',#11883,#11884);
#11883=CARTESIAN_POINT('',(2.767157288,1.495,-0.05));
#11884=VECTOR('',#11885,1.0);
#11885=DIRECTION('',(0.0,-1.0,0.0));
#11886=ORIENTED_EDGE('',*,*,#11887,.T.);
#11887=EDGE_CURVE('',#11880,#11856,#11888,.F.);
#11888=CIRCLE('',#11889,0.2);
#11889=AXIS2_PLACEMENT_3D('',#11890,#11891,#11892);
#11890=CARTESIAN_POINT('',(2.767157288,1.45,-0.25));
#11891=DIRECTION('',(0.0,-1.0,0.0));
#11892=DIRECTION('',(0.707106781,0.0,0.707106781));
#11893=CYLINDRICAL_SURFACE('',#11894,0.2);
#11894=AXIS2_PLACEMENT_3D('',#11895,#11896,#11897);
#11895=CARTESIAN_POINT('',(2.767157288,1.50032109,-0.25));
#11896=DIRECTION('',(0.0,1.0,0.0));
#11897=DIRECTION('',(0.707106781,0.0,0.707106781));
#11898=ADVANCED_FACE('',(#11899),#11917,.T.);
#11899=FACE_BOUND('',#11900,.T.);
#11900=EDGE_LOOP('',(#11901,#11902,#11903,#11911));
#11901=ORIENTED_EDGE('',*,*,#11879,.F.);
#11902=ORIENTED_EDGE('',*,*,#7935,.F.);
#11903=ORIENTED_EDGE('',*,*,#11904,.T.);
#11904=EDGE_CURVE('',#7927,#11905,#11907,.T.);
#11905=VERTEX_POINT('',#11906);
#11906=CARTESIAN_POINT('',(1.832842712,1.45,-0.05));
#11907=LINE('',#11908,#11909);
#11908=CARTESIAN_POINT('',(1.832842712,1.495,-0.05));
#11909=VECTOR('',#11910,1.0);
#11910=DIRECTION('',(0.0,-1.0,0.0));
#11911=ORIENTED_EDGE('',*,*,#11912,.T.);
#11912=EDGE_CURVE('',#11905,#11880,#11913,.T.);
#11913=LINE('',#11914,#11915);
#11914=CARTESIAN_POINT('',(1.832842712,1.45,-0.05));
#11915=VECTOR('',#11916,1.0);
#11916=DIRECTION('',(1.0,0.0,0.0));
#11917=PLANE('',#11918);
#11918=AXIS2_PLACEMENT_3D('',#11919,#11920,#11921);
#11919=CARTESIAN_POINT('',(2.3,1.4725,-0.05));
#11920=DIRECTION('',(0.0,0.0,1.0));
#11921=DIRECTION('',(1.0,0.0,0.0));
#11922=ADVANCED_FACE('',(#11923),#11942,.T.);
#11923=FACE_BOUND('',#11924,.T.);
#11924=EDGE_LOOP('',(#11925,#11926,#11927,#11935));
#11925=ORIENTED_EDGE('',*,*,#11904,.F.);
#11926=ORIENTED_EDGE('',*,*,#7926,.F.);
#11927=ORIENTED_EDGE('',*,*,#11928,.T.);
#11928=EDGE_CURVE('',#7919,#11929,#11931,.T.);
#11929=VERTEX_POINT('',#11930);
#11930=CARTESIAN_POINT('',(1.691421356,1.45,-0.108578644));
#11931=LINE('',#11932,#11933);
#11932=CARTESIAN_POINT('',(1.691421356,1.495,-0.108578644));
#11933=VECTOR('',#11934,1.0);
#11934=DIRECTION('',(0.0,-1.0,0.0));
#11935=ORIENTED_EDGE('',*,*,#11936,.T.);
#11936=EDGE_CURVE('',#11929,#11905,#11937,.F.);
#11937=CIRCLE('',#11938,0.2);
#11938=AXIS2_PLACEMENT_3D('',#11939,#11940,#11941);
#11939=CARTESIAN_POINT('',(1.832842712,1.45,-0.25));
#11940=DIRECTION('',(0.0,-1.0,0.0));
#11941=DIRECTION('',(0.0,0.0,1.0));
#11942=CYLINDRICAL_SURFACE('',#11943,0.2);
#11943=AXIS2_PLACEMENT_3D('',#11944,#11945,#11946);
#11944=CARTESIAN_POINT('',(1.832842712,1.50032109,-0.25));
#11945=DIRECTION('',(0.0,1.0,0.0));
#11946=DIRECTION('',(0.0,0.0,1.0));
#11947=ADVANCED_FACE('',(#11948),#11966,.T.);
#11948=FACE_BOUND('',#11949,.T.);
#11949=EDGE_LOOP('',(#11950,#11951,#11952,#11960));
#11950=ORIENTED_EDGE('',*,*,#11928,.F.);
#11951=ORIENTED_EDGE('',*,*,#7918,.F.);
#11952=ORIENTED_EDGE('',*,*,#11953,.T.);
#11953=EDGE_CURVE('',#7910,#11954,#11956,.T.);
#11954=VERTEX_POINT('',#11955);
#11955=CARTESIAN_POINT('',(1.008578644,1.45,-0.791421356));
#11956=LINE('',#11957,#11958);
#11957=CARTESIAN_POINT('',(1.008578644,1.495,-0.791421356));
#11958=VECTOR('',#11959,1.0);
#11959=DIRECTION('',(0.0,-1.0,0.0));
#11960=ORIENTED_EDGE('',*,*,#11961,.T.);
#11961=EDGE_CURVE('',#11954,#11929,#11962,.T.);
#11962=LINE('',#11963,#11964);
#11963=CARTESIAN_POINT('',(1.008578644,1.45,-0.791421356));
#11964=VECTOR('',#11965,1.0);
#11965=DIRECTION('',(0.707106781,0.0,0.707106781));
#11966=PLANE('',#11967);
#11967=AXIS2_PLACEMENT_3D('',#11968,#11969,#11970);
#11968=CARTESIAN_POINT('',(1.35,1.4725,-0.45));
#11969=DIRECTION('',(-0.707106781,0.0,0.707106781));
#11970=DIRECTION('',(0.0,1.0,0.0));
#11971=ADVANCED_FACE('',(#11972),#11984,.T.);
#11972=FACE_BOUND('',#11973,.T.);
#11973=EDGE_LOOP('',(#11974,#11975,#11976,#11977));
#11974=ORIENTED_EDGE('',*,*,#11953,.F.);
#11975=ORIENTED_EDGE('',*,*,#7909,.F.);
#11976=ORIENTED_EDGE('',*,*,#9816,.F.);
#11977=ORIENTED_EDGE('',*,*,#11978,.T.);
#11978=EDGE_CURVE('',#9817,#11954,#11979,.F.);
#11979=CIRCLE('',#11980,0.2);
#11980=AXIS2_PLACEMENT_3D('',#11981,#11982,#11983);
#11981=CARTESIAN_POINT('',(1.15,1.45,-0.932842712));
#11982=DIRECTION('',(0.0,-1.0,0.0));
#11983=DIRECTION('',(-0.707106781,0.0,0.707106781));
#11984=CYLINDRICAL_SURFACE('',#11985,0.2);
#11985=AXIS2_PLACEMENT_3D('',#11986,#11987,#11988);
#11986=CARTESIAN_POINT('',(1.15,1.50032109,-0.932842712));
#11987=DIRECTION('',(0.0,1.0,0.0));
#11988=DIRECTION('',(-0.707106781,0.0,0.707106781));
#11989=ADVANCED_FACE('',(#11990),#12039,.T.);
#11990=FACE_BOUND('',#11991,.T.);
#11991=EDGE_LOOP('',(#11992,#11993,#11994,#11995,#11996,#12005,#12013,#12022,#12030,#12036,#12037,#12038));
#11992=ORIENTED_EDGE('',*,*,#9526,.F.);
#11993=ORIENTED_EDGE('',*,*,#9395,.F.);
#11994=ORIENTED_EDGE('',*,*,#1420,.F.);
#11995=ORIENTED_EDGE('',*,*,#1490,.F.);
#11996=ORIENTED_EDGE('',*,*,#11997,.T.);
#11997=EDGE_CURVE('',#1483,#11998,#12000,.F.);
#11998=VERTEX_POINT('',#11999);
#11999=CARTESIAN_POINT('',(4.1,1.05,-0.25));
#12000=CIRCLE('',#12001,0.2);
#12001=AXIS2_PLACEMENT_3D('',#12002,#12003,#12004);
#12002=CARTESIAN_POINT('',(4.1,1.25,-0.25));
#12003=DIRECTION('',(-1.0,0.0,0.0));
#12004=DIRECTION('',(0.0,-1.0,0.0));
#12005=ORIENTED_EDGE('',*,*,#12006,.T.);
#12006=EDGE_CURVE('',#11998,#12007,#12009,.F.);
#12007=VERTEX_POINT('',#12008);
#12008=CARTESIAN_POINT('',(4.1,1.05,-1.6));
#12009=LINE('',#12010,#12011);
#12010=CARTESIAN_POINT('',(4.1,1.05,-1.6));
#12011=VECTOR('',#12012,1.0);
#12012=DIRECTION('',(0.0,0.0,1.0));
#12013=ORIENTED_EDGE('',*,*,#12014,.T.);
#12014=EDGE_CURVE('',#12007,#12015,#12017,.F.);
#12015=VERTEX_POINT('',#12016);
#12016=CARTESIAN_POINT('',(4.1,1.25,-1.8));
#12017=CIRCLE('',#12018,0.2);
#12018=AXIS2_PLACEMENT_3D('',#12019,#12020,#12021);
#12019=CARTESIAN_POINT('',(4.1,1.25,-1.6));
#12020=DIRECTION('',(-1.0,0.0,0.0));
#12021=DIRECTION('',(0.0,0.0,-1.0));
#12022=ORIENTED_EDGE('',*,*,#12023,.T.);
#12023=EDGE_CURVE('',#12015,#12024,#12026,.F.);
#12024=VERTEX_POINT('',#12025);
#12025=CARTESIAN_POINT('',(4.1,2.0,-1.8));
#12026=LINE('',#12027,#12028);
#12027=CARTESIAN_POINT('',(4.1,2.0,-1.8));
#12028=VECTOR('',#12029,1.0);
#12029=DIRECTION('',(0.0,-1.0,0.0));
#12030=ORIENTED_EDGE('',*,*,#12031,.T.);
#12031=EDGE_CURVE('',#12024,#9868,#12032,.T.);
#12032=LINE('',#12033,#12034);
#12033=CARTESIAN_POINT('',(4.1,2.0,-1.8));
#12034=VECTOR('',#12035,1.0);
#12035=DIRECTION('',(0.0,0.0,1.0));
#12036=ORIENTED_EDGE('',*,*,#9867,.F.);
#12037=ORIENTED_EDGE('',*,*,#9467,.F.);
#12038=ORIENTED_EDGE('',*,*,#9210,.F.);
#12039=PLANE('',#12040);
#12040=AXIS2_PLACEMENT_3D('',#12041,#12042,#12043);
#12041=CARTESIAN_POINT('',(4.1,1.525,-0.925));
#12042=DIRECTION('',(1.0,0.0,0.0));
#12043=DIRECTION('',(0.0,1.0,0.0));
#12044=ADVANCED_FACE('',(#12045),#12051,.T.);
#12045=FACE_BOUND('',#12046,.T.);
#12046=EDGE_LOOP('',(#12047,#12048,#12049,#12050));
#12047=ORIENTED_EDGE('',*,*,#9922,.F.);
#12048=ORIENTED_EDGE('',*,*,#9979,.F.);
#12049=ORIENTED_EDGE('',*,*,#9429,.F.);
#12050=ORIENTED_EDGE('',*,*,#11540,.F.);
#12051=PLANE('',#12052);
#12052=AXIS2_PLACEMENT_3D('',#12053,#12054,#12055);
#12053=CARTESIAN_POINT('',(3.9,2.15,-0.95));
#12054=DIRECTION('',(1.0,0.0,0.0));
#12055=DIRECTION('',(0.0,1.0,0.0));
#12056=ADVANCED_FACE('',(#12057),#12071,.T.);
#12057=FACE_BOUND('',#12058,.T.);
#12058=EDGE_LOOP('',(#12059,#12060,#12067,#12068,#12069,#12070));
#12059=ORIENTED_EDGE('',*,*,#12031,.F.);
#12060=ORIENTED_EDGE('',*,*,#12061,.T.);
#12061=EDGE_CURVE('',#12024,#1376,#12062,.T.);
#12062=CIRCLE('',#12063,0.2);
#12063=AXIS2_PLACEMENT_3D('',#12064,#12065,#12066);
#12064=CARTESIAN_POINT('',(3.9,2.0,-1.8));
#12065=DIRECTION('',(0.0,0.0,1.0));
#12066=DIRECTION('',(1.0,0.0,0.0));
#12067=ORIENTED_EDGE('',*,*,#1375,.F.);
#12068=ORIENTED_EDGE('',*,*,#9985,.F.);
#12069=ORIENTED_EDGE('',*,*,#9909,.F.);
#12070=ORIENTED_EDGE('',*,*,#9875,.F.);
#12071=CYLINDRICAL_SURFACE('',#12072,0.2);
#12072=AXIS2_PLACEMENT_3D('',#12073,#12074,#12075);
#12073=CARTESIAN_POINT('',(3.9,2.0,-1.848960533));
#12074=DIRECTION('',(0.0,0.0,-1.0));
#12075=DIRECTION('',(1.0,0.0,0.0));
#12076=ADVANCED_FACE('',(#12077),#12082,.F.);
#12077=FACE_BOUND('',#12078,.T.);
#12078=EDGE_LOOP('',(#12079,#12080,#12081));
#12079=ORIENTED_EDGE('',*,*,#9420,.F.);
#12080=ORIENTED_EDGE('',*,*,#9380,.F.);
#12081=ORIENTED_EDGE('',*,*,#11546,.F.);
#12082=PLANE('',#12083);
#12083=AXIS2_PLACEMENT_3D('',#12084,#12085,#12086);
#12084=CARTESIAN_POINT('',(2.3,2.1,-1.45));
#12085=DIRECTION('',(0.0,1.0,0.0));
#12086=DIRECTION('',(1.0,0.0,0.0));
#12087=ADVANCED_FACE('',(#12088),#12094,.F.);
#12088=FACE_BOUND('',#12089,.T.);
#12089=EDGE_LOOP('',(#12090,#12091,#12092,#12093));
#12090=ORIENTED_EDGE('',*,*,#9371,.F.);
#12091=ORIENTED_EDGE('',*,*,#11515,.F.);
#12092=ORIENTED_EDGE('',*,*,#1465,.F.);
#12093=ORIENTED_EDGE('',*,*,#11552,.F.);
#12094=CYLINDRICAL_SURFACE('',#12095,0.1);
#12095=AXIS2_PLACEMENT_3D('',#12096,#12097,#12098);
#12096=CARTESIAN_POINT('',(3.9,2.0,-0.042));
#12097=DIRECTION('',(0.0,0.0,1.0));
#12098=DIRECTION('',(0.0,1.0,0.0));
#12099=ADVANCED_FACE('',(#12100),#12105,.F.);
#12100=FACE_BOUND('',#12101,.T.);
#12101=EDGE_LOOP('',(#12102,#12103,#12104));
#12102=ORIENTED_EDGE('',*,*,#9892,.F.);
#12103=ORIENTED_EDGE('',*,*,#9930,.F.);
#12104=ORIENTED_EDGE('',*,*,#11534,.F.);
#12105=PLANE('',#12106);
#12106=AXIS2_PLACEMENT_3D('',#12107,#12108,#12109);
#12107=CARTESIAN_POINT('',(2.3,2.1,-1.45));
#12108=DIRECTION('',(0.0,1.0,0.0));
#12109=DIRECTION('',(1.0,0.0,0.0));
#12110=ADVANCED_FACE('',(#12111),#12123,.F.);
#12111=FACE_BOUND('',#12112,.T.);
#12112=EDGE_LOOP('',(#12113,#12114,#12115,#12116,#12122));
#12113=ORIENTED_EDGE('',*,*,#1387,.F.);
#12114=ORIENTED_EDGE('',*,*,#12061,.F.);
#12115=ORIENTED_EDGE('',*,*,#12023,.F.);
#12116=ORIENTED_EDGE('',*,*,#12117,.T.);
#12117=EDGE_CURVE('',#12015,#11472,#12118,.T.);
#12118=LINE('',#12119,#12120);
#12119=CARTESIAN_POINT('',(4.1,1.25,-1.8));
#12120=VECTOR('',#12121,1.0);
#12121=DIRECTION('',(-1.0,0.0,0.0));
#12122=ORIENTED_EDGE('',*,*,#11471,.F.);
#12123=PLANE('',#12124);
#12124=AXIS2_PLACEMENT_3D('',#12125,#12126,#12127);
#12125=CARTESIAN_POINT('',(4.05,1.71160254,-1.8));
#12126=DIRECTION('',(0.0,0.0,1.0));
#12127=DIRECTION('',(1.0,0.0,0.0));
#12128=ADVANCED_FACE('',(#12129),#12140,.T.);
#12129=FACE_BOUND('',#12130,.T.);
#12130=EDGE_LOOP('',(#12131,#12132,#12133,#12139));
#12131=ORIENTED_EDGE('',*,*,#12117,.F.);
#12132=ORIENTED_EDGE('',*,*,#12014,.F.);
#12133=ORIENTED_EDGE('',*,*,#12134,.T.);
#12134=EDGE_CURVE('',#12007,#11480,#12135,.T.);
#12135=LINE('',#12136,#12137);
#12136=CARTESIAN_POINT('',(4.1,1.05,-1.6));
#12137=VECTOR('',#12138,1.0);
#12138=DIRECTION('',(-1.0,0.0,0.0));
#12139=ORIENTED_EDGE('',*,*,#11479,.F.);
#12140=CYLINDRICAL_SURFACE('',#12141,0.2);
#12141=AXIS2_PLACEMENT_3D('',#12142,#12143,#12144);
#12142=CARTESIAN_POINT('',(4.107368686,1.25,-1.6));
#12143=DIRECTION('',(1.0,0.0,0.0));
#12144=DIRECTION('',(0.0,0.0,-1.0));
#12145=ADVANCED_FACE('',(#12146),#12157,.F.);
#12146=FACE_BOUND('',#12147,.T.);
#12147=EDGE_LOOP('',(#12148,#12149,#12150,#12156));
#12148=ORIENTED_EDGE('',*,*,#12134,.F.);
#12149=ORIENTED_EDGE('',*,*,#12006,.F.);
#12150=ORIENTED_EDGE('',*,*,#12151,.T.);
#12151=EDGE_CURVE('',#11998,#11489,#12152,.T.);
#12152=LINE('',#12153,#12154);
#12153=CARTESIAN_POINT('',(4.1,1.05,-0.25));
#12154=VECTOR('',#12155,1.0);
#12155=DIRECTION('',(-1.0,0.0,0.0));
#12156=ORIENTED_EDGE('',*,*,#11488,.F.);
#12157=PLANE('',#12158);
#12158=AXIS2_PLACEMENT_3D('',#12159,#12160,#12161);
#12159=CARTESIAN_POINT('',(4.05,1.05,-0.925));
#12160=DIRECTION('',(0.0,1.0,0.0));
#12161=DIRECTION('',(1.0,0.0,0.0));
#12162=ADVANCED_FACE('',(#12163),#12169,.T.);
#12163=FACE_BOUND('',#12164,.T.);
#12164=EDGE_LOOP('',(#12165,#12166,#12167,#12168));
#12165=ORIENTED_EDGE('',*,*,#12151,.F.);
#12166=ORIENTED_EDGE('',*,*,#11997,.F.);
#12167=ORIENTED_EDGE('',*,*,#1482,.F.);
#12168=ORIENTED_EDGE('',*,*,#11496,.F.);
#12169=CYLINDRICAL_SURFACE('',#12170,0.2);
#12170=AXIS2_PLACEMENT_3D('',#12171,#12172,#12173);
#12171=CARTESIAN_POINT('',(4.107368686,1.25,-0.25));
#12172=DIRECTION('',(1.0,0.0,0.0));
#12173=DIRECTION('',(0.0,-1.0,0.0));
#12174=ADVANCED_FACE('',(#12175),#12202,.F.);
#12175=FACE_BOUND('',#12176,.T.);
#12176=EDGE_LOOP('',(#12177,#12187,#12194,#12195));
#12177=ORIENTED_EDGE('',*,*,#12178,.T.);
#12178=EDGE_CURVE('',#12179,#12181,#12183,.F.);
#12179=VERTEX_POINT('',#12180);
#12180=CARTESIAN_POINT('',(3.649999797,1.2,-0.250008462));
#12181=VERTEX_POINT('',#12182);
#12182=CARTESIAN_POINT('',(3.649999797,1.3,-0.250008462));
#12183=LINE('',#12184,#12185);
#12184=CARTESIAN_POINT('',(3.64999991,1.3,-0.250005858));
#12185=VECTOR('',#12186,1.0);
#12186=DIRECTION('',(0.0,-1.0,0.0));
#12187=ORIENTED_EDGE('',*,*,#12188,.T.);
#12188=EDGE_CURVE('',#12181,#11405,#12189,.T.);
#12189=CIRCLE('',#12190,0.2);
#12190=AXIS2_PLACEMENT_3D('',#12191,#12192,#12193);
#12191=CARTESIAN_POINT('',(3.65,1.3,-0.45));
#12192=DIRECTION('',(0.0,1.0,0.0));
#12193=DIRECTION('',(0.0,0.0,1.0));
#12194=ORIENTED_EDGE('',*,*,#11441,.F.);
#12195=ORIENTED_EDGE('',*,*,#12196,.T.);
#12196=EDGE_CURVE('',#11434,#12179,#12197,.T.);
#12197=CIRCLE('',#12198,0.2);
#12198=AXIS2_PLACEMENT_3D('',#12199,#12200,#12201);
#12199=CARTESIAN_POINT('',(3.65,1.2,-0.45));
#12200=DIRECTION('',(0.0,-1.0,0.0));
#12201=DIRECTION('',(1.0,0.0,0.0));
#12202=CYLINDRICAL_SURFACE('',#12203,0.2);
#12203=AXIS2_PLACEMENT_3D('',#12204,#12205,#12206);
#12204=CARTESIAN_POINT('',(3.65,1.307055551,-0.45));
#12205=DIRECTION('',(0.0,1.0,0.0));
#12206=DIRECTION('',(1.0,0.0,0.0));
#12207=ADVANCED_FACE('',(#12208),#12219,.F.);
#12208=FACE_BOUND('',#12209,.T.);
#12209=EDGE_LOOP('',(#12210,#12211,#12212,#12218));
#12210=ORIENTED_EDGE('',*,*,#5263,.F.);
#12211=ORIENTED_EDGE('',*,*,#11414,.F.);
#12212=ORIENTED_EDGE('',*,*,#12213,.T.);
#12213=EDGE_CURVE('',#11407,#11356,#12214,.F.);
#12214=LINE('',#12215,#12216);
#12215=CARTESIAN_POINT('',(3.8475,1.3,-1.95));
#12216=VECTOR('',#12217,1.0);
#12217=DIRECTION('',(1.0,0.0,0.0));
#12218=ORIENTED_EDGE('',*,*,#11355,.F.);
#12219=CYLINDRICAL_SURFACE('',#12220,0.2);
#12220=AXIS2_PLACEMENT_3D('',#12221,#12222,#12223);
#12221=CARTESIAN_POINT('',(0.688,1.1,-1.95));
#12222=DIRECTION('',(-1.0,0.0,0.0));
#12223=DIRECTION('',(0.0,-1.0,0.0));
#12224=ADVANCED_FACE('',(#12225),#12238,.F.);
#12225=FACE_BOUND('',#12226,.T.);
#12226=EDGE_LOOP('',(#12227,#12228,#12229,#12230,#12231));
#12227=ORIENTED_EDGE('',*,*,#11364,.F.);
#12228=ORIENTED_EDGE('',*,*,#12213,.F.);
#12229=ORIENTED_EDGE('',*,*,#11404,.F.);
#12230=ORIENTED_EDGE('',*,*,#12188,.F.);
#12231=ORIENTED_EDGE('',*,*,#12232,.T.);
#12232=EDGE_CURVE('',#12181,#11365,#12233,.F.);
#12233=CIRCLE('',#12234,0.2);
#12234=AXIS2_PLACEMENT_3D('',#12235,#12236,#12237);
#12235=CARTESIAN_POINT('',(3.6475,1.3,-0.45));
#12236=DIRECTION('',(0.0,-1.0,0.0));
#12237=DIRECTION('',(1.0,0.0,0.0));
#12238=PLANE('',#12239);
#12239=AXIS2_PLACEMENT_3D('',#12240,#12241,#12242);
#12240=CARTESIAN_POINT('',(3.200623445,1.3,-1.1));
#12241=DIRECTION('',(0.0,1.0,0.0));
#12242=DIRECTION('',(1.0,0.0,0.0));
#12243=ADVANCED_FACE('',(#12244),#12281,.T.);
#12244=FACE_BOUND('',#12245,.T.);
#12245=EDGE_LOOP('',(#12246,#12247,#12248,#12258,#12266,#12274));
#12246=ORIENTED_EDGE('',*,*,#11372,.F.);
#12247=ORIENTED_EDGE('',*,*,#12232,.F.);
#12248=ORIENTED_EDGE('',*,*,#12249,.T.);
#12249=EDGE_CURVE('',#12181,#12250,#12252,.T.);
#12250=VERTEX_POINT('',#12251);
#12251=CARTESIAN_POINT('',(3.6475,1.3,-0.25));
#12252=B_SPLINE_CURVE_WITH_KNOTS('',3,(#12253,#12254,#12255,#12256,#12257),.UNSPECIFIED.,.F.,.U.,(4,1,4),(0.0,0.5,1.0),.QUASI_UNIFORM_KNOTS.);
#12253=CARTESIAN_POINT('',(3.64999991,1.3,-0.250005858));
#12254=CARTESIAN_POINT('',(3.649583712,1.3,-0.250005858));
#12255=CARTESIAN_POINT('',(3.648750982,1.3,-0.249997071));
#12256=CARTESIAN_POINT('',(3.647917135,1.3,-0.25));
#12257=CARTESIAN_POINT('',(3.6475,1.3,-0.25));
#12258=ORIENTED_EDGE('',*,*,#12259,.T.);
#12259=EDGE_CURVE('',#12250,#12260,#12262,.T.);
#12260=VERTEX_POINT('',#12261);
#12261=CARTESIAN_POINT('',(3.6475,1.2,-0.25));
#12262=LINE('',#12263,#12264);
#12263=CARTESIAN_POINT('',(3.6475,1.3,-0.25));
#12264=VECTOR('',#12265,1.0);
#12265=DIRECTION('',(0.0,-1.0,0.0));
#12266=ORIENTED_EDGE('',*,*,#12267,.T.);
#12267=EDGE_CURVE('',#12260,#12179,#12268,.F.);
#12268=B_SPLINE_CURVE_WITH_KNOTS('',3,(#12269,#12270,#12271,#12272,#12273),.UNSPECIFIED.,.F.,.U.,(4,1,4),(0.0,0.5,1.0),.QUASI_UNIFORM_KNOTS.);
#12269=CARTESIAN_POINT('',(3.64999991,1.2,-0.250005858));
#12270=CARTESIAN_POINT('',(3.649583712,1.2,-0.250005858));
#12271=CARTESIAN_POINT('',(3.648750982,1.2,-0.249997071));
#12272=CARTESIAN_POINT('',(3.647917135,1.2,-0.25));
#12273=CARTESIAN_POINT('',(3.6475,1.2,-0.25));
#12274=ORIENTED_EDGE('',*,*,#12275,.T.);
#12275=EDGE_CURVE('',#12179,#11373,#12276,.F.);
#12276=CIRCLE('',#12277,0.2);
#12277=AXIS2_PLACEMENT_3D('',#12278,#12279,#12280);
#12278=CARTESIAN_POINT('',(3.6475,1.2,-0.45));
#12279=DIRECTION('',(0.0,-1.0,0.0));
#12280=DIRECTION('',(1.0,0.0,0.0));
#12281=CYLINDRICAL_SURFACE('',#12282,0.2);
#12282=AXIS2_PLACEMENT_3D('',#12283,#12284,#12285);
#12283=CARTESIAN_POINT('',(3.6475,1.319911098,-0.45));
#12284=DIRECTION('',(0.0,1.0,0.0));
#12285=DIRECTION('',(1.0,0.0,0.0));
#12286=ADVANCED_FACE('',(#12287),#12299,.T.);
#12287=FACE_BOUND('',#12288,.T.);
#12288=EDGE_LOOP('',(#12289,#12290,#12291,#12297,#12298));
#12289=ORIENTED_EDGE('',*,*,#12196,.F.);
#12290=ORIENTED_EDGE('',*,*,#11433,.F.);
#12291=ORIENTED_EDGE('',*,*,#12292,.T.);
#12292=EDGE_CURVE('',#11425,#11381,#12293,.T.);
#12293=LINE('',#12294,#12295);
#12294=CARTESIAN_POINT('',(3.85,1.2,-1.95));
#12295=VECTOR('',#12296,1.0);
#12296=DIRECTION('',(-1.0,0.0,0.0));
#12297=ORIENTED_EDGE('',*,*,#11380,.F.);
#12298=ORIENTED_EDGE('',*,*,#12275,.F.);
#12299=PLANE('',#12300);
#12300=AXIS2_PLACEMENT_3D('',#12301,#12302,#12303);
#12301=CARTESIAN_POINT('',(3.075,1.2,-1.1));
#12302=DIRECTION('',(0.0,1.0,0.0));
#12303=DIRECTION('',(1.0,0.0,0.0));
#12304=ADVANCED_FACE('',(#12305),#12311,.T.);
#12305=FACE_BOUND('',#12306,.T.);
#12306=EDGE_LOOP('',(#12307,#12308,#12309,#12310));
#12307=ORIENTED_EDGE('',*,*,#12292,.F.);
#12308=ORIENTED_EDGE('',*,*,#11424,.F.);
#12309=ORIENTED_EDGE('',*,*,#11320,.F.);
#12310=ORIENTED_EDGE('',*,*,#11388,.F.);
#12311=CYLINDRICAL_SURFACE('',#12312,0.1);
#12312=AXIS2_PLACEMENT_3D('',#12313,#12314,#12315);
#12313=CARTESIAN_POINT('',(0.688,1.1,-1.95));
#12314=DIRECTION('',(-1.0,0.0,0.0));
#12315=DIRECTION('',(0.0,-1.0,0.0));
#12316=ADVANCED_FACE('',(#12317),#12339,.T.);
#12317=FACE_BOUND('',#12318,.T.);
#12318=EDGE_LOOP('',(#12319,#12320,#12321,#12322,#12323,#12324,#12325,#12326,#12327,#12328,#12329,#12330,#12331,#12332,#12333,#12334,#12335,#12336,#12337,#12338));
#12319=ORIENTED_EDGE('',*,*,#11814,.F.);
#12320=ORIENTED_EDGE('',*,*,#11838,.F.);
#12321=ORIENTED_EDGE('',*,*,#11863,.F.);
#12322=ORIENTED_EDGE('',*,*,#11887,.F.);
#12323=ORIENTED_EDGE('',*,*,#11912,.F.);
#12324=ORIENTED_EDGE('',*,*,#11936,.F.);
#12325=ORIENTED_EDGE('',*,*,#11961,.F.);
#12326=ORIENTED_EDGE('',*,*,#11978,.F.);
#12327=ORIENTED_EDGE('',*,*,#9826,.F.);
#12328=ORIENTED_EDGE('',*,*,#8037,.F.);
#12329=ORIENTED_EDGE('',*,*,#11138,.F.);
#12330=ORIENTED_EDGE('',*,*,#7637,.F.);
#12331=ORIENTED_EDGE('',*,*,#7661,.F.);
#12332=ORIENTED_EDGE('',*,*,#7679,.F.);
#12333=ORIENTED_EDGE('',*,*,#394,.F.);
#12334=ORIENTED_EDGE('',*,*,#7753,.F.);
#12335=ORIENTED_EDGE('',*,*,#7778,.F.);
#12336=ORIENTED_EDGE('',*,*,#7795,.F.);
#12337=ORIENTED_EDGE('',*,*,#11095,.F.);
#12338=ORIENTED_EDGE('',*,*,#8162,.F.);
#12339=PLANE('',#12340);
#12340=AXIS2_PLACEMENT_3D('',#12341,#12342,#12343);
#12341=CARTESIAN_POINT('',(2.3,1.45,-0.55));
#12342=DIRECTION('',(0.0,1.0,0.0));
#12343=DIRECTION('',(1.0,0.0,0.0));
#12344=ADVANCED_FACE('',(#12345),#12348,.T.);
#12345=FACE_BOUND('',#12346,.T.);
#12346=EDGE_LOOP('',(#12347));
#12347=ORIENTED_EDGE('',*,*,#11020,.F.);
#12348=PLANE('',#12349);
#12349=AXIS2_PLACEMENT_3D('',#12350,#12351,#12352);
#12350=CARTESIAN_POINT('',(2.3,1.32,-1.5));
#12351=DIRECTION('',(0.0,1.0,0.0));
#12352=DIRECTION('',(1.0,0.0,0.0));
#12353=ADVANCED_FACE('',(#12354),#12360,.T.);
#12354=FACE_BOUND('',#12355,.T.);
#12355=EDGE_LOOP('',(#12356,#12357,#12358,#12359));
#12356=ORIENTED_EDGE('',*,*,#10963,.F.);
#12357=ORIENTED_EDGE('',*,*,#10987,.F.);
#12358=ORIENTED_EDGE('',*,*,#11004,.F.);
#12359=ORIENTED_EDGE('',*,*,#10932,.F.);
#12360=PLANE('',#12361);
#12361=AXIS2_PLACEMENT_3D('',#12362,#12363,#12364);
#12362=CARTESIAN_POINT('',(3.4525,1.36,-1.5));
#12363=DIRECTION('',(0.0,1.0,0.0));
#12364=DIRECTION('',(1.0,0.0,0.0));
#12365=ADVANCED_FACE('',(#12366),#12372,.T.);
#12366=FACE_BOUND('',#12367,.T.);
#12367=EDGE_LOOP('',(#12368,#12369,#12370,#12371));
#12368=ORIENTED_EDGE('',*,*,#10867,.F.);
#12369=ORIENTED_EDGE('',*,*,#10891,.F.);
#12370=ORIENTED_EDGE('',*,*,#10908,.F.);
#12371=ORIENTED_EDGE('',*,*,#10836,.F.);
#12372=PLANE('',#12373);
#12373=AXIS2_PLACEMENT_3D('',#12374,#12375,#12376);
#12374=CARTESIAN_POINT('',(1.1475,1.36,-1.5));
#12375=DIRECTION('',(0.0,1.0,0.0));
#12376=DIRECTION('',(1.0,0.0,0.0));
#12377=ADVANCED_FACE('',(#12378),#12425,.T.);
#12378=FACE_BOUND('',#12379,.T.);
#12379=EDGE_LOOP('',(#12380,#12392,#12400,#12410,#12417,#12418));
#12380=ORIENTED_EDGE('',*,*,#12381,.T.);
#12381=EDGE_CURVE('',#12382,#12384,#12386,.T.);
#12382=VERTEX_POINT('',#12383);
#12383=CARTESIAN_POINT('',(0.950000203,1.2,-0.250008462));
#12384=VERTEX_POINT('',#12385);
#12385=CARTESIAN_POINT('',(0.9525,1.2,-0.25));
#12386=B_SPLINE_CURVE_WITH_KNOTS('',3,(#12387,#12388,#12389,#12390,#12391),.UNSPECIFIED.,.F.,.U.,(4,1,4),(0.0,0.5,1.0),.QUASI_UNIFORM_KNOTS.);
#12387=CARTESIAN_POINT('',(0.95000009,1.2,-0.250005858));
#12388=CARTESIAN_POINT('',(0.950416288,1.2,-0.250005858));
#12389=CARTESIAN_POINT('',(0.951249018,1.2,-0.249997071));
#12390=CARTESIAN_POINT('',(0.952082865,1.2,-0.25));
#12391=CARTESIAN_POINT('',(0.9525,1.2,-0.25));
#12392=ORIENTED_EDGE('',*,*,#12393,.T.);
#12393=EDGE_CURVE('',#12384,#12394,#12396,.T.);
#12394=VERTEX_POINT('',#12395);
#12395=CARTESIAN_POINT('',(0.9525,1.3,-0.25));
#12396=LINE('',#12397,#12398);
#12397=CARTESIAN_POINT('',(0.9525,1.2,-0.25));
#12398=VECTOR('',#12399,1.0);
#12399=DIRECTION('',(0.0,1.0,0.0));
#12400=ORIENTED_EDGE('',*,*,#12401,.T.);
#12401=EDGE_CURVE('',#12394,#12402,#12404,.F.);
#12402=VERTEX_POINT('',#12403);
#12403=CARTESIAN_POINT('',(0.950000203,1.3,-0.250008462));
#12404=B_SPLINE_CURVE_WITH_KNOTS('',3,(#12405,#12406,#12407,#12408,#12409),.UNSPECIFIED.,.F.,.U.,(4,1,4),(0.0,0.5,1.0),.QUASI_UNIFORM_KNOTS.);
#12405=CARTESIAN_POINT('',(0.95000009,1.3,-0.250005858));
#12406=CARTESIAN_POINT('',(0.950416288,1.3,-0.250005858));
#12407=CARTESIAN_POINT('',(0.951249018,1.3,-0.249997071));
#12408=CARTESIAN_POINT('',(0.952082865,1.3,-0.25));
#12409=CARTESIAN_POINT('',(0.9525,1.3,-0.25));
#12410=ORIENTED_EDGE('',*,*,#12411,.T.);
#12411=EDGE_CURVE('',#12402,#10713,#12412,.F.);
#12412=CIRCLE('',#12413,0.2);
#12413=AXIS2_PLACEMENT_3D('',#12414,#12415,#12416);
#12414=CARTESIAN_POINT('',(0.9525,1.3,-0.45));
#12415=DIRECTION('',(0.0,1.0,0.0));
#12416=DIRECTION('',(-1.0,0.0,0.0));
#12417=ORIENTED_EDGE('',*,*,#10712,.F.);
#12418=ORIENTED_EDGE('',*,*,#12419,.T.);
#12419=EDGE_CURVE('',#10705,#12382,#12420,.T.);
#12420=CIRCLE('',#12421,0.2);
#12421=AXIS2_PLACEMENT_3D('',#12422,#12423,#12424);
#12422=CARTESIAN_POINT('',(0.9525,1.2,-0.45));
#12423=DIRECTION('',(0.0,1.0,0.0));
#12424=DIRECTION('',(-1.0,0.0,0.0));
#12425=CYLINDRICAL_SURFACE('',#12426,0.2);
#12426=AXIS2_PLACEMENT_3D('',#12427,#12428,#12429);
#12427=CARTESIAN_POINT('',(0.9525,1.180088902,-0.45));
#12428=DIRECTION('',(0.0,-1.0,0.0));
#12429=DIRECTION('',(-1.0,0.0,0.0));
#12430=ADVANCED_FACE('',(#12431),#12449,.T.);
#12431=FACE_BOUND('',#12432,.T.);
#12432=EDGE_LOOP('',(#12433,#12439,#12440,#12447,#12448));
#12433=ORIENTED_EDGE('',*,*,#12434,.T.);
#12434=EDGE_CURVE('',#10696,#10647,#12435,.T.);
#12435=LINE('',#12436,#12437);
#12436=CARTESIAN_POINT('',(0.7525,1.2,-1.95));
#12437=VECTOR('',#12438,1.0);
#12438=DIRECTION('',(-1.0,0.0,0.0));
#12439=ORIENTED_EDGE('',*,*,#10644,.F.);
#12440=ORIENTED_EDGE('',*,*,#12441,.T.);
#12441=EDGE_CURVE('',#10645,#12382,#12442,.F.);
#12442=CIRCLE('',#12443,0.2);
#12443=AXIS2_PLACEMENT_3D('',#12444,#12445,#12446);
#12444=CARTESIAN_POINT('',(0.95,1.2,-0.45));
#12445=DIRECTION('',(0.0,-1.0,0.0));
#12446=DIRECTION('',(0.0,0.0,1.0));
#12447=ORIENTED_EDGE('',*,*,#12419,.F.);
#12448=ORIENTED_EDGE('',*,*,#10704,.F.);
#12449=PLANE('',#12450);
#12450=AXIS2_PLACEMENT_3D('',#12451,#12452,#12453);
#12451=CARTESIAN_POINT('',(1.525,1.2,-1.1));
#12452=DIRECTION('',(0.0,1.0,0.0));
#12453=DIRECTION('',(1.0,0.0,0.0));
#12454=ADVANCED_FACE('',(#12455),#12461,.T.);
#12455=FACE_BOUND('',#12456,.T.);
#12456=EDGE_LOOP('',(#12457,#12458,#12459,#12460));
#12457=ORIENTED_EDGE('',*,*,#10621,.F.);
#12458=ORIENTED_EDGE('',*,*,#10654,.F.);
#12459=ORIENTED_EDGE('',*,*,#12434,.F.);
#12460=ORIENTED_EDGE('',*,*,#10695,.F.);
#12461=CYLINDRICAL_SURFACE('',#12462,0.1);
#12462=AXIS2_PLACEMENT_3D('',#12463,#12464,#12465);
#12463=CARTESIAN_POINT('',(0.688,1.1,-1.95));
#12464=DIRECTION('',(-1.0,0.0,0.0));
#12465=DIRECTION('',(0.0,-1.0,0.0));
#12466=ADVANCED_FACE('',(#12467),#12478,.F.);
#12467=FACE_BOUND('',#12468,.T.);
#12468=EDGE_LOOP('',(#12469,#12475,#12476,#12477));
#12469=ORIENTED_EDGE('',*,*,#12470,.T.);
#12470=EDGE_CURVE('',#10721,#10665,#12471,.F.);
#12471=LINE('',#12472,#12473);
#12472=CARTESIAN_POINT('',(0.75,1.3,-1.95));
#12473=VECTOR('',#12474,1.0);
#12474=DIRECTION('',(1.0,0.0,0.0));
#12475=ORIENTED_EDGE('',*,*,#10664,.F.);
#12476=ORIENTED_EDGE('',*,*,#3047,.F.);
#12477=ORIENTED_EDGE('',*,*,#10728,.F.);
#12478=CYLINDRICAL_SURFACE('',#12479,0.2);
#12479=AXIS2_PLACEMENT_3D('',#12480,#12481,#12482);
#12480=CARTESIAN_POINT('',(0.688,1.1,-1.95));
#12481=DIRECTION('',(-1.0,0.0,0.0));
#12482=DIRECTION('',(0.0,-1.0,0.0));
#12483=ADVANCED_FACE('',(#12484),#12497,.F.);
#12484=FACE_BOUND('',#12485,.T.);
#12485=EDGE_LOOP('',(#12486,#12487,#12494,#12495,#12496));
#12486=ORIENTED_EDGE('',*,*,#12411,.F.);
#12487=ORIENTED_EDGE('',*,*,#12488,.T.);
#12488=EDGE_CURVE('',#12402,#10674,#12489,.F.);
#12489=CIRCLE('',#12490,0.2);
#12490=AXIS2_PLACEMENT_3D('',#12491,#12492,#12493);
#12491=CARTESIAN_POINT('',(0.95,1.3,-0.45));
#12492=DIRECTION('',(0.0,1.0,0.0));
#12493=DIRECTION('',(-1.0,0.0,0.0));
#12494=ORIENTED_EDGE('',*,*,#10673,.F.);
#12495=ORIENTED_EDGE('',*,*,#12470,.F.);
#12496=ORIENTED_EDGE('',*,*,#10720,.F.);
#12497=PLANE('',#12498);
#12498=AXIS2_PLACEMENT_3D('',#12499,#12500,#12501);
#12499=CARTESIAN_POINT('',(1.399376555,1.3,-1.1));
#12500=DIRECTION('',(0.0,1.0,0.0));
#12501=DIRECTION('',(1.0,0.0,0.0));
#12502=ADVANCED_FACE('',(#12503),#12514,.F.);
#12503=FACE_BOUND('',#12504,.T.);
#12504=EDGE_LOOP('',(#12505,#12506,#12507,#12513));
#12505=ORIENTED_EDGE('',*,*,#10681,.F.);
#12506=ORIENTED_EDGE('',*,*,#12488,.F.);
#12507=ORIENTED_EDGE('',*,*,#12508,.T.);
#12508=EDGE_CURVE('',#12402,#12382,#12509,.F.);
#12509=LINE('',#12510,#12511);
#12510=CARTESIAN_POINT('',(0.95000009,1.2,-0.250005858));
#12511=VECTOR('',#12512,1.0);
#12512=DIRECTION('',(0.0,1.0,0.0));
#12513=ORIENTED_EDGE('',*,*,#12441,.F.);
#12514=CYLINDRICAL_SURFACE('',#12515,0.2);
#12515=AXIS2_PLACEMENT_3D('',#12516,#12517,#12518);
#12516=CARTESIAN_POINT('',(0.95,1.192944449,-0.45));
#12517=DIRECTION('',(0.0,-1.0,0.0));
#12518=DIRECTION('',(-1.0,0.0,0.0));
#12519=ADVANCED_FACE('',(#12520),#12546,.F.);
#12520=FACE_BOUND('',#12521,.T.);
#12521=EDGE_LOOP('',(#12522,#12530,#12531,#12539));
#12522=ORIENTED_EDGE('',*,*,#12523,.T.);
#12523=EDGE_CURVE('',#12524,#10495,#12526,.F.);
#12524=VERTEX_POINT('',#12525);
#12525=CARTESIAN_POINT('',(1.05,1.2,-1.270871215));
#12526=LINE('',#12527,#12528);
#12527=CARTESIAN_POINT('',(1.05,0.9,-1.270871215));
#12528=VECTOR('',#12529,1.0);
#12529=DIRECTION('',(0.0,1.0,0.0));
#12530=ORIENTED_EDGE('',*,*,#10492,.F.);
#12531=ORIENTED_EDGE('',*,*,#12532,.T.);
#12532=EDGE_CURVE('',#10493,#12533,#12535,.F.);
#12533=VERTEX_POINT('',#12534);
#12534=CARTESIAN_POINT('',(1.05,1.2,-1.729128785));
#12535=LINE('',#12536,#12537);
#12536=CARTESIAN_POINT('',(1.05,1.2,-1.729128785));
#12537=VECTOR('',#12538,1.0);
#12538=DIRECTION('',(0.0,-1.0,0.0));
#12539=ORIENTED_EDGE('',*,*,#12540,.T.);
#12540=EDGE_CURVE('',#12533,#12524,#12541,.F.);
#12541=CIRCLE('',#12542,0.25);
#12542=AXIS2_PLACEMENT_3D('',#12543,#12544,#12545);
#12543=CARTESIAN_POINT('',(1.15,1.2,-1.5));
#12544=DIRECTION('',(0.0,-1.0,0.0));
#12545=DIRECTION('',(-0.4,0.0,0.916515139));
#12546=CYLINDRICAL_SURFACE('',#12547,0.25);
#12547=AXIS2_PLACEMENT_3D('',#12548,#12549,#12550);
#12548=CARTESIAN_POINT('',(1.15,1.207055551,-1.5));
#12549=DIRECTION('',(0.0,1.0,0.0));
#12550=DIRECTION('',(-1.0,0.0,0.0));
#12551=ADVANCED_FACE('',(#12552),#12563,.F.);
#12552=FACE_BOUND('',#12553,.T.);
#12553=EDGE_LOOP('',(#12554,#12555,#12556,#12557));
#12554=ORIENTED_EDGE('',*,*,#12532,.F.);
#12555=ORIENTED_EDGE('',*,*,#10503,.F.);
#12556=ORIENTED_EDGE('',*,*,#12523,.F.);
#12557=ORIENTED_EDGE('',*,*,#12558,.T.);
#12558=EDGE_CURVE('',#12524,#12533,#12559,.F.);
#12559=LINE('',#12560,#12561);
#12560=CARTESIAN_POINT('',(1.05,1.2,-1.729128785));
#12561=VECTOR('',#12562,1.0);
#12562=DIRECTION('',(0.0,0.0,1.0));
#12563=PLANE('',#12564);
#12564=AXIS2_PLACEMENT_3D('',#12565,#12566,#12567);
#12565=CARTESIAN_POINT('',(1.05,1.05,-1.5));
#12566=DIRECTION('',(1.0,0.0,0.0));
#12567=DIRECTION('',(0.0,1.0,0.0));
#12568=ADVANCED_FACE('',(#12569),#12594,.T.);
#12569=FACE_BOUND('',#12570,.T.);
#12570=EDGE_LOOP('',(#12571,#12579,#12580,#12588));
#12571=ORIENTED_EDGE('',*,*,#12572,.T.);
#12572=EDGE_CURVE('',#12573,#10514,#12575,.F.);
#12573=VERTEX_POINT('',#12574);
#12574=CARTESIAN_POINT('',(1.25,1.2,-1.270871215));
#12575=LINE('',#12576,#12577);
#12576=CARTESIAN_POINT('',(1.25,0.9,-1.270871215));
#12577=VECTOR('',#12578,1.0);
#12578=DIRECTION('',(0.0,1.0,0.0));
#12579=ORIENTED_EDGE('',*,*,#10511,.F.);
#12580=ORIENTED_EDGE('',*,*,#12581,.T.);
#12581=EDGE_CURVE('',#10512,#12582,#12584,.F.);
#12582=VERTEX_POINT('',#12583);
#12583=CARTESIAN_POINT('',(1.25,1.2,-1.729128785));
#12584=LINE('',#12585,#12586);
#12585=CARTESIAN_POINT('',(1.25,1.2,-1.729128785));
#12586=VECTOR('',#12587,1.0);
#12587=DIRECTION('',(0.0,-1.0,0.0));
#12588=ORIENTED_EDGE('',*,*,#12589,.T.);
#12589=EDGE_CURVE('',#12582,#12573,#12590,.F.);
#12590=LINE('',#12591,#12592);
#12591=CARTESIAN_POINT('',(1.25,1.2,-1.270871215));
#12592=VECTOR('',#12593,1.0);
#12593=DIRECTION('',(0.0,0.0,-1.0));
#12594=PLANE('',#12595);
#12595=AXIS2_PLACEMENT_3D('',#12596,#12597,#12598);
#12596=CARTESIAN_POINT('',(1.25,1.05,-1.5));
#12597=DIRECTION('',(1.0,0.0,0.0));
#12598=DIRECTION('',(0.0,1.0,0.0));
#12599=ADVANCED_FACE('',(#12600),#12612,.F.);
#12600=FACE_BOUND('',#12601,.T.);
#12601=EDGE_LOOP('',(#12602,#12603,#12604,#12605));
#12602=ORIENTED_EDGE('',*,*,#12581,.F.);
#12603=ORIENTED_EDGE('',*,*,#10521,.F.);
#12604=ORIENTED_EDGE('',*,*,#12572,.F.);
#12605=ORIENTED_EDGE('',*,*,#12606,.T.);
#12606=EDGE_CURVE('',#12573,#12582,#12607,.F.);
#12607=CIRCLE('',#12608,0.25);
#12608=AXIS2_PLACEMENT_3D('',#12609,#12610,#12611);
#12609=CARTESIAN_POINT('',(1.15,1.2,-1.5));
#12610=DIRECTION('',(0.0,-1.0,0.0));
#12611=DIRECTION('',(0.4,0.0,-0.916515139));
#12612=CYLINDRICAL_SURFACE('',#12613,0.25);
#12613=AXIS2_PLACEMENT_3D('',#12614,#12615,#12616);
#12614=CARTESIAN_POINT('',(1.15,1.207055551,-1.5));
#12615=DIRECTION('',(0.0,1.0,0.0));
#12616=DIRECTION('',(-1.0,0.0,0.0));
#12617=ADVANCED_FACE('',(#12618),#12643,.T.);
#12618=FACE_BOUND('',#12619,.T.);
#12619=EDGE_LOOP('',(#12620,#12628,#12629,#12637));
#12620=ORIENTED_EDGE('',*,*,#12621,.T.);
#12621=EDGE_CURVE('',#12622,#10533,#12624,.F.);
#12622=VERTEX_POINT('',#12623);
#12623=CARTESIAN_POINT('',(3.55,1.2,-1.270871215));
#12624=LINE('',#12625,#12626);
#12625=CARTESIAN_POINT('',(3.55,0.9,-1.270871215));
#12626=VECTOR('',#12627,1.0);
#12627=DIRECTION('',(0.0,1.0,0.0));
#12628=ORIENTED_EDGE('',*,*,#10530,.F.);
#12629=ORIENTED_EDGE('',*,*,#12630,.T.);
#12630=EDGE_CURVE('',#10531,#12631,#12633,.F.);
#12631=VERTEX_POINT('',#12632);
#12632=CARTESIAN_POINT('',(3.55,1.2,-1.729128785));
#12633=LINE('',#12634,#12635);
#12634=CARTESIAN_POINT('',(3.55,1.2,-1.729128785));
#12635=VECTOR('',#12636,1.0);
#12636=DIRECTION('',(0.0,-1.0,0.0));
#12637=ORIENTED_EDGE('',*,*,#12638,.T.);
#12638=EDGE_CURVE('',#12631,#12622,#12639,.F.);
#12639=LINE('',#12640,#12641);
#12640=CARTESIAN_POINT('',(3.55,1.2,-1.270871215));
#12641=VECTOR('',#12642,1.0);
#12642=DIRECTION('',(0.0,0.0,-1.0));
#12643=PLANE('',#12644);
#12644=AXIS2_PLACEMENT_3D('',#12645,#12646,#12647);
#12645=CARTESIAN_POINT('',(3.55,1.05,-1.5));
#12646=DIRECTION('',(1.0,0.0,0.0));
#12647=DIRECTION('',(0.0,1.0,0.0));
#12648=ADVANCED_FACE('',(#12649),#12661,.F.);
#12649=FACE_BOUND('',#12650,.T.);
#12650=EDGE_LOOP('',(#12651,#12652,#12653,#12654));
#12651=ORIENTED_EDGE('',*,*,#12630,.F.);
#12652=ORIENTED_EDGE('',*,*,#10540,.F.);
#12653=ORIENTED_EDGE('',*,*,#12621,.F.);
#12654=ORIENTED_EDGE('',*,*,#12655,.T.);
#12655=EDGE_CURVE('',#12622,#12631,#12656,.F.);
#12656=CIRCLE('',#12657,0.25);
#12657=AXIS2_PLACEMENT_3D('',#12658,#12659,#12660);
#12658=CARTESIAN_POINT('',(3.45,1.2,-1.5));
#12659=DIRECTION('',(0.0,-1.0,0.0));
#12660=DIRECTION('',(0.4,0.0,-0.916515139));
#12661=CYLINDRICAL_SURFACE('',#12662,0.25);
#12662=AXIS2_PLACEMENT_3D('',#12663,#12664,#12665);
#12663=CARTESIAN_POINT('',(3.45,1.207055551,-1.5));
#12664=DIRECTION('',(0.0,1.0,0.0));
#12665=DIRECTION('',(-1.0,0.0,0.0));
#12666=ADVANCED_FACE('',(#12667),#12693,.F.);
#12667=FACE_BOUND('',#12668,.T.);
#12668=EDGE_LOOP('',(#12669,#12677,#12678,#12686));
#12669=ORIENTED_EDGE('',*,*,#12670,.T.);
#12670=EDGE_CURVE('',#12671,#10552,#12673,.F.);
#12671=VERTEX_POINT('',#12672);
#12672=CARTESIAN_POINT('',(3.35,1.2,-1.270871215));
#12673=LINE('',#12674,#12675);
#12674=CARTESIAN_POINT('',(3.35,0.9,-1.270871215));
#12675=VECTOR('',#12676,1.0);
#12676=DIRECTION('',(0.0,1.0,0.0));
#12677=ORIENTED_EDGE('',*,*,#10549,.F.);
#12678=ORIENTED_EDGE('',*,*,#12679,.T.);
#12679=EDGE_CURVE('',#10550,#12680,#12682,.F.);
#12680=VERTEX_POINT('',#12681);
#12681=CARTESIAN_POINT('',(3.35,1.2,-1.729128785));
#12682=LINE('',#12683,#12684);
#12683=CARTESIAN_POINT('',(3.35,1.2,-1.729128785));
#12684=VECTOR('',#12685,1.0);
#12685=DIRECTION('',(0.0,-1.0,0.0));
#12686=ORIENTED_EDGE('',*,*,#12687,.T.);
#12687=EDGE_CURVE('',#12680,#12671,#12688,.F.);
#12688=CIRCLE('',#12689,0.25);
#12689=AXIS2_PLACEMENT_3D('',#12690,#12691,#12692);
#12690=CARTESIAN_POINT('',(3.45,1.2,-1.5));
#12691=DIRECTION('',(0.0,-1.0,0.0));
#12692=DIRECTION('',(-0.4,0.0,0.916515139));
#12693=CYLINDRICAL_SURFACE('',#12694,0.25);
#12694=AXIS2_PLACEMENT_3D('',#12695,#12696,#12697);
#12695=CARTESIAN_POINT('',(3.45,1.207055551,-1.5));
#12696=DIRECTION('',(0.0,1.0,0.0));
#12697=DIRECTION('',(-1.0,0.0,0.0));
#12698=ADVANCED_FACE('',(#12699),#12710,.F.);
#12699=FACE_BOUND('',#12700,.T.);
#12700=EDGE_LOOP('',(#12701,#12702,#12703,#12704));
#12701=ORIENTED_EDGE('',*,*,#12679,.F.);
#12702=ORIENTED_EDGE('',*,*,#10560,.F.);
#12703=ORIENTED_EDGE('',*,*,#12670,.F.);
#12704=ORIENTED_EDGE('',*,*,#12705,.T.);
#12705=EDGE_CURVE('',#12671,#12680,#12706,.F.);
#12706=LINE('',#12707,#12708);
#12707=CARTESIAN_POINT('',(3.35,1.2,-1.729128785));
#12708=VECTOR('',#12709,1.0);
#12709=DIRECTION('',(0.0,0.0,1.0));
#12710=PLANE('',#12711);
#12711=AXIS2_PLACEMENT_3D('',#12712,#12713,#12714);
#12712=CARTESIAN_POINT('',(3.35,1.05,-1.5));
#12713=DIRECTION('',(1.0,0.0,0.0));
#12714=DIRECTION('',(0.0,1.0,0.0));
#12715=ADVANCED_FACE('',(#12716),#12734,.F.);
#12716=FACE_BOUND('',#12717,.T.);
#12717=EDGE_LOOP('',(#12718,#12725,#12732,#12733));
#12718=ORIENTED_EDGE('',*,*,#12719,.F.);
#12719=EDGE_CURVE('',#12720,#10569,#12722,.F.);
#12720=VERTEX_POINT('',#12721);
#12721=CARTESIAN_POINT('',(2.55,0.92,-1.2));
#12722=B_SPLINE_CURVE_WITH_KNOTS('',1,(#12723,#12724),.UNSPECIFIED.,.F.,.U.,(2,2),(-0.027055551,-0.007055551),.PIECEWISE_BEZIER_KNOTS.);
#12723=CARTESIAN_POINT('',(2.55,0.9,-1.2));
#12724=CARTESIAN_POINT('',(2.55,0.92,-1.2));
#12725=ORIENTED_EDGE('',*,*,#12726,.T.);
#12726=EDGE_CURVE('',#12720,#12720,#12727,.T.);
#12727=CIRCLE('',#12728,0.25);
#12728=AXIS2_PLACEMENT_3D('',#12729,#12730,#12731);
#12729=CARTESIAN_POINT('',(2.3,0.92,-1.2));
#12730=DIRECTION('',(0.0,1.0,0.0));
#12731=DIRECTION('',(1.0,0.0,0.0));
#12732=ORIENTED_EDGE('',*,*,#12719,.T.);
#12733=ORIENTED_EDGE('',*,*,#10568,.F.);
#12734=CYLINDRICAL_SURFACE('',#12735,0.25);
#12735=AXIS2_PLACEMENT_3D('',#12736,#12737,#12738);
#12736=CARTESIAN_POINT('',(2.3,0.927055551,-1.2));
#12737=DIRECTION('',(0.0,1.0,0.0));
#12738=DIRECTION('',(-1.0,0.0,0.0));
#12739=ADVANCED_FACE('',(#12740),#12759,.F.);
#12740=FACE_BOUND('',#12741,.T.);
#12741=EDGE_LOOP('',(#12742,#12749,#12750,#12751,#12752));
#12742=ORIENTED_EDGE('',*,*,#12743,.F.);
#12743=EDGE_CURVE('',#10580,#12744,#12746,.T.);
#12744=VERTEX_POINT('',#12745);
#12745=CARTESIAN_POINT('',(1.65,1.2,-1.5));
#12746=B_SPLINE_CURVE_WITH_KNOTS('',1,(#12747,#12748),.UNSPECIFIED.,.F.,.U.,(2,2),(-0.307055551,-0.007055551),.PIECEWISE_BEZIER_KNOTS.);
#12747=CARTESIAN_POINT('',(1.65,0.9,-1.5));
#12748=CARTESIAN_POINT('',(1.65,1.2,-1.5));
#12749=ORIENTED_EDGE('',*,*,#10590,.F.);
#12750=ORIENTED_EDGE('',*,*,#10579,.F.);
#12751=ORIENTED_EDGE('',*,*,#12743,.T.);
#12752=ORIENTED_EDGE('',*,*,#12753,.T.);
#12753=EDGE_CURVE('',#12744,#12744,#12754,.T.);
#12754=CIRCLE('',#12755,0.15);
#12755=AXIS2_PLACEMENT_3D('',#12756,#12757,#12758);
#12756=CARTESIAN_POINT('',(1.8,1.2,-1.5));
#12757=DIRECTION('',(0.0,1.0,0.0));
#12758=DIRECTION('',(-1.0,0.0,0.0));
#12759=CYLINDRICAL_SURFACE('',#12760,0.15);
#12760=AXIS2_PLACEMENT_3D('',#12761,#12762,#12763);
#12761=CARTESIAN_POINT('',(1.8,1.207055551,-1.5));
#12762=DIRECTION('',(0.0,1.0,0.0));
#12763=DIRECTION('',(-1.0,0.0,0.0));
#12764=ADVANCED_FACE('',(#12765),#12783,.F.);
#12765=FACE_BOUND('',#12766,.T.);
#12766=EDGE_LOOP('',(#12767,#12774,#12775,#12776));
#12767=ORIENTED_EDGE('',*,*,#12768,.F.);
#12768=EDGE_CURVE('',#10595,#12769,#12771,.T.);
#12769=VERTEX_POINT('',#12770);
#12770=CARTESIAN_POINT('',(2.95,1.2,-1.5));
#12771=B_SPLINE_CURVE_WITH_KNOTS('',1,(#12772,#12773),.UNSPECIFIED.,.F.,.U.,(2,2),(-0.307055551,-0.007055551),.PIECEWISE_BEZIER_KNOTS.);
#12772=CARTESIAN_POINT('',(2.95,0.9,-1.5));
#12773=CARTESIAN_POINT('',(2.95,1.2,-1.5));
#12774=ORIENTED_EDGE('',*,*,#10594,.F.);
#12775=ORIENTED_EDGE('',*,*,#12768,.T.);
#12776=ORIENTED_EDGE('',*,*,#12777,.T.);
#12777=EDGE_CURVE('',#12769,#12769,#12778,.T.);
#12778=CIRCLE('',#12779,0.15);
#12779=AXIS2_PLACEMENT_3D('',#12780,#12781,#12782);
#12780=CARTESIAN_POINT('',(2.8,1.2,-1.5));
#12781=DIRECTION('',(0.0,1.0,0.0));
#12782=DIRECTION('',(1.0,0.0,0.0));
#12783=CYLINDRICAL_SURFACE('',#12784,0.15);
#12784=AXIS2_PLACEMENT_3D('',#12785,#12786,#12787);
#12785=CARTESIAN_POINT('',(2.8,1.207055551,-1.5));
#12786=DIRECTION('',(0.0,1.0,0.0));
#12787=DIRECTION('',(-1.0,0.0,0.0));
#12788=ADVANCED_FACE('',(#12789),#12792,.F.);
#12789=FACE_BOUND('',#12790,.T.);
#12790=EDGE_LOOP('',(#12791));
#12791=ORIENTED_EDGE('',*,*,#12753,.F.);
#12792=PLANE('',#12793);
#12793=AXIS2_PLACEMENT_3D('',#12794,#12795,#12796);
#12794=CARTESIAN_POINT('',(2.925,1.2,-1.5));
#12795=DIRECTION('',(0.0,1.0,0.0));
#12796=DIRECTION('',(1.0,0.0,0.0));
#12797=ADVANCED_FACE('',(#12798),#12801,.F.);
#12798=FACE_BOUND('',#12799,.T.);
#12799=EDGE_LOOP('',(#12800));
#12800=ORIENTED_EDGE('',*,*,#12777,.F.);
#12801=PLANE('',#12802);
#12802=AXIS2_PLACEMENT_3D('',#12803,#12804,#12805);
#12803=CARTESIAN_POINT('',(2.925,1.2,-1.5));
#12804=DIRECTION('',(0.0,1.0,0.0));
#12805=DIRECTION('',(1.0,0.0,0.0));
#12806=ADVANCED_FACE('',(#12807),#12810,.F.);
#12807=FACE_BOUND('',#12808,.T.);
#12808=EDGE_LOOP('',(#12809));
#12809=ORIENTED_EDGE('',*,*,#12726,.F.);
#12810=PLANE('',#12811);
#12811=AXIS2_PLACEMENT_3D('',#12812,#12813,#12814);
#12812=CARTESIAN_POINT('',(2.3,0.92,-1.2));
#12813=DIRECTION('',(0.0,1.0,0.0));
#12814=DIRECTION('',(1.0,0.0,0.0));
#12815=ADVANCED_FACE('',(#12816),#12820,.F.);
#12816=FACE_BOUND('',#12817,.T.);
#12817=EDGE_LOOP('',(#12818,#12819));
#12818=ORIENTED_EDGE('',*,*,#12687,.F.);
#12819=ORIENTED_EDGE('',*,*,#12705,.F.);
#12820=PLANE('',#12821);
#12821=AXIS2_PLACEMENT_3D('',#12822,#12823,#12824);
#12822=CARTESIAN_POINT('',(2.3,1.2,-1.1));
#12823=DIRECTION('',(0.0,1.0,0.0));
#12824=DIRECTION('',(1.0,0.0,0.0));
#12825=ADVANCED_FACE('',(#12826),#12830,.F.);
#12826=FACE_BOUND('',#12827,.T.);
#12827=EDGE_LOOP('',(#12828,#12829));
#12828=ORIENTED_EDGE('',*,*,#12638,.F.);
#12829=ORIENTED_EDGE('',*,*,#12655,.F.);
#12830=PLANE('',#12831);
#12831=AXIS2_PLACEMENT_3D('',#12832,#12833,#12834);
#12832=CARTESIAN_POINT('',(2.3,1.2,-1.1));
#12833=DIRECTION('',(0.0,1.0,0.0));
#12834=DIRECTION('',(1.0,0.0,0.0));
#12835=ADVANCED_FACE('',(#12836),#12840,.F.);
#12836=FACE_BOUND('',#12837,.T.);
#12837=EDGE_LOOP('',(#12838,#12839));
#12838=ORIENTED_EDGE('',*,*,#12589,.F.);
#12839=ORIENTED_EDGE('',*,*,#12606,.F.);
#12840=PLANE('',#12841);
#12841=AXIS2_PLACEMENT_3D('',#12842,#12843,#12844);
#12842=CARTESIAN_POINT('',(2.3,1.2,-1.1));
#12843=DIRECTION('',(0.0,1.0,0.0));
#12844=DIRECTION('',(1.0,0.0,0.0));
#12845=ADVANCED_FACE('',(#12846),#12850,.F.);
#12846=FACE_BOUND('',#12847,.T.);
#12847=EDGE_LOOP('',(#12848,#12849));
#12848=ORIENTED_EDGE('',*,*,#12540,.F.);
#12849=ORIENTED_EDGE('',*,*,#12558,.F.);
#12850=PLANE('',#12851);
#12851=AXIS2_PLACEMENT_3D('',#12852,#12853,#12854);
#12852=CARTESIAN_POINT('',(2.3,1.2,-1.1));
#12853=DIRECTION('',(0.0,1.0,0.0));
#12854=DIRECTION('',(1.0,0.0,0.0));
#12855=ADVANCED_FACE('',(#12856),#12862,.F.);
#12856=FACE_BOUND('',#12857,.T.);
#12857=EDGE_LOOP('',(#12858,#12859,#12860,#12861));
#12858=ORIENTED_EDGE('',*,*,#12508,.F.);
#12859=ORIENTED_EDGE('',*,*,#12401,.F.);
#12860=ORIENTED_EDGE('',*,*,#12393,.F.);
#12861=ORIENTED_EDGE('',*,*,#12381,.F.);
#12862=PLANE('',#12863);
#12863=AXIS2_PLACEMENT_3D('',#12864,#12865,#12866);
#12864=CARTESIAN_POINT('',(2.3,1.25,-0.25));
#12865=DIRECTION('',(0.0,0.0,1.0));
#12866=DIRECTION('',(1.0,0.0,0.0));
#12867=ADVANCED_FACE('',(#12868),#12874,.F.);
#12868=FACE_BOUND('',#12869,.T.);
#12869=EDGE_LOOP('',(#12870,#12871,#12872,#12873));
#12870=ORIENTED_EDGE('',*,*,#12259,.F.);
#12871=ORIENTED_EDGE('',*,*,#12249,.F.);
#12872=ORIENTED_EDGE('',*,*,#12178,.F.);
#12873=ORIENTED_EDGE('',*,*,#12267,.F.);
#12874=PLANE('',#12875);
#12875=AXIS2_PLACEMENT_3D('',#12876,#12877,#12878);
#12876=CARTESIAN_POINT('',(2.3,1.25,-0.25));
#12877=DIRECTION('',(0.0,0.0,1.0));
#12878=DIRECTION('',(1.0,0.0,0.0));
#12879=ADVANCED_FACE('',(#12880),#12896,.T.);
#12880=FACE_BOUND('',#12881,.T.);
#12881=EDGE_LOOP('',(#12882,#12888,#12889,#12895));
#12882=ORIENTED_EDGE('',*,*,#12883,.T.);
#12883=EDGE_CURVE('',#2342,#3440,#12884,.F.);
#12884=LINE('',#12885,#12886);
#12885=CARTESIAN_POINT('',(1.4475,0.1,-3.0));
#12886=VECTOR('',#12887,1.0);
#12887=DIRECTION('',(0.0,0.0,1.0));
#12888=ORIENTED_EDGE('',*,*,#3439,.F.);
#12889=ORIENTED_EDGE('',*,*,#12890,.T.);
#12890=EDGE_CURVE('',#3432,#2350,#12891,.F.);
#12891=LINE('',#12892,#12893);
#12892=CARTESIAN_POINT('',(0.8525,0.1,-2.9));
#12893=VECTOR('',#12894,1.0);
#12894=DIRECTION('',(0.0,0.0,-1.0));
#12895=ORIENTED_EDGE('',*,*,#2349,.F.);
#12896=PLANE('',#12897);
#12897=AXIS2_PLACEMENT_3D('',#12898,#12899,#12900);
#12898=CARTESIAN_POINT('',(1.15,0.1,-2.625));
#12899=DIRECTION('',(0.0,1.0,0.0));
#12900=DIRECTION('',(1.0,0.0,0.0));
#12901=ADVANCED_FACE('',(#12902),#12914,.F.);
#12902=FACE_BOUND('',#12903,.T.);
#12903=EDGE_LOOP('',(#12904,#12905,#12906,#12907,#12908,#12909,#12910,#12911,#12912,#12913));
#12904=ORIENTED_EDGE('',*,*,#12890,.F.);
#12905=ORIENTED_EDGE('',*,*,#3431,.F.);
#12906=ORIENTED_EDGE('',*,*,#3409,.F.);
#12907=ORIENTED_EDGE('',*,*,#3385,.F.);
#12908=ORIENTED_EDGE('',*,*,#3329,.F.);
#12909=ORIENTED_EDGE('',*,*,#3298,.F.);
#12910=ORIENTED_EDGE('',*,*,#3078,.F.);
#12911=ORIENTED_EDGE('',*,*,#3118,.F.);
#12912=ORIENTED_EDGE('',*,*,#3141,.F.);
#12913=ORIENTED_EDGE('',*,*,#2357,.F.);
#12914=PLANE('',#12915);
#12915=AXIS2_PLACEMENT_3D('',#12916,#12917,#12918);
#12916=CARTESIAN_POINT('',(0.8525,0.447803999,-2.525));
#12917=DIRECTION('',(1.0,0.0,0.0));
#12918=DIRECTION('',(0.0,1.0,0.0));
#12919=ADVANCED_FACE('',(#12920),#12937,.T.);
#12920=FACE_BOUND('',#12921,.T.);
#12921=EDGE_LOOP('',(#12922,#12923,#12924,#12925,#12926,#12927,#12928,#12929,#12930,#12931,#12932,#12933,#12934,#12935,#12936));
#12922=ORIENTED_EDGE('',*,*,#3345,.F.);
#12923=ORIENTED_EDGE('',*,*,#3377,.F.);
#12924=ORIENTED_EDGE('',*,*,#3400,.F.);
#12925=ORIENTED_EDGE('',*,*,#3447,.F.);
#12926=ORIENTED_EDGE('',*,*,#12883,.F.);
#12927=ORIENTED_EDGE('',*,*,#2341,.F.);
#12928=ORIENTED_EDGE('',*,*,#3976,.F.);
#12929=ORIENTED_EDGE('',*,*,#3953,.F.);
#12930=ORIENTED_EDGE('',*,*,#3921,.F.);
#12931=ORIENTED_EDGE('',*,*,#3889,.F.);
#12932=ORIENTED_EDGE('',*,*,#3720,.F.);
#12933=ORIENTED_EDGE('',*,*,#3574,.F.);
#12934=ORIENTED_EDGE('',*,*,#3560,.F.);
#12935=ORIENTED_EDGE('',*,*,#3518,.F.);
#12936=ORIENTED_EDGE('',*,*,#3486,.F.);
#12937=PLANE('',#12938);
#12938=AXIS2_PLACEMENT_3D('',#12939,#12940,#12941);
#12939=CARTESIAN_POINT('',(1.4475,0.65,-1.875));
#12940=DIRECTION('',(1.0,0.0,0.0));
#12941=DIRECTION('',(0.0,1.0,0.0));
#12942=ADVANCED_FACE('',(#12943),#12963,.F.);
#12943=FACE_BOUND('',#12944,.T.);
#12944=EDGE_LOOP('',(#12945,#12946,#12947,#12948,#12949,#12950,#12951,#12952,#12953,#12954,#12955,#12961,#12962));
#12945=ORIENTED_EDGE('',*,*,#3472,.F.);
#12946=ORIENTED_EDGE('',*,*,#3510,.F.);
#12947=ORIENTED_EDGE('',*,*,#3553,.F.);
#12948=ORIENTED_EDGE('',*,*,#4232,.F.);
#12949=ORIENTED_EDGE('',*,*,#3736,.F.);
#12950=ORIENTED_EDGE('',*,*,#3881,.F.);
#12951=ORIENTED_EDGE('',*,*,#3914,.F.);
#12952=ORIENTED_EDGE('',*,*,#3945,.F.);
#12953=ORIENTED_EDGE('',*,*,#3969,.F.);
#12954=ORIENTED_EDGE('',*,*,#2325,.F.);
#12955=ORIENTED_EDGE('',*,*,#12956,.T.);
#12956=EDGE_CURVE('',#2318,#4181,#12957,.T.);
#12957=LINE('',#12958,#12959);
#12958=CARTESIAN_POINT('',(1.45,0.0,-2.9));
#12959=VECTOR('',#12960,1.0);
#12960=DIRECTION('',(0.0,0.0,1.0));
#12961=ORIENTED_EDGE('',*,*,#4198,.F.);
#12962=ORIENTED_EDGE('',*,*,#3990,.F.);
#12963=PLANE('',#12964);
#12964=AXIS2_PLACEMENT_3D('',#12965,#12966,#12967);
#12965=CARTESIAN_POINT('',(1.45,0.65,-1.825));
#12966=DIRECTION('',(1.0,0.0,0.0));
#12967=DIRECTION('',(0.0,1.0,0.0));
#12968=ADVANCED_FACE('',(#12969),#12980,.F.);
#12969=FACE_BOUND('',#12970,.T.);
#12970=EDGE_LOOP('',(#12971,#12972,#12978,#12979));
#12971=ORIENTED_EDGE('',*,*,#2317,.F.);
#12972=ORIENTED_EDGE('',*,*,#12973,.T.);
#12973=EDGE_CURVE('',#2310,#4183,#12974,.F.);
#12974=LINE('',#12975,#12976);
#12975=CARTESIAN_POINT('',(2.0,0.0,-2.25));
#12976=VECTOR('',#12977,1.0);
#12977=DIRECTION('',(0.0,0.0,-1.0));
#12978=ORIENTED_EDGE('',*,*,#4180,.F.);
#12979=ORIENTED_EDGE('',*,*,#12956,.F.);
#12980=PLANE('',#12981);
#12981=AXIS2_PLACEMENT_3D('',#12982,#12983,#12984);
#12982=CARTESIAN_POINT('',(1.725,0.0,-2.575));
#12983=DIRECTION('',(0.0,1.0,0.0));
#12984=DIRECTION('',(1.0,0.0,0.0));
#12985=ADVANCED_FACE('',(#12986),#12996,.T.);
#12986=FACE_BOUND('',#12987,.T.);
#12987=EDGE_LOOP('',(#12988,#12989,#12990,#12991,#12992,#12993,#12994,#12995));
#12988=ORIENTED_EDGE('',*,*,#4190,.F.);
#12989=ORIENTED_EDGE('',*,*,#12973,.F.);
#12990=ORIENTED_EDGE('',*,*,#2309,.F.);
#12991=ORIENTED_EDGE('',*,*,#4394,.F.);
#12992=ORIENTED_EDGE('',*,*,#4361,.F.);
#12993=ORIENTED_EDGE('',*,*,#4304,.F.);
#12994=ORIENTED_EDGE('',*,*,#4254,.F.);
#12995=ORIENTED_EDGE('',*,*,#4006,.F.);
#12996=PLANE('',#12997);
#12997=AXIS2_PLACEMENT_3D('',#12998,#12999,#13000);
#12998=CARTESIAN_POINT('',(2.0,0.296481624,-2.475));
#12999=DIRECTION('',(1.0,0.0,0.0));
#13000=DIRECTION('',(0.0,1.0,0.0));
#13001=ADVANCED_FACE('',(#13002),#13019,.F.);
#13002=FACE_BOUND('',#13003,.T.);
#13003=EDGE_LOOP('',(#13004,#13010,#13011,#13012,#13013,#13014,#13015,#13016,#13017,#13018));
#13004=ORIENTED_EDGE('',*,*,#13005,.T.);
#13005=EDGE_CURVE('',#2286,#4502,#13006,.T.);
#13006=LINE('',#13007,#13008);
#13007=CARTESIAN_POINT('',(2.0025,0.1,-2.9));
#13008=VECTOR('',#13009,1.0);
#13009=DIRECTION('',(0.0,0.0,-1.0));
#13010=ORIENTED_EDGE('',*,*,#4501,.F.);
#13011=ORIENTED_EDGE('',*,*,#4479,.F.);
#13012=ORIENTED_EDGE('',*,*,#4438,.F.);
#13013=ORIENTED_EDGE('',*,*,#4066,.F.);
#13014=ORIENTED_EDGE('',*,*,#4415,.F.);
#13015=ORIENTED_EDGE('',*,*,#4320,.F.);
#13016=ORIENTED_EDGE('',*,*,#4378,.F.);
#13017=ORIENTED_EDGE('',*,*,#4401,.F.);
#13018=ORIENTED_EDGE('',*,*,#2293,.F.);
#13019=PLANE('',#13020);
#13020=AXIS2_PLACEMENT_3D('',#13021,#13022,#13023);
#13021=CARTESIAN_POINT('',(2.0025,0.299423633,-2.525));
#13022=DIRECTION('',(1.0,0.0,0.0));
#13023=DIRECTION('',(0.0,1.0,0.0));
#13024=ADVANCED_FACE('',(#13025),#13036,.T.);
#13025=FACE_BOUND('',#13026,.T.);
#13026=EDGE_LOOP('',(#13027,#13033,#13034,#13035));
#13027=ORIENTED_EDGE('',*,*,#13028,.T.);
#13028=EDGE_CURVE('',#2278,#4510,#13029,.F.);
#13029=LINE('',#13030,#13031);
#13030=CARTESIAN_POINT('',(2.5975,0.1,-3.0));
#13031=VECTOR('',#13032,1.0);
#13032=DIRECTION('',(0.0,0.0,1.0));
#13033=ORIENTED_EDGE('',*,*,#4509,.F.);
#13034=ORIENTED_EDGE('',*,*,#13005,.F.);
#13035=ORIENTED_EDGE('',*,*,#2285,.F.);
#13036=PLANE('',#13037);
#13037=AXIS2_PLACEMENT_3D('',#13038,#13039,#13040);
#13038=CARTESIAN_POINT('',(2.3,0.1,-2.625));
#13039=DIRECTION('',(0.0,1.0,0.0));
#13040=DIRECTION('',(1.0,0.0,0.0));
#13041=ADVANCED_FACE('',(#13042),#13054,.T.);
#13042=FACE_BOUND('',#13043,.T.);
#13043=EDGE_LOOP('',(#13044,#13045,#13046,#13047,#13048,#13049,#13050,#13051,#13052,#13053));
#13044=ORIENTED_EDGE('',*,*,#4679,.F.);
#13045=ORIENTED_EDGE('',*,*,#4656,.F.);
#13046=ORIENTED_EDGE('',*,*,#4573,.F.);
#13047=ORIENTED_EDGE('',*,*,#4541,.F.);
#13048=ORIENTED_EDGE('',*,*,#4082,.F.);
#13049=ORIENTED_EDGE('',*,*,#4455,.F.);
#13050=ORIENTED_EDGE('',*,*,#4470,.F.);
#13051=ORIENTED_EDGE('',*,*,#4517,.F.);
#13052=ORIENTED_EDGE('',*,*,#13028,.F.);
#13053=ORIENTED_EDGE('',*,*,#2277,.F.);
#13054=PLANE('',#13055);
#13055=AXIS2_PLACEMENT_3D('',#13056,#13057,#13058);
#13056=CARTESIAN_POINT('',(2.5975,0.299423633,-2.525));
#13057=DIRECTION('',(1.0,0.0,0.0));
#13058=DIRECTION('',(0.0,1.0,0.0));
#13059=ADVANCED_FACE('',(#13060),#13075,.F.);
#13060=FACE_BOUND('',#13061,.T.);
#13061=EDGE_LOOP('',(#13062,#13063,#13064,#13065,#13066,#13067,#13073,#13074));
#13062=ORIENTED_EDGE('',*,*,#4733,.F.);
#13063=ORIENTED_EDGE('',*,*,#4589,.F.);
#13064=ORIENTED_EDGE('',*,*,#4648,.F.);
#13065=ORIENTED_EDGE('',*,*,#4672,.F.);
#13066=ORIENTED_EDGE('',*,*,#2261,.F.);
#13067=ORIENTED_EDGE('',*,*,#13068,.T.);
#13068=EDGE_CURVE('',#2254,#4695,#13069,.F.);
#13069=LINE('',#13070,#13071);
#13070=CARTESIAN_POINT('',(2.6,0.0,-2.25));
#13071=VECTOR('',#13072,1.0);
#13072=DIRECTION('',(0.0,0.0,-1.0));
#13073=ORIENTED_EDGE('',*,*,#4694,.F.);
#13074=ORIENTED_EDGE('',*,*,#4142,.F.);
#13075=PLANE('',#13076);
#13076=AXIS2_PLACEMENT_3D('',#13077,#13078,#13079);
#13077=CARTESIAN_POINT('',(2.6,0.296481624,-2.475));
#13078=DIRECTION('',(1.0,0.0,0.0));
#13079=DIRECTION('',(0.0,1.0,0.0));
#13080=ADVANCED_FACE('',(#13081),#13092,.F.);
#13081=FACE_BOUND('',#13082,.T.);
#13082=EDGE_LOOP('',(#13083,#13084,#13085,#13086));
#13083=ORIENTED_EDGE('',*,*,#4703,.F.);
#13084=ORIENTED_EDGE('',*,*,#13068,.F.);
#13085=ORIENTED_EDGE('',*,*,#2253,.F.);
#13086=ORIENTED_EDGE('',*,*,#13087,.T.);
#13087=EDGE_CURVE('',#2246,#4704,#13088,.T.);
#13088=LINE('',#13089,#13090);
#13089=CARTESIAN_POINT('',(3.15,0.0,-2.9));
#13090=VECTOR('',#13091,1.0);
#13091=DIRECTION('',(0.0,0.0,1.0));
#13092=PLANE('',#13093);
#13093=AXIS2_PLACEMENT_3D('',#13094,#13095,#13096);
#13094=CARTESIAN_POINT('',(2.875,0.0,-2.575));
#13095=DIRECTION('',(0.0,1.0,0.0));
#13096=DIRECTION('',(1.0,0.0,0.0));
#13097=ADVANCED_FACE('',(#13098),#13113,.T.);
#13098=FACE_BOUND('',#13099,.T.);
#13099=EDGE_LOOP('',(#13100,#13101,#13102,#13103,#13104,#13105,#13106,#13107,#13108,#13109,#13110,#13111,#13112));
#13100=ORIENTED_EDGE('',*,*,#4711,.F.);
#13101=ORIENTED_EDGE('',*,*,#13087,.F.);
#13102=ORIENTED_EDGE('',*,*,#2245,.F.);
#13103=ORIENTED_EDGE('',*,*,#4999,.F.);
#13104=ORIENTED_EDGE('',*,*,#4966,.F.);
#13105=ORIENTED_EDGE('',*,*,#4935,.F.);
#13106=ORIENTED_EDGE('',*,*,#4902,.F.);
#13107=ORIENTED_EDGE('',*,*,#3832,.F.);
#13108=ORIENTED_EDGE('',*,*,#4861,.F.);
#13109=ORIENTED_EDGE('',*,*,#4820,.F.);
#13110=ORIENTED_EDGE('',*,*,#4787,.F.);
#13111=ORIENTED_EDGE('',*,*,#4756,.F.);
#13112=ORIENTED_EDGE('',*,*,#4158,.F.);
#13113=PLANE('',#13114);
#13114=AXIS2_PLACEMENT_3D('',#13115,#13116,#13117);
#13115=CARTESIAN_POINT('',(3.15,0.65,-1.825));
#13116=DIRECTION('',(1.0,0.0,0.0));
#13117=DIRECTION('',(0.0,1.0,0.0));
#13118=ADVANCED_FACE('',(#13119),#13141,.F.);
#13119=FACE_BOUND('',#13120,.T.);
#13120=EDGE_LOOP('',(#13121,#13122,#13123,#13124,#13125,#13126,#13127,#13128,#13129,#13130,#13136,#13137,#13138,#13139,#13140));
#13121=ORIENTED_EDGE('',*,*,#4804,.F.);
#13122=ORIENTED_EDGE('',*,*,#4846,.F.);
#13123=ORIENTED_EDGE('',*,*,#5168,.F.);
#13124=ORIENTED_EDGE('',*,*,#3848,.F.);
#13125=ORIENTED_EDGE('',*,*,#4919,.F.);
#13126=ORIENTED_EDGE('',*,*,#4951,.F.);
#13127=ORIENTED_EDGE('',*,*,#4983,.F.);
#13128=ORIENTED_EDGE('',*,*,#5006,.F.);
#13129=ORIENTED_EDGE('',*,*,#2229,.F.);
#13130=ORIENTED_EDGE('',*,*,#13131,.T.);
#13131=EDGE_CURVE('',#2222,#5131,#13132,.F.);
#13132=LINE('',#13133,#13134);
#13133=CARTESIAN_POINT('',(3.1525,0.1,-3.0));
#13134=VECTOR('',#13135,1.0);
#13135=DIRECTION('',(0.0,0.0,1.0));
#13136=ORIENTED_EDGE('',*,*,#5130,.F.);
#13137=ORIENTED_EDGE('',*,*,#5108,.F.);
#13138=ORIENTED_EDGE('',*,*,#5067,.F.);
#13139=ORIENTED_EDGE('',*,*,#5020,.F.);
#13140=ORIENTED_EDGE('',*,*,#4772,.F.);
#13141=PLANE('',#13142);
#13142=AXIS2_PLACEMENT_3D('',#13143,#13144,#13145);
#13143=CARTESIAN_POINT('',(3.1525,0.65,-1.875));
#13144=DIRECTION('',(1.0,0.0,0.0));
#13145=DIRECTION('',(0.0,1.0,0.0));
#13146=ADVANCED_FACE('',(#13147),#13158,.T.);
#13147=FACE_BOUND('',#13148,.T.);
#13148=EDGE_LOOP('',(#13149,#13155,#13156,#13157));
#13149=ORIENTED_EDGE('',*,*,#13150,.T.);
#13150=EDGE_CURVE('',#2214,#5139,#13151,.T.);
#13151=LINE('',#13152,#13153);
#13152=CARTESIAN_POINT('',(3.7475,0.1,-2.9));
#13153=VECTOR('',#13154,1.0);
#13154=DIRECTION('',(0.0,0.0,-1.0));
#13155=ORIENTED_EDGE('',*,*,#5138,.F.);
#13156=ORIENTED_EDGE('',*,*,#13131,.F.);
#13157=ORIENTED_EDGE('',*,*,#2221,.F.);
#13158=PLANE('',#13159);
#13159=AXIS2_PLACEMENT_3D('',#13160,#13161,#13162);
#13160=CARTESIAN_POINT('',(3.45,0.1,-2.625));
#13161=DIRECTION('',(0.0,1.0,0.0));
#13162=DIRECTION('',(1.0,0.0,0.0));
#13163=ADVANCED_FACE('',(#13164),#13176,.T.);
#13164=FACE_BOUND('',#13165,.T.);
#13165=EDGE_LOOP('',(#13166,#13167,#13168,#13169,#13170,#13171,#13172,#13173,#13174,#13175));
#13166=ORIENTED_EDGE('',*,*,#5326,.F.);
#13167=ORIENTED_EDGE('',*,*,#5303,.F.);
#13168=ORIENTED_EDGE('',*,*,#5223,.F.);
#13169=ORIENTED_EDGE('',*,*,#5184,.F.);
#13170=ORIENTED_EDGE('',*,*,#5036,.F.);
#13171=ORIENTED_EDGE('',*,*,#5084,.F.);
#13172=ORIENTED_EDGE('',*,*,#5099,.F.);
#13173=ORIENTED_EDGE('',*,*,#5146,.F.);
#13174=ORIENTED_EDGE('',*,*,#13150,.F.);
#13175=ORIENTED_EDGE('',*,*,#2213,.F.);
#13176=PLANE('',#13177);
#13177=AXIS2_PLACEMENT_3D('',#13178,#13179,#13180);
#13178=CARTESIAN_POINT('',(3.7475,0.447803999,-2.525));
#13179=DIRECTION('',(1.0,0.0,0.0));
#13180=DIRECTION('',(0.0,1.0,0.0));
#13181=ADVANCED_FACE('',(#13182),#13197,.F.);
#13182=FACE_BOUND('',#13183,.T.);
#13183=EDGE_LOOP('',(#13184,#13185,#13186,#13187,#13188,#13189,#13195,#13196));
#13184=ORIENTED_EDGE('',*,*,#5486,.F.);
#13185=ORIENTED_EDGE('',*,*,#5239,.F.);
#13186=ORIENTED_EDGE('',*,*,#5295,.F.);
#13187=ORIENTED_EDGE('',*,*,#5319,.F.);
#13188=ORIENTED_EDGE('',*,*,#2197,.F.);
#13189=ORIENTED_EDGE('',*,*,#13190,.T.);
#13190=EDGE_CURVE('',#2190,#5431,#13191,.T.);
#13191=LINE('',#13192,#13193);
#13192=CARTESIAN_POINT('',(3.75,0.0,-2.9));
#13193=VECTOR('',#13194,1.0);
#13194=DIRECTION('',(0.0,0.0,1.0));
#13195=ORIENTED_EDGE('',*,*,#5430,.F.);
#13196=ORIENTED_EDGE('',*,*,#5406,.F.);
#13197=PLANE('',#13198);
#13198=AXIS2_PLACEMENT_3D('',#13199,#13200,#13201);
#13199=CARTESIAN_POINT('',(3.75,0.447803999,-2.475));
#13200=DIRECTION('',(1.0,0.0,0.0));
#13201=DIRECTION('',(0.0,1.0,0.0));
#13202=ADVANCED_FACE('',(#13203),#13217,.F.);
#13203=FACE_BOUND('',#13204,.T.);
#13204=EDGE_LOOP('',(#13205,#13206,#13212,#13213,#13214,#13215,#13216));
#13205=ORIENTED_EDGE('',*,*,#2189,.F.);
#13206=ORIENTED_EDGE('',*,*,#13207,.T.);
#13207=EDGE_CURVE('',#2182,#5581,#13208,.T.);
#13208=LINE('',#13209,#13210);
#13209=CARTESIAN_POINT('',(3.9,0.0,-2.9));
#13210=VECTOR('',#13211,1.0);
#13211=DIRECTION('',(0.0,0.0,1.0));
#13212=ORIENTED_EDGE('',*,*,#5580,.F.);
#13213=ORIENTED_EDGE('',*,*,#5542,.F.);
#13214=ORIENTED_EDGE('',*,*,#5502,.F.);
#13215=ORIENTED_EDGE('',*,*,#5439,.F.);
#13216=ORIENTED_EDGE('',*,*,#13190,.F.);
#13217=PLANE('',#13218);
#13218=AXIS2_PLACEMENT_3D('',#13219,#13220,#13221);
#13219=CARTESIAN_POINT('',(4.175,0.0,-2.575));
#13220=DIRECTION('',(0.0,1.0,0.0));
#13221=DIRECTION('',(1.0,0.0,0.0));
#13222=ADVANCED_FACE('',(#13223),#13230,.T.);
#13223=FACE_BOUND('',#13224,.T.);
#13224=EDGE_LOOP('',(#13225,#13226,#13227,#13228,#13229));
#13225=ORIENTED_EDGE('',*,*,#5697,.F.);
#13226=ORIENTED_EDGE('',*,*,#5588,.F.);
#13227=ORIENTED_EDGE('',*,*,#13207,.F.);
#13228=ORIENTED_EDGE('',*,*,#2181,.F.);
#13229=ORIENTED_EDGE('',*,*,#5611,.F.);
#13230=PLANE('',#13231);
#13231=AXIS2_PLACEMENT_3D('',#13232,#13233,#13234);
#13232=CARTESIAN_POINT('',(3.9,0.6,-2.75));
#13233=DIRECTION('',(1.0,0.0,0.0));
#13234=DIRECTION('',(0.0,1.0,0.0));
#13235=ADVANCED_FACE('',(#13236),#13257,.F.);
#13236=FACE_BOUND('',#13237,.T.);
#13237=EDGE_LOOP('',(#13238,#13244,#13245,#13252,#13253,#13254,#13255,#13256));
#13238=ORIENTED_EDGE('',*,*,#13239,.T.);
#13239=EDGE_CURVE('',#2165,#2502,#13240,.T.);
#13240=LINE('',#13241,#13242);
#13241=CARTESIAN_POINT('',(3.55,0.8,-2.9));
#13242=VECTOR('',#13243,1.0);
#13243=DIRECTION('',(0.0,0.0,-1.0));
#13244=ORIENTED_EDGE('',*,*,#2501,.F.);
#13245=ORIENTED_EDGE('',*,*,#13246,.T.);
#13246=EDGE_CURVE('',#2494,#5803,#13247,.F.);
#13247=CIRCLE('',#13248,0.3);
#13248=AXIS2_PLACEMENT_3D('',#13249,#13250,#13251);
#13249=CARTESIAN_POINT('',(3.882155347,0.8,-2.7));
#13250=DIRECTION('',(0.0,1.0,0.0));
#13251=DIRECTION('',(0.409647165,0.0,-0.912244046));
#13252=ORIENTED_EDGE('',*,*,#5802,.F.);
#13253=ORIENTED_EDGE('',*,*,#5754,.F.);
#13254=ORIENTED_EDGE('',*,*,#5713,.F.);
#13255=ORIENTED_EDGE('',*,*,#5619,.F.);
#13256=ORIENTED_EDGE('',*,*,#2173,.F.);
#13257=PLANE('',#13258);
#13258=AXIS2_PLACEMENT_3D('',#13259,#13260,#13261);
#13259=CARTESIAN_POINT('',(3.879387798,0.8,-2.895482358));
#13260=DIRECTION('',(0.0,1.0,0.0));
#13261=DIRECTION('',(1.0,0.0,0.0));
#13262=ADVANCED_FACE('',(#13263),#13274,.T.);
#13263=FACE_BOUND('',#13264,.T.);
#13264=EDGE_LOOP('',(#13265,#13271,#13272,#13273));
#13265=ORIENTED_EDGE('',*,*,#13266,.T.);
#13266=EDGE_CURVE('',#2157,#2510,#13267,.F.);
#13267=LINE('',#13268,#13269);
#13268=CARTESIAN_POINT('',(3.35,1.0,-3.0));
#13269=VECTOR('',#13270,1.0);
#13270=DIRECTION('',(0.0,0.0,1.0));
#13271=ORIENTED_EDGE('',*,*,#2509,.F.);
#13272=ORIENTED_EDGE('',*,*,#13239,.F.);
#13273=ORIENTED_EDGE('',*,*,#2164,.F.);
#13274=CYLINDRICAL_SURFACE('',#13275,0.2);
#13275=AXIS2_PLACEMENT_3D('',#13276,#13277,#13278);
#13276=CARTESIAN_POINT('',(3.55,1.0,-2.892631314));
#13277=DIRECTION('',(0.0,0.0,1.0));
#13278=DIRECTION('',(0.0,-1.0,0.0));
#13279=ADVANCED_FACE('',(#13280),#13291,.F.);
#13280=FACE_BOUND('',#13281,.T.);
#13281=EDGE_LOOP('',(#13282,#13288,#13289,#13290));
#13282=ORIENTED_EDGE('',*,*,#13283,.T.);
#13283=EDGE_CURVE('',#2148,#2519,#13284,.F.);
#13284=LINE('',#13285,#13286);
#13285=CARTESIAN_POINT('',(3.35,1.35,-3.0));
#13286=VECTOR('',#13287,1.0);
#13287=DIRECTION('',(0.0,0.0,1.0));
#13288=ORIENTED_EDGE('',*,*,#2518,.F.);
#13289=ORIENTED_EDGE('',*,*,#13266,.F.);
#13290=ORIENTED_EDGE('',*,*,#2156,.F.);
#13291=PLANE('',#13292);
#13292=AXIS2_PLACEMENT_3D('',#13293,#13294,#13295);
#13293=CARTESIAN_POINT('',(3.35,1.175,-2.95));
#13294=DIRECTION('',(1.0,0.0,0.0));
#13295=DIRECTION('',(0.0,1.0,0.0));
#13296=ADVANCED_FACE('',(#13297),#13308,.F.);
#13297=FACE_BOUND('',#13298,.T.);
#13298=EDGE_LOOP('',(#13299,#13305,#13306,#13307));
#13299=ORIENTED_EDGE('',*,*,#13300,.T.);
#13300=EDGE_CURVE('',#2140,#2527,#13301,.F.);
#13301=LINE('',#13302,#13303);
#13302=CARTESIAN_POINT('',(3.2,1.5,-3.0));
#13303=VECTOR('',#13304,1.0);
#13304=DIRECTION('',(0.0,0.0,1.0));
#13305=ORIENTED_EDGE('',*,*,#2526,.F.);
#13306=ORIENTED_EDGE('',*,*,#13283,.F.);
#13307=ORIENTED_EDGE('',*,*,#2147,.F.);
#13308=CYLINDRICAL_SURFACE('',#13309,0.15);
#13309=AXIS2_PLACEMENT_3D('',#13310,#13311,#13312);
#13310=CARTESIAN_POINT('',(3.2,1.35,-2.892631314));
#13311=DIRECTION('',(0.0,0.0,1.0));
#13312=DIRECTION('',(0.0,1.0,0.0));
#13313=ADVANCED_FACE('',(#13314),#13327,.F.);
#13314=FACE_BOUND('',#13315,.T.);
#13315=EDGE_LOOP('',(#13316,#13317,#13318,#13319,#13325,#13326));
#13316=ORIENTED_EDGE('',*,*,#6323,.F.);
#13317=ORIENTED_EDGE('',*,*,#6223,.F.);
#13318=ORIENTED_EDGE('',*,*,#2139,.F.);
#13319=ORIENTED_EDGE('',*,*,#13320,.T.);
#13320=EDGE_CURVE('',#2132,#6181,#13321,.F.);
#13321=LINE('',#13322,#13323);
#13322=CARTESIAN_POINT('',(3.2,1.45,-2.7));
#13323=VECTOR('',#13324,1.0);
#13324=DIRECTION('',(0.0,0.0,-1.0));
#13325=ORIENTED_EDGE('',*,*,#6180,.F.);
#13326=ORIENTED_EDGE('',*,*,#5875,.F.);
#13327=PLANE('',#13328);
#13328=AXIS2_PLACEMENT_3D('',#13329,#13330,#13331);
#13329=CARTESIAN_POINT('',(3.2,1.775,-2.8));
#13330=DIRECTION('',(1.0,0.0,0.0));
#13331=DIRECTION('',(0.0,1.0,0.0));
#13332=ADVANCED_FACE('',(#13333),#13376,.T.);
#13333=FACE_BOUND('',#13334,.T.);
#13334=EDGE_LOOP('',(#13335,#13336,#13337,#13338,#13339,#13340,#13341,#13342,#13343,#13344,#13345,#13346,#13347,#13348,#13349,#13350,#13351,#13352,#13353,#13354,#13355,#13356,#13357,#13358,#13359,#13360,#13361,#13367,#13368,#13369,#13370,#13371,#13372,#13373,#13374,#13375));
#13335=ORIENTED_EDGE('',*,*,#6467,.F.);
#13336=ORIENTED_EDGE('',*,*,#7247,.F.);
#13337=ORIENTED_EDGE('',*,*,#7232,.F.);
#13338=ORIENTED_EDGE('',*,*,#7200,.F.);
#13339=ORIENTED_EDGE('',*,*,#7168,.F.);
#13340=ORIENTED_EDGE('',*,*,#7136,.F.);
#13341=ORIENTED_EDGE('',*,*,#7104,.F.);
#13342=ORIENTED_EDGE('',*,*,#7072,.F.);
#13343=ORIENTED_EDGE('',*,*,#7040,.F.);
#13344=ORIENTED_EDGE('',*,*,#7008,.F.);
#13345=ORIENTED_EDGE('',*,*,#6976,.F.);
#13346=ORIENTED_EDGE('',*,*,#6944,.F.);
#13347=ORIENTED_EDGE('',*,*,#6912,.F.);
#13348=ORIENTED_EDGE('',*,*,#6865,.F.);
#13349=ORIENTED_EDGE('',*,*,#6708,.F.);
#13350=ORIENTED_EDGE('',*,*,#6840,.F.);
#13351=ORIENTED_EDGE('',*,*,#6810,.F.);
#13352=ORIENTED_EDGE('',*,*,#6778,.F.);
#13353=ORIENTED_EDGE('',*,*,#6731,.F.);
#13354=ORIENTED_EDGE('',*,*,#6685,.F.);
#13355=ORIENTED_EDGE('',*,*,#6661,.F.);
#13356=ORIENTED_EDGE('',*,*,#6637,.F.);
#13357=ORIENTED_EDGE('',*,*,#6613,.F.);
#13358=ORIENTED_EDGE('',*,*,#6188,.F.);
#13359=ORIENTED_EDGE('',*,*,#13320,.F.);
#13360=ORIENTED_EDGE('',*,*,#2131,.F.);
#13361=ORIENTED_EDGE('',*,*,#13362,.T.);
#13362=EDGE_CURVE('',#2124,#6590,#13363,.T.);
#13363=LINE('',#13364,#13365);
#13364=CARTESIAN_POINT('',(1.4,1.45,-2.9));
#13365=VECTOR('',#13366,1.0);
#13366=DIRECTION('',(0.0,0.0,1.0));
#13367=ORIENTED_EDGE('',*,*,#6589,.F.);
#13368=ORIENTED_EDGE('',*,*,#6565,.F.);
#13369=ORIENTED_EDGE('',*,*,#6541,.F.);
#13370=ORIENTED_EDGE('',*,*,#6517,.F.);
#13371=ORIENTED_EDGE('',*,*,#6493,.F.);
#13372=ORIENTED_EDGE('',*,*,#6444,.F.);
#13373=ORIENTED_EDGE('',*,*,#6429,.F.);
#13374=ORIENTED_EDGE('',*,*,#6397,.F.);
#13375=ORIENTED_EDGE('',*,*,#6365,.F.);
#13376=PLANE('',#13377);
#13377=AXIS2_PLACEMENT_3D('',#13378,#13379,#13380);
#13378=CARTESIAN_POINT('',(2.3,1.45,-2.0));
#13379=DIRECTION('',(0.0,1.0,0.0));
#13380=DIRECTION('',(1.0,0.0,0.0));
#13381=ADVANCED_FACE('',(#13382),#13390,.T.);
#13382=FACE_BOUND('',#13383,.T.);
#13383=EDGE_LOOP('',(#13384,#13385,#13386,#13387,#13388,#13389));
#13384=ORIENTED_EDGE('',*,*,#6597,.F.);
#13385=ORIENTED_EDGE('',*,*,#13362,.F.);
#13386=ORIENTED_EDGE('',*,*,#2123,.F.);
#13387=ORIENTED_EDGE('',*,*,#6211,.F.);
#13388=ORIENTED_EDGE('',*,*,#2748,.F.);
#13389=ORIENTED_EDGE('',*,*,#6049,.F.);
#13390=PLANE('',#13391);
#13391=AXIS2_PLACEMENT_3D('',#13392,#13393,#13394);
#13392=CARTESIAN_POINT('',(1.4,1.775,-2.8));
#13393=DIRECTION('',(1.0,0.0,0.0));
#13394=DIRECTION('',(0.0,1.0,0.0));
#13395=ADVANCED_FACE('',(#13396),#13412,.F.);
#13396=FACE_BOUND('',#13397,.T.);
#13397=EDGE_LOOP('',(#13398,#13404,#13405,#13411));
#13398=ORIENTED_EDGE('',*,*,#13399,.T.);
#13399=EDGE_CURVE('',#2107,#2544,#13400,.F.);
#13400=LINE('',#13401,#13402);
#13401=CARTESIAN_POINT('',(1.25,1.35,-3.0));
#13402=VECTOR('',#13403,1.0);
#13403=DIRECTION('',(0.0,0.0,1.0));
#13404=ORIENTED_EDGE('',*,*,#2543,.F.);
#13405=ORIENTED_EDGE('',*,*,#13406,.T.);
#13406=EDGE_CURVE('',#2536,#2115,#13407,.T.);
#13407=LINE('',#13408,#13409);
#13408=CARTESIAN_POINT('',(1.4,1.5,-3.0));
#13409=VECTOR('',#13410,1.0);
#13410=DIRECTION('',(0.0,0.0,1.0));
#13411=ORIENTED_EDGE('',*,*,#2114,.F.);
#13412=CYLINDRICAL_SURFACE('',#13413,0.15);
#13413=AXIS2_PLACEMENT_3D('',#13414,#13415,#13416);
#13414=CARTESIAN_POINT('',(1.4,1.35,-3.007368686));
#13415=DIRECTION('',(0.0,0.0,-1.0));
#13416=DIRECTION('',(0.0,1.0,0.0));
#13417=ADVANCED_FACE('',(#13418),#13424,.T.);
#13418=FACE_BOUND('',#13419,.T.);
#13419=EDGE_LOOP('',(#13420,#13421,#13422,#13423));
#13420=ORIENTED_EDGE('',*,*,#2400,.F.);
#13421=ORIENTED_EDGE('',*,*,#2552,.F.);
#13422=ORIENTED_EDGE('',*,*,#13399,.F.);
#13423=ORIENTED_EDGE('',*,*,#2106,.F.);
#13424=PLANE('',#13425);
#13425=AXIS2_PLACEMENT_3D('',#13426,#13427,#13428);
#13426=CARTESIAN_POINT('',(1.25,1.175,-2.95));
#13427=DIRECTION('',(1.0,0.0,0.0));
#13428=DIRECTION('',(0.0,1.0,0.0));
#13429=ADVANCED_FACE('',(#13430),#13436,.F.);
#13430=FACE_BOUND('',#13431,.T.);
#13431=EDGE_LOOP('',(#13432,#13433,#13434,#13435));
#13432=ORIENTED_EDGE('',*,*,#6217,.F.);
#13433=ORIENTED_EDGE('',*,*,#13406,.F.);
#13434=ORIENTED_EDGE('',*,*,#2535,.F.);
#13435=ORIENTED_EDGE('',*,*,#13300,.F.);
#13436=PLANE('',#13437);
#13437=AXIS2_PLACEMENT_3D('',#13438,#13439,#13440);
#13438=CARTESIAN_POINT('',(2.3,1.5,-2.95));
#13439=DIRECTION('',(0.0,1.0,0.0));
#13440=DIRECTION('',(1.0,0.0,0.0));
#13441=ADVANCED_FACE('',(#13442),#13455,.T.);
#13442=FACE_BOUND('',#13443,.T.);
#13443=EDGE_LOOP('',(#13444,#13445,#13446,#13447,#13454));
#13444=ORIENTED_EDGE('',*,*,#5810,.F.);
#13445=ORIENTED_EDGE('',*,*,#13246,.F.);
#13446=ORIENTED_EDGE('',*,*,#2493,.F.);
#13447=ORIENTED_EDGE('',*,*,#13448,.T.);
#13448=EDGE_CURVE('',#2486,#5674,#13449,.T.);
#13449=CIRCLE('',#13450,0.3);
#13450=AXIS2_PLACEMENT_3D('',#13451,#13452,#13453);
#13451=CARTESIAN_POINT('',(3.882155347,1.2,-2.7));
#13452=DIRECTION('',(0.0,-1.0,0.0));
#13453=DIRECTION('',(0.0,0.0,-1.0));
#13454=ORIENTED_EDGE('',*,*,#5673,.F.);
#13455=CYLINDRICAL_SURFACE('',#13456,0.3);
#13456=AXIS2_PLACEMENT_3D('',#13457,#13458,#13459);
#13457=CARTESIAN_POINT('',(3.882155347,0.792,-2.7));
#13458=DIRECTION('',(0.0,-1.0,0.0));
#13459=DIRECTION('',(0.409647165,0.0,-0.912244046));
#13460=ADVANCED_FACE('',(#13461),#13473,.T.);
#13461=FACE_BOUND('',#13462,.T.);
#13462=EDGE_LOOP('',(#13463,#13464,#13465,#13466,#13472));
#13463=ORIENTED_EDGE('',*,*,#7333,.F.);
#13464=ORIENTED_EDGE('',*,*,#13448,.F.);
#13465=ORIENTED_EDGE('',*,*,#2485,.F.);
#13466=ORIENTED_EDGE('',*,*,#13467,.T.);
#13467=EDGE_CURVE('',#2477,#7295,#13468,.T.);
#13468=LINE('',#13469,#13470);
#13469=CARTESIAN_POINT('',(3.85,1.2,-3.0));
#13470=VECTOR('',#13471,1.0);
#13471=DIRECTION('',(0.0,0.0,1.0));
#13472=ORIENTED_EDGE('',*,*,#7294,.F.);
#13473=PLANE('',#13474);
#13474=AXIS2_PLACEMENT_3D('',#13475,#13476,#13477);
#13475=CARTESIAN_POINT('',(4.029387798,1.2,-2.895482358));
#13476=DIRECTION('',(0.0,1.0,0.0));
#13477=DIRECTION('',(1.0,0.0,0.0));
#13478=ADVANCED_FACE('',(#13479),#13490,.F.);
#13479=FACE_BOUND('',#13480,.T.);
#13480=EDGE_LOOP('',(#13481,#13482,#13483,#13489));
#13481=ORIENTED_EDGE('',*,*,#13467,.F.);
#13482=ORIENTED_EDGE('',*,*,#2476,.F.);
#13483=ORIENTED_EDGE('',*,*,#13484,.T.);
#13484=EDGE_CURVE('',#2468,#7303,#13485,.F.);
#13485=LINE('',#13486,#13487);
#13486=CARTESIAN_POINT('',(3.8,1.38660254,-2.9));
#13487=VECTOR('',#13488,1.0);
#13488=DIRECTION('',(0.0,0.0,-1.0));
#13489=ORIENTED_EDGE('',*,*,#7302,.F.);
#13490=CYLINDRICAL_SURFACE('',#13491,0.1);
#13491=AXIS2_PLACEMENT_3D('',#13492,#13493,#13494);
#13492=CARTESIAN_POINT('',(3.85,1.3,-2.892631314));
#13493=DIRECTION('',(0.0,0.0,1.0));
#13494=DIRECTION('',(-1.0,0.0,0.0));
#13495=ADVANCED_FACE('',(#13496),#13507,.T.);
#13496=FACE_BOUND('',#13497,.T.);
#13497=EDGE_LOOP('',(#13498,#13499,#13500,#13506));
#13498=ORIENTED_EDGE('',*,*,#13484,.F.);
#13499=ORIENTED_EDGE('',*,*,#2467,.F.);
#13500=ORIENTED_EDGE('',*,*,#13501,.T.);
#13501=EDGE_CURVE('',#2460,#7278,#13502,.T.);
#13502=LINE('',#13503,#13504);
#13503=CARTESIAN_POINT('',(3.85,1.473205081,-3.0));
#13504=VECTOR('',#13505,1.0);
#13505=DIRECTION('',(0.0,0.0,1.0));
#13506=ORIENTED_EDGE('',*,*,#7311,.F.);
#13507=CYLINDRICAL_SURFACE('',#13508,0.1);
#13508=AXIS2_PLACEMENT_3D('',#13509,#13510,#13511);
#13509=CARTESIAN_POINT('',(3.75,1.473205081,-2.892631314));
#13510=DIRECTION('',(0.0,0.0,1.0));
#13511=DIRECTION('',(1.0,0.0,0.0));
#13512=ADVANCED_FACE('',(#13513),#13540,.T.);
#13513=FACE_BOUND('',#13514,.T.);
#13514=EDGE_LOOP('',(#13515,#13516,#13517,#13524,#13530,#13531,#13538,#13539));
#13515=ORIENTED_EDGE('',*,*,#13501,.F.);
#13516=ORIENTED_EDGE('',*,*,#2459,.F.);
#13517=ORIENTED_EDGE('',*,*,#13518,.T.);
#13518=EDGE_CURVE('',#2452,#10062,#13519,.F.);
#13519=CIRCLE('',#13520,0.2);
#13520=AXIS2_PLACEMENT_3D('',#13521,#13522,#13523);
#13521=CARTESIAN_POINT('',(3.85,2.0,-2.8));
#13522=DIRECTION('',(-1.0,0.0,0.0));
#13523=DIRECTION('',(0.0,0.968245837,-0.25));
#13524=ORIENTED_EDGE('',*,*,#13525,.T.);
#13525=EDGE_CURVE('',#10062,#5851,#13526,.F.);
#13526=LINE('',#13527,#13528);
#13527=CARTESIAN_POINT('',(3.85,2.1,-2.85));
#13528=VECTOR('',#13529,1.0);
#13529=DIRECTION('',(0.0,1.0,0.0));
#13530=ORIENTED_EDGE('',*,*,#5850,.F.);
#13531=ORIENTED_EDGE('',*,*,#13532,.T.);
#13532=EDGE_CURVE('',#5843,#6240,#13533,.F.);
#13533=CIRCLE('',#13534,0.1);
#13534=AXIS2_PLACEMENT_3D('',#13535,#13536,#13537);
#13535=CARTESIAN_POINT('',(3.85,2.0,-2.8));
#13536=DIRECTION('',(1.0,0.0,0.0));
#13537=DIRECTION('',(0.0,0.0,-1.0));
#13538=ORIENTED_EDGE('',*,*,#6239,.F.);
#13539=ORIENTED_EDGE('',*,*,#7277,.F.);
#13540=PLANE('',#13541);
#13541=AXIS2_PLACEMENT_3D('',#13542,#13543,#13544);
#13542=CARTESIAN_POINT('',(3.85,1.833427124,-2.9));
#13543=DIRECTION('',(1.0,0.0,0.0));
#13544=DIRECTION('',(0.0,1.0,0.0));
#13545=ADVANCED_FACE('',(#13546),#13560,.T.);
#13546=FACE_BOUND('',#13547,.T.);
#13547=EDGE_LOOP('',(#13548,#13549,#13550,#13551,#13552,#13553));
#13548=ORIENTED_EDGE('',*,*,#10086,.F.);
#13549=ORIENTED_EDGE('',*,*,#10012,.F.);
#13550=ORIENTED_EDGE('',*,*,#10061,.F.);
#13551=ORIENTED_EDGE('',*,*,#13518,.F.);
#13552=ORIENTED_EDGE('',*,*,#2451,.F.);
#13553=ORIENTED_EDGE('',*,*,#13554,.T.);
#13554=EDGE_CURVE('',#2444,#10087,#13555,.T.);
#13555=CIRCLE('',#13556,0.2);
#13556=AXIS2_PLACEMENT_3D('',#13557,#13558,#13559);
#13557=CARTESIAN_POINT('',(0.75,2.0,-2.8));
#13558=DIRECTION('',(1.0,0.0,0.0));
#13559=DIRECTION('',(0.0,0.0,-1.0));
#13560=CYLINDRICAL_SURFACE('',#13561,0.2);
#13561=AXIS2_PLACEMENT_3D('',#13562,#13563,#13564);
#13562=CARTESIAN_POINT('',(3.912,2.0,-2.8));
#13563=DIRECTION('',(1.0,0.0,0.0));
#13564=DIRECTION('',(0.0,1.0,0.0));
#13565=ADVANCED_FACE('',(#13566),#13587,.F.);
#13566=FACE_BOUND('',#13567,.T.);
#13567=EDGE_LOOP('',(#13568,#13569,#13576,#13577,#13578,#13579,#13580,#13586));
#13568=ORIENTED_EDGE('',*,*,#6255,.F.);
#13569=ORIENTED_EDGE('',*,*,#13570,.T.);
#13570=EDGE_CURVE('',#6248,#5835,#13571,.F.);
#13571=CIRCLE('',#13572,0.1);
#13572=AXIS2_PLACEMENT_3D('',#13573,#13574,#13575);
#13573=CARTESIAN_POINT('',(0.75,2.0,-2.8));
#13574=DIRECTION('',(-1.0,0.0,0.0));
#13575=DIRECTION('',(0.0,1.0,0.0));
#13576=ORIENTED_EDGE('',*,*,#5834,.F.);
#13577=ORIENTED_EDGE('',*,*,#10168,.F.);
#13578=ORIENTED_EDGE('',*,*,#13554,.F.);
#13579=ORIENTED_EDGE('',*,*,#2443,.F.);
#13580=ORIENTED_EDGE('',*,*,#13581,.T.);
#13581=EDGE_CURVE('',#2435,#10110,#13582,.T.);
#13582=LINE('',#13583,#13584);
#13583=CARTESIAN_POINT('',(0.75,1.473205081,-3.0));
#13584=VECTOR('',#13585,1.0);
#13585=DIRECTION('',(0.0,0.0,1.0));
#13586=ORIENTED_EDGE('',*,*,#10137,.F.);
#13587=PLANE('',#13588);
#13588=AXIS2_PLACEMENT_3D('',#13589,#13590,#13591);
#13589=CARTESIAN_POINT('',(0.75,1.833427124,-2.9));
#13590=DIRECTION('',(1.0,0.0,0.0));
#13591=DIRECTION('',(0.0,1.0,0.0));
#13592=ADVANCED_FACE('',(#13593),#13604,.T.);
#13593=FACE_BOUND('',#13594,.T.);
#13594=EDGE_LOOP('',(#13595,#13596,#13597,#13603));
#13595=ORIENTED_EDGE('',*,*,#13581,.F.);
#13596=ORIENTED_EDGE('',*,*,#2434,.F.);
#13597=ORIENTED_EDGE('',*,*,#13598,.T.);
#13598=EDGE_CURVE('',#2426,#10112,#13599,.T.);
#13599=LINE('',#13600,#13601);
#13600=CARTESIAN_POINT('',(0.8,1.38660254,-3.0));
#13601=VECTOR('',#13602,1.0);
#13602=DIRECTION('',(0.0,0.0,1.0));
#13603=ORIENTED_EDGE('',*,*,#10109,.F.);
#13604=CYLINDRICAL_SURFACE('',#13605,0.1);
#13605=AXIS2_PLACEMENT_3D('',#13606,#13607,#13608);
#13606=CARTESIAN_POINT('',(0.85,1.473205081,-3.007368686));
#13607=DIRECTION('',(0.0,0.0,-1.0));
#13608=DIRECTION('',(-1.0,0.0,0.0));
#13609=ADVANCED_FACE('',(#13610),#13621,.F.);
#13610=FACE_BOUND('',#13611,.T.);
#13611=EDGE_LOOP('',(#13612,#13613,#13614,#13620));
#13612=ORIENTED_EDGE('',*,*,#13598,.F.);
#13613=ORIENTED_EDGE('',*,*,#2425,.F.);
#13614=ORIENTED_EDGE('',*,*,#13615,.T.);
#13615=EDGE_CURVE('',#2418,#10121,#13616,.F.);
#13616=LINE('',#13617,#13618);
#13617=CARTESIAN_POINT('',(0.75,1.2,-2.9));
#13618=VECTOR('',#13619,1.0);
#13619=DIRECTION('',(0.0,0.0,-1.0));
#13620=ORIENTED_EDGE('',*,*,#10120,.F.);
#13621=CYLINDRICAL_SURFACE('',#13622,0.1);
#13622=AXIS2_PLACEMENT_3D('',#13623,#13624,#13625);
#13623=CARTESIAN_POINT('',(0.75,1.3,-2.892631314));
#13624=DIRECTION('',(0.0,0.0,1.0));
#13625=DIRECTION('',(-1.0,0.0,0.0));
#13626=ADVANCED_FACE('',(#13627),#13634,.T.);
#13627=FACE_BOUND('',#13628,.T.);
#13628=EDGE_LOOP('',(#13629,#13630,#13631,#13632,#13633));
#13629=ORIENTED_EDGE('',*,*,#13615,.F.);
#13630=ORIENTED_EDGE('',*,*,#2415,.F.);
#13631=ORIENTED_EDGE('',*,*,#2574,.F.);
#13632=ORIENTED_EDGE('',*,*,#2734,.F.);
#13633=ORIENTED_EDGE('',*,*,#10129,.F.);
#13634=PLANE('',#13635);
#13635=AXIS2_PLACEMENT_3D('',#13636,#13637,#13638);
#13636=CARTESIAN_POINT('',(0.570612202,1.2,-2.895482358));
#13637=DIRECTION('',(0.0,1.0,0.0));
#13638=DIRECTION('',(1.0,0.0,0.0));
#13639=ADVANCED_FACE('',(#13640),#13657,.F.);
#13640=FACE_BOUND('',#13641,.T.);
#13641=EDGE_LOOP('',(#13642,#13648,#13649,#13650,#13656));
#13642=ORIENTED_EDGE('',*,*,#13643,.T.);
#13643=EDGE_CURVE('',#2871,#1969,#13644,.F.);
#13644=LINE('',#13645,#13646);
#13645=CARTESIAN_POINT('',(0.1,1.2,-2.6));
#13646=VECTOR('',#13647,1.0);
#13647=DIRECTION('',(-0.577350269,0.577350269,0.577350269));
#13648=ORIENTED_EDGE('',*,*,#2035,.F.);
#13649=ORIENTED_EDGE('',*,*,#2067,.F.);
#13650=ORIENTED_EDGE('',*,*,#13651,.T.);
#13651=EDGE_CURVE('',#2060,#2873,#13652,.F.);
#13652=LINE('',#13653,#13654);
#13653=CARTESIAN_POINT('',(0.0,0.058578644,-2.5));
#13654=VECTOR('',#13655,1.0);
#13655=DIRECTION('',(0.0,-1.0,0.0));
#13656=ORIENTED_EDGE('',*,*,#2870,.F.);
#13657=PLANE('',#13658);
#13658=AXIS2_PLACEMENT_3D('',#13659,#13660,#13661);
#13659=CARTESIAN_POINT('',(0.05,0.65,-2.55));
#13660=DIRECTION('',(0.707106781,0.0,0.707106781));
#13661=DIRECTION('',(0.0,-1.0,0.0));
#13662=ADVANCED_FACE('',(#13663),#13679,.T.);
#13663=FACE_BOUND('',#13664,.T.);
#13664=EDGE_LOOP('',(#13665,#13672,#13673,#13674,#13675,#13676,#13677,#13678));
#13665=ORIENTED_EDGE('',*,*,#13666,.T.);
#13666=EDGE_CURVE('',#2977,#2050,#13667,.F.);
#13667=CIRCLE('',#13668,0.2);
#13668=AXIS2_PLACEMENT_3D('',#13669,#13670,#13671);
#13669=CARTESIAN_POINT('',(0.85,0.2,-2.25));
#13670=DIRECTION('',(-1.0,0.0,0.0));
#13671=DIRECTION('',(0.0,-1.0,0.0));
#13672=ORIENTED_EDGE('',*,*,#2083,.F.);
#13673=ORIENTED_EDGE('',*,*,#2373,.F.);
#13674=ORIENTED_EDGE('',*,*,#3134,.F.);
#13675=ORIENTED_EDGE('',*,*,#3101,.F.);
#13676=ORIENTED_EDGE('',*,*,#3062,.F.);
#13677=ORIENTED_EDGE('',*,*,#2998,.F.);
#13678=ORIENTED_EDGE('',*,*,#2984,.F.);
#13679=PLANE('',#13680);
#13680=AXIS2_PLACEMENT_3D('',#13681,#13682,#13683);
#13681=CARTESIAN_POINT('',(0.85,0.447803999,-2.475));
#13682=DIRECTION('',(1.0,0.0,0.0));
#13683=DIRECTION('',(0.0,1.0,0.0));
#13684=ADVANCED_FACE('',(#13685),#13698,.F.);
#13685=FACE_BOUND('',#13686,.T.);
#13686=EDGE_LOOP('',(#13687,#13688,#13689,#13690,#13697));
#13687=ORIENTED_EDGE('',*,*,#3220,.F.);
#13688=ORIENTED_EDGE('',*,*,#13651,.F.);
#13689=ORIENTED_EDGE('',*,*,#2059,.F.);
#13690=ORIENTED_EDGE('',*,*,#13691,.T.);
#13691=EDGE_CURVE('',#2052,#3156,#13692,.F.);
#13692=CIRCLE('',#13693,0.2);
#13693=AXIS2_PLACEMENT_3D('',#13694,#13695,#13696);
#13694=CARTESIAN_POINT('',(0.0,0.2,-2.25));
#13695=DIRECTION('',(1.0,0.0,0.0));
#13696=DIRECTION('',(0.0,-0.75,0.661437828));
#13697=ORIENTED_EDGE('',*,*,#3189,.F.);
#13698=PLANE('',#13699);
#13699=AXIS2_PLACEMENT_3D('',#13700,#13701,#13702);
#13700=CARTESIAN_POINT('',(0.0,0.95,-2.525));
#13701=DIRECTION('',(1.0,0.0,0.0));
#13702=DIRECTION('',(0.0,1.0,0.0));
#13703=ADVANCED_FACE('',(#13704),#13712,.T.);
#13704=FACE_BOUND('',#13705,.T.);
#13705=EDGE_LOOP('',(#13706,#13707,#13708,#13709,#13710,#13711));
#13706=ORIENTED_EDGE('',*,*,#13691,.F.);
#13707=ORIENTED_EDGE('',*,*,#2049,.F.);
#13708=ORIENTED_EDGE('',*,*,#13666,.F.);
#13709=ORIENTED_EDGE('',*,*,#2976,.F.);
#13710=ORIENTED_EDGE('',*,*,#3259,.F.);
#13711=ORIENTED_EDGE('',*,*,#3244,.F.);
#13712=CYLINDRICAL_SURFACE('',#13713,0.2);
#13713=AXIS2_PLACEMENT_3D('',#13714,#13715,#13716);
#13714=CARTESIAN_POINT('',(-0.092,0.2,-2.25));
#13715=DIRECTION('',(-1.0,0.0,0.0));
#13716=DIRECTION('',(0.0,0.0,1.0));
#13717=ADVANCED_FACE('',(#13718),#13725,.F.);
#13718=FACE_BOUND('',#13719,.T.);
#13719=EDGE_LOOP('',(#13720,#13721,#13722,#13723,#13724));
#13720=ORIENTED_EDGE('',*,*,#2830,.F.);
#13721=ORIENTED_EDGE('',*,*,#2679,.F.);
#13722=ORIENTED_EDGE('',*,*,#1976,.F.);
#13723=ORIENTED_EDGE('',*,*,#13643,.F.);
#13724=ORIENTED_EDGE('',*,*,#2904,.F.);
#13725=PLANE('',#13726);
#13726=AXIS2_PLACEMENT_3D('',#13727,#13728,#13729);
#13727=CARTESIAN_POINT('',(0.05,1.25,-2.75));
#13728=DIRECTION('',(0.707106781,0.707106781,0.0));
#13729=DIRECTION('',(0.0,0.0,-1.0));
#13730=ADVANCED_FACE('',(#13731),#13737,.F.);
#13731=FACE_BOUND('',#13732,.T.);
#13732=EDGE_LOOP('',(#13733,#13734,#13735,#13736));
#13733=ORIENTED_EDGE('',*,*,#13532,.F.);
#13734=ORIENTED_EDGE('',*,*,#5842,.F.);
#13735=ORIENTED_EDGE('',*,*,#13570,.F.);
#13736=ORIENTED_EDGE('',*,*,#6247,.F.);
#13737=CYLINDRICAL_SURFACE('',#13738,0.1);
#13738=AXIS2_PLACEMENT_3D('',#13739,#13740,#13741);
#13739=CARTESIAN_POINT('',(0.688,2.0,-2.8));
#13740=DIRECTION('',(-1.0,0.0,0.0));
#13741=DIRECTION('',(0.0,0.0,-1.0));
#13742=ADVANCED_FACE('',(#13743),#13752,.F.);
#13743=FACE_BOUND('',#13744,.T.);
#13744=EDGE_LOOP('',(#13745,#13746,#13747,#13748,#13749,#13750,#13751));
#13745=ORIENTED_EDGE('',*,*,#5858,.F.);
#13746=ORIENTED_EDGE('',*,*,#13525,.F.);
#13747=ORIENTED_EDGE('',*,*,#10071,.F.);
#13748=ORIENTED_EDGE('',*,*,#9995,.F.);
#13749=ORIENTED_EDGE('',*,*,#8180,.F.);
#13750=ORIENTED_EDGE('',*,*,#7849,.F.);
#13751=ORIENTED_EDGE('',*,*,#7875,.F.);
#13752=CYLINDRICAL_SURFACE('',#13753,0.15);
#13753=AXIS2_PLACEMENT_3D('',#13754,#13755,#13756);
#13754=CARTESIAN_POINT('',(4.0,2.092631314,-2.85));
#13755=DIRECTION('',(0.0,-1.0,0.0));
#13756=DIRECTION('',(1.0,0.0,0.0));
#13757=ADVANCED_FACE('',(#13758),#13764,.T.);
#13758=FACE_BOUND('',#13759,.T.);
#13759=EDGE_LOOP('',(#13760,#13761,#13762,#13763));
#13760=ORIENTED_EDGE('',*,*,#7568,.F.);
#13761=ORIENTED_EDGE('',*,*,#1327,.F.);
#13762=ORIENTED_EDGE('',*,*,#7542,.F.);
#13763=ORIENTED_EDGE('',*,*,#6093,.F.);
#13764=PLANE('',#13765);
#13765=AXIS2_PLACEMENT_3D('',#13766,#13767,#13768);
#13766=CARTESIAN_POINT('',(3.65,1.975,-1.5));
#13767=DIRECTION('',(1.0,0.0,0.0));
#13768=DIRECTION('',(0.0,1.0,0.0));
#13769=ADVANCED_FACE('',(#13770),#13782,.F.);
#13770=FACE_BOUND('',#13771,.T.);
#13771=EDGE_LOOP('',(#13772,#13773,#13779,#13780,#13781));
#13772=ORIENTED_EDGE('',*,*,#10800,.F.);
#13773=ORIENTED_EDGE('',*,*,#13774,.T.);
#13774=EDGE_CURVE('',#10793,#10283,#13775,.T.);
#13775=LINE('',#13776,#13777);
#13776=CARTESIAN_POINT('',(0.0,2.0,-2.1));
#13777=VECTOR('',#13778,1.0);
#13778=DIRECTION('',(0.0,0.0,-1.0));
#13779=ORIENTED_EDGE('',*,*,#10282,.F.);
#13780=ORIENTED_EDGE('',*,*,#10200,.F.);
#13781=ORIENTED_EDGE('',*,*,#10242,.F.);
#13782=CYLINDRICAL_SURFACE('',#13783,0.1);
#13783=AXIS2_PLACEMENT_3D('',#13784,#13785,#13786);
#13784=CARTESIAN_POINT('',(0.1,2.0,-2.814));
#13785=DIRECTION('',(0.0,0.0,-1.0));
#13786=DIRECTION('',(0.0,1.0,0.0));
#13787=ADVANCED_FACE('',(#13788),#13794,.T.);
#13788=FACE_BOUND('',#13789,.T.);
#13789=EDGE_LOOP('',(#13790,#13791,#13792,#13793));
#13790=ORIENTED_EDGE('',*,*,#10760,.F.);
#13791=ORIENTED_EDGE('',*,*,#10781,.F.);
#13792=ORIENTED_EDGE('',*,*,#9945,.F.);
#13793=ORIENTED_EDGE('',*,*,#10272,.F.);
#13794=CYLINDRICAL_SURFACE('',#13795,0.2);
#13795=AXIS2_PLACEMENT_3D('',#13796,#13797,#13798);
#13796=CARTESIAN_POINT('',(0.1,2.0,-2.814));
#13797=DIRECTION('',(0.0,0.0,-1.0));
#13798=DIRECTION('',(0.0,1.0,0.0));
#13799=ADVANCED_FACE('',(#13800),#13806,.T.);
#13800=FACE_BOUND('',#13801,.T.);
#13801=EDGE_LOOP('',(#13802,#13803,#13804,#13805));
#13802=ORIENTED_EDGE('',*,*,#10291,.F.);
#13803=ORIENTED_EDGE('',*,*,#13774,.F.);
#13804=ORIENTED_EDGE('',*,*,#10792,.F.);
#13805=ORIENTED_EDGE('',*,*,#10226,.F.);
#13806=PLANE('',#13807);
#13807=AXIS2_PLACEMENT_3D('',#13808,#13809,#13810);
#13808=CARTESIAN_POINT('',(0.0,1.025,-2.45));
#13809=DIRECTION('',(1.0,0.0,0.0));
#13810=DIRECTION('',(0.0,1.0,0.0));
#13811=ADVANCED_FACE('',(#13812),#13820,.F.);
#13812=FACE_BOUND('',#13813,.T.);
#13813=EDGE_LOOP('',(#13814,#13815,#13816,#13817,#13818,#13819));
#13814=ORIENTED_EDGE('',*,*,#166,.F.);
#13815=ORIENTED_EDGE('',*,*,#552,.F.);
#13816=ORIENTED_EDGE('',*,*,#120,.F.);
#13817=ORIENTED_EDGE('',*,*,#9963,.F.);
#13818=ORIENTED_EDGE('',*,*,#10774,.F.);
#13819=ORIENTED_EDGE('',*,*,#10382,.F.);
#13820=CYLINDRICAL_SURFACE('',#13821,0.15);
#13821=AXIS2_PLACEMENT_3D('',#13822,#13823,#13824);
#13822=CARTESIAN_POINT('',(0.6,1.992631314,-1.95));
#13823=DIRECTION('',(0.0,-1.0,0.0));
#13824=DIRECTION('',(1.0,0.0,0.0));
#13825=ADVANCED_FACE('',(#13826),#13842,.T.);
#13826=FACE_BOUND('',#13827,.T.);
#13827=EDGE_LOOP('',(#13828,#13834,#13835,#13841));
#13828=ORIENTED_EDGE('',*,*,#13829,.T.);
#13829=EDGE_CURVE('',#500,#9335,#13830,.F.);
#13830=LINE('',#13831,#13832);
#13831=CARTESIAN_POINT('',(0.5,1.4,-1.45));
#13832=VECTOR('',#13833,1.0);
#13833=DIRECTION('',(1.0,0.0,0.0));
#13834=ORIENTED_EDGE('',*,*,#9334,.F.);
#13835=ORIENTED_EDGE('',*,*,#13836,.T.);
#13836=EDGE_CURVE('',#9243,#502,#13837,.F.);
#13837=LINE('',#13838,#13839);
#13838=CARTESIAN_POINT('',(0.6,1.4,-1.4));
#13839=VECTOR('',#13840,1.0);
#13840=DIRECTION('',(-1.0,0.0,0.0));
#13841=ORIENTED_EDGE('',*,*,#499,.F.);
#13842=PLANE('',#13843);
#13843=AXIS2_PLACEMENT_3D('',#13844,#13845,#13846);
#13844=CARTESIAN_POINT('',(0.55,1.4,-0.95));
#13845=DIRECTION('',(0.0,1.0,0.0));
#13846=DIRECTION('',(1.0,0.0,0.0));
#13847=ADVANCED_FACE('',(#13848),#13860,.F.);
#13848=FACE_BOUND('',#13849,.T.);
#13849=EDGE_LOOP('',(#13850,#13851,#13857,#13858,#13859));
#13850=ORIENTED_EDGE('',*,*,#9242,.F.);
#13851=ORIENTED_EDGE('',*,*,#13852,.T.);
#13852=EDGE_CURVE('',#9235,#464,#13853,.T.);
#13853=LINE('',#13854,#13855);
#13854=CARTESIAN_POINT('',(0.45,1.4,-1.4));
#13855=VECTOR('',#13856,1.0);
#13856=DIRECTION('',(0.0,1.0,0.0));
#13857=ORIENTED_EDGE('',*,*,#461,.F.);
#13858=ORIENTED_EDGE('',*,*,#509,.F.);
#13859=ORIENTED_EDGE('',*,*,#13836,.F.);
#13860=PLANE('',#13861);
#13861=AXIS2_PLACEMENT_3D('',#13862,#13863,#13864);
#13862=CARTESIAN_POINT('',(0.525,1.7,-1.4));
#13863=DIRECTION('',(0.0,0.0,1.0));
#13864=DIRECTION('',(1.0,0.0,0.0));
#13865=ADVANCED_FACE('',(#13866),#13877,.F.);
#13866=FACE_BOUND('',#13867,.T.);
#13867=EDGE_LOOP('',(#13868,#13869,#13870,#13876));
#13868=ORIENTED_EDGE('',*,*,#13852,.F.);
#13869=ORIENTED_EDGE('',*,*,#9234,.F.);
#13870=ORIENTED_EDGE('',*,*,#13871,.T.);
#13871=EDGE_CURVE('',#9227,#472,#13872,.F.);
#13872=LINE('',#13873,#13874);
#13873=CARTESIAN_POINT('',(0.45,1.6,-0.5));
#13874=VECTOR('',#13875,1.0);
#13875=DIRECTION('',(0.0,-1.0,0.0));
#13876=ORIENTED_EDGE('',*,*,#471,.F.);
#13877=PLANE('',#13878);
#13878=AXIS2_PLACEMENT_3D('',#13879,#13880,#13881);
#13879=CARTESIAN_POINT('',(0.45,1.5,-0.95));
#13880=DIRECTION('',(1.0,0.0,0.0));
#13881=DIRECTION('',(0.0,1.0,0.0));
#13882=ADVANCED_FACE('',(#13883),#13895,.T.);
#13883=FACE_BOUND('',#13884,.T.);
#13884=EDGE_LOOP('',(#13885,#13886,#13887,#13888,#13889));
#13885=ORIENTED_EDGE('',*,*,#439,.F.);
#13886=ORIENTED_EDGE('',*,*,#479,.F.);
#13887=ORIENTED_EDGE('',*,*,#13871,.F.);
#13888=ORIENTED_EDGE('',*,*,#9224,.F.);
#13889=ORIENTED_EDGE('',*,*,#13890,.T.);
#13890=EDGE_CURVE('',#9225,#440,#13891,.F.);
#13891=LINE('',#13892,#13893);
#13892=CARTESIAN_POINT('',(0.6,1.4,-0.5));
#13893=VECTOR('',#13894,1.0);
#13894=DIRECTION('',(-1.0,0.0,0.0));
#13895=PLANE('',#13896);
#13896=AXIS2_PLACEMENT_3D('',#13897,#13898,#13899);
#13897=CARTESIAN_POINT('',(0.525,1.7,-0.5));
#13898=DIRECTION('',(0.0,0.0,1.0));
#13899=DIRECTION('',(1.0,0.0,0.0));
#13900=ADVANCED_FACE('',(#13901),#13907,.T.);
#13901=FACE_BOUND('',#13902,.T.);
#13902=EDGE_LOOP('',(#13903,#13904,#13905,#13906));
#13903=ORIENTED_EDGE('',*,*,#13890,.F.);
#13904=ORIENTED_EDGE('',*,*,#9356,.F.);
#13905=ORIENTED_EDGE('',*,*,#9307,.F.);
#13906=ORIENTED_EDGE('',*,*,#447,.F.);
#13907=PLANE('',#13908);
#13908=AXIS2_PLACEMENT_3D('',#13909,#13910,#13911);
#13909=CARTESIAN_POINT('',(0.55,1.4,-0.95));
#13910=DIRECTION('',(0.0,1.0,0.0));
#13911=DIRECTION('',(1.0,0.0,0.0));
#13912=ADVANCED_FACE('',(#13913),#13922,.T.);
#13913=FACE_BOUND('',#13914,.T.);
#13914=EDGE_LOOP('',(#13915,#13916,#13917,#13918,#13919,#13920,#13921));
#13915=ORIENTED_EDGE('',*,*,#147,.F.);
#13916=ORIENTED_EDGE('',*,*,#204,.F.);
#13917=ORIENTED_EDGE('',*,*,#9292,.F.);
#13918=ORIENTED_EDGE('',*,*,#88,.F.);
#13919=ORIENTED_EDGE('',*,*,#9342,.F.);
#13920=ORIENTED_EDGE('',*,*,#13829,.F.);
#13921=ORIENTED_EDGE('',*,*,#521,.F.);
#13922=PLANE('',#13923);
#13923=AXIS2_PLACEMENT_3D('',#13924,#13925,#13926);
#13924=CARTESIAN_POINT('',(0.6,1.766143783,-1.45));
#13925=DIRECTION('',(0.0,0.0,1.0));
#13926=DIRECTION('',(1.0,0.0,0.0));
#13927=ADVANCED_FACE('',(#13928),#13947,.T.);
#13928=FACE_BOUND('',#13929,.T.);
#13929=EDGE_LOOP('',(#13930,#13938,#13939,#13940));
#13930=ORIENTED_EDGE('',*,*,#13931,.T.);
#13931=EDGE_CURVE('',#13932,#11744,#13934,.F.);
#13932=VERTEX_POINT('',#13933);
#13933=CARTESIAN_POINT('',(1.45,1.65,-1.001352153E-11));
#13934=LINE('',#13935,#13936);
#13935=CARTESIAN_POINT('',(1.45,1.65,-0.1));
#13936=VECTOR('',#13937,1.0);
#13937=DIRECTION('',(0.0,0.0,1.0));
#13938=ORIENTED_EDGE('',*,*,#11743,.F.);
#13939=ORIENTED_EDGE('',*,*,#9686,.F.);
#13940=ORIENTED_EDGE('',*,*,#13941,.T.);
#13941=EDGE_CURVE('',#9687,#13932,#13942,.T.);
#13942=CIRCLE('',#13943,0.15);
#13943=AXIS2_PLACEMENT_3D('',#13944,#13945,#13946);
#13944=CARTESIAN_POINT('',(1.6,1.65,-1.001329492E-11));
#13945=DIRECTION('',(0.0,0.0,-1.0));
#13946=DIRECTION('',(0.0,-1.0,0.0));
#13947=CYLINDRICAL_SURFACE('',#13948,0.15);
#13948=AXIS2_PLACEMENT_3D('',#13949,#13950,#13951);
#13949=CARTESIAN_POINT('',(1.6,1.65,-0.107368686));
#13950=DIRECTION('',(0.0,0.0,-1.0));
#13951=DIRECTION('',(-1.0,0.0,0.0));
#13952=ADVANCED_FACE('',(#13953),#13971,.T.);
#13953=FACE_BOUND('',#13954,.T.);
#13954=EDGE_LOOP('',(#13955,#13961,#13962,#13963,#13964,#13970));
#13955=ORIENTED_EDGE('',*,*,#13956,.T.);
#13956=EDGE_CURVE('',#1546,#13932,#13957,.F.);
#13957=LINE('',#13958,#13959);
#13958=CARTESIAN_POINT('',(1.45,1.65,-1.001363261E-11));
#13959=VECTOR('',#13960,1.0);
#13960=DIRECTION('',(0.0,1.0,0.0));
#13961=ORIENTED_EDGE('',*,*,#13941,.F.);
#13962=ORIENTED_EDGE('',*,*,#9712,.F.);
#13963=ORIENTED_EDGE('',*,*,#11710,.F.);
#13964=ORIENTED_EDGE('',*,*,#13965,.T.);
#13965=EDGE_CURVE('',#11703,#1555,#13966,.F.);
#13966=LINE('',#13967,#13968);
#13967=CARTESIAN_POINT('',(3.15,2.0,0.0));
#13968=VECTOR('',#13969,1.0);
#13969=DIRECTION('',(0.0,-1.0,0.0));
#13970=ORIENTED_EDGE('',*,*,#1554,.F.);
#13971=PLANE('',#13972);
#13972=AXIS2_PLACEMENT_3D('',#13973,#13974,#13975);
#13973=CARTESIAN_POINT('',(2.3,1.75,-1.376676551E-14));
#13974=DIRECTION('',(0.0,0.0,1.0));
#13975=DIRECTION('',(1.0,0.0,0.0));
#13976=ADVANCED_FACE('',(#13977),#13995,.F.);
#13977=FACE_BOUND('',#13978,.T.);
#13978=EDGE_LOOP('',(#13979,#13986,#13987,#13994));
#13979=ORIENTED_EDGE('',*,*,#13980,.T.);
#13980=EDGE_CURVE('',#5955,#11734,#13981,.T.);
#13981=CIRCLE('',#13982,0.1);
#13982=AXIS2_PLACEMENT_3D('',#13983,#13984,#13985);
#13983=CARTESIAN_POINT('',(3.15,2.0,-0.2));
#13984=DIRECTION('',(1.0,0.0,0.0));
#13985=DIRECTION('',(0.0,1.0,0.0));
#13986=ORIENTED_EDGE('',*,*,#11760,.F.);
#13987=ORIENTED_EDGE('',*,*,#13988,.T.);
#13988=EDGE_CURVE('',#11753,#5963,#13989,.T.);
#13989=CIRCLE('',#13990,0.1);
#13990=AXIS2_PLACEMENT_3D('',#13991,#13992,#13993);
#13991=CARTESIAN_POINT('',(1.45,2.0,-0.2));
#13992=DIRECTION('',(-1.0,0.0,0.0));
#13993=DIRECTION('',(0.0,0.0,1.0));
#13994=ORIENTED_EDGE('',*,*,#5962,.F.);
#13995=CYLINDRICAL_SURFACE('',#13996,0.1);
#13996=AXIS2_PLACEMENT_3D('',#13997,#13998,#13999);
#13997=CARTESIAN_POINT('',(1.416,2.0,-0.2));
#13998=DIRECTION('',(-1.0,0.0,0.0));
#13999=DIRECTION('',(0.0,1.0,0.0));
#14000=ADVANCED_FACE('',(#14001),#14010,.F.);
#14001=FACE_BOUND('',#14002,.T.);
#14002=EDGE_LOOP('',(#14003,#14004,#14005,#14006,#14007,#14008,#14009));
#14003=ORIENTED_EDGE('',*,*,#7696,.F.);
#14004=ORIENTED_EDGE('',*,*,#5970,.F.);
#14005=ORIENTED_EDGE('',*,*,#13988,.F.);
#14006=ORIENTED_EDGE('',*,*,#11752,.F.);
#14007=ORIENTED_EDGE('',*,*,#13931,.F.);
#14008=ORIENTED_EDGE('',*,*,#13956,.F.);
#14009=ORIENTED_EDGE('',*,*,#1545,.F.);
#14010=PLANE('',#14011);
#14011=AXIS2_PLACEMENT_3D('',#14012,#14013,#14014);
#14012=CARTESIAN_POINT('',(1.45,1.891143783,-0.1));
#14013=DIRECTION('',(1.0,0.0,0.0));
#14014=DIRECTION('',(0.0,1.0,0.0));
#14015=ADVANCED_FACE('',(#14016),#14025,.T.);
#14016=FACE_BOUND('',#14017,.T.);
#14017=EDGE_LOOP('',(#14018,#14019,#14020,#14021,#14022,#14023,#14024));
#14018=ORIENTED_EDGE('',*,*,#13965,.F.);
#14019=ORIENTED_EDGE('',*,*,#11700,.F.);
#14020=ORIENTED_EDGE('',*,*,#11733,.F.);
#14021=ORIENTED_EDGE('',*,*,#13980,.F.);
#14022=ORIENTED_EDGE('',*,*,#5954,.F.);
#14023=ORIENTED_EDGE('',*,*,#7729,.F.);
#14024=ORIENTED_EDGE('',*,*,#1562,.F.);
#14025=PLANE('',#14026);
#14026=AXIS2_PLACEMENT_3D('',#14027,#14028,#14029);
#14027=CARTESIAN_POINT('',(3.15,1.891143783,-0.1));
#14028=DIRECTION('',(1.0,0.0,0.0));
#14029=DIRECTION('',(0.0,1.0,0.0));
#14030=AXIS2_PLACEMENT_3D('',#14031,#14032,#14033);
#14031=CARTESIAN_POINT('',(0.0,0.0,0.0));
#14032=DIRECTION('',(0.0,0.0,1.0));
#14033=DIRECTION('',(1.0,0.0,0.0));
#14034=(GEOMETRIC_REPRESENTATION_CONTEXT(3)GLOBAL_UNCERTAINTY_ASSIGNED_CONTEXT((#14038))GLOBAL_UNIT_ASSIGNED_CONTEXT((#14035,#14036,#14037))REPRESENTATION_CONTEXT('',''));
#14035=(LENGTH_UNIT()NAMED_UNIT(*)SI_UNIT(.MILLI.,.METRE.));
#14036=(NAMED_UNIT(*)PLANE_ANGLE_UNIT()SI_UNIT($,.RADIAN.));
#14037=(NAMED_UNIT(*)SI_UNIT($,.STERADIAN.)SOLID_ANGLE_UNIT());
#14038=UNCERTAINTY_MEASURE_WITH_UNIT(LENGTH_MEASURE(0.001218692),#14035,'','maximum tolerance');
#14039=ADVANCED_BREP_SHAPE_REPRESENTATION('',(#9,#14030),#14034);
#14040=SHAPE_DEFINITION_REPRESENTATION(#8,#14039);
#14041=PRODUCT_RELATED_PRODUCT_CATEGORY('part',$,(#4));
ENDSEC;
END-ISO-10303-21;
